{"mjd": [57164.4279694], "magerr": [0.013799999840557575], "observatory": ["Euler Geneva Group"], "mag": [17.65850067138672], "filter": ["r"], "catalog": ["APASS"], "caliberr": [0.03586360067129135]}