{"mjd": [6214.847928, 6214.798128], "magerr": [0.010900000110268593, 0.0210999995470047], "alert_name": null, "observatory": ["admin", "admin"], "caliberr": [0.03623560070991516, 0.03680799901485443], "mag": [17.70709991455078, 17.944799423217773], "catalog": ["APASS", "APASS"], "filter": ["V", "i"]}