{"mjd": [57149.2185777, 57149.2212778, 57149.2255911, 57149.2301537, 57149.2185777, 57149.2212778, 57149.2255911, 57149.2301537, 57149.2185777, 57149.2212778, 57149.2255911, 57149.2301537], "magerr": [-1.0, -1.0, -1.0, -1.0, -1.0, -1.0, -1.0, -1.0, -1.0, 0.07609999924898148, -1.0, -1.0], "observatory": ["Anna Hourihane", "Anna Hourihane", "Anna Hourihane", "Anna Hourihane", "Anna Hourihane", "Anna Hourihane", "Anna Hourihane", "Anna Hourihane", "Anna Hourihane", "Anna Hourihane", "Anna Hourihane", "Anna Hourihane"], "mag": [19.5935001373291, 22.177000045776367, 21.13050079345703, 23.746400833129883, 19.280000686645508, 20.86949920654297, 20.885700225830078, 20.537900924682617, 20.501800537109375, 20.0939998626709, 23.95829963684082, 22.94569969177246], "filter": ["u", "u", "u", "u", "g", "g", "g", "g", "r", "r", "r", "r"], "catalog": ["SDSS", "SDSS", "SDSS", "SDSS", "SDSS", "SDSS", "SDSS", "SDSS", "SDSS", "SDSS", "SDSS", "SDSS"], "caliberr": [0.08216580003499985, 0.09551259875297546, 0.08234480023384094, 0.08511339873075485, 0.08076989650726318, 0.07386939972639084, 0.05463410168886185, 0.06964539736509323, 0.06769440323114395, 0.07920440286397934, 0.06595280021429062, 0.07004690170288086]}