{"mjd": [56166.375185], "magerr": [0.07840000092983246], "alert_name": null, "observatory": ["Montarrenti Observat"], "caliberr": [0.2792870104312897], "mag": [17.41699981689453], "catalog": ["USNO"], "filter": ["R1pg"]}