{"mjd": [57452.8428835], "magerr": [0.18369999527931213], "alert_name": null, "observatory": ["K.Wiersema-Leicester"], "caliberr": [0.10097499936819077], "mag": [18.184799194335938], "catalog": ["APASS"], "filter": ["V"]}