{"mjd": [57099.768514, 57099.803748, 57099.78047, 57099.815925, 57099.827224, 57147.9306876, 57147.9255014, 57147.9255014, 57147.9306876], "magerr": [0.15710000693798065, 0.054499998688697815, 0.06440000236034393, 0.033900000154972076, 0.052000001072883606, -1.0, -1.0, -1.0, -1.0], "observatory": ["GiuseppeAltavillaLoi", "GiuseppeAltavillaLoi", "GiuseppeAltavillaLoi", "GiuseppeAltavillaLoi", "GiuseppeAltavillaLoi", "Anna Hourihane", "Anna Hourihane", "Anna Hourihane", "Anna Hourihane"], "mag": [19.385499954223633, 19.903400421142578, 18.597999572753906, 18.80900001525879, 18.287099838256836, 22.227500915527344, 19.842599868774414, 24.93790054321289, 26.552400588989258], "filter": ["g", "g", "r", "r", "i", "B", "g", "i", "i"], "catalog": ["SDSS", "SDSS", "SDSS", "SDSS", "SDSS", "APASS", "APASS", "APASS", "APASS"], "caliberr": [0.17632299661636353, 0.19588300585746765, 0.16127100586891174, 0.13850699365139008, 0.3470180034637451, 0.009999999776482582, 0.009999999776482582, 0.009999999776482582, 0.009999999776482582]}