{"mjd": [57106.1285120486, 57121.9485580671, 57127.9459341204, 57106.1165616782, 57121.9593187732, 57127.9243362153, 57121.9701350116, 57127.9351271296, 57148.025754, 57148.0280225, 57148.0320233, 57148.0320233, 57148.0280225, 57148.0320233, 57148.025754, 57148.0280225, 57148.025754], "magerr": [0.021299999207258224, 0.022700000554323196, -1.0, 0.011300000362098217, -1.0, -1.0, 0.026599999517202377, -1.0, -1.0, -1.0, -1.0, 0.03220000118017197, 0.010700000450015068, 0.006000000052154064, 0.026799999177455902, 0.016100000590085983, 0.01640000008046627], "alert_name": null, "observatory": ["Werner Zeilinger, 1.", "Werner Zeilinger, 1.", "Werner Zeilinger, 1.", "Werner Zeilinger, 1.", "Werner Zeilinger, 1.", "Werner Zeilinger, 1.", "Werner Zeilinger, 1.", "Werner Zeilinger, 1.", "Anna Hourihane", "Anna Hourihane", "Anna Hourihane", "Anna Hourihane", "Anna Hourihane", "Anna Hourihane", "Anna Hourihane", "Anna Hourihane", "Anna Hourihane"], "caliberr": [0.10588400065898895, 0.08538009971380234, 0.210985004901886, 0.11522799730300903, 0.19117599725723267, 0.14139600098133087, 0.06109189987182617, 0.10121700167655945, 0.08398500084877014, 0.0635903999209404, 0.07153619825839996, 0.043309200555086136, 0.07917570322751999, 0.06209079921245575, 0.01000010035932064, 0.020427299663424492, 0.009999999776482582], "mag": [16.160900115966797, 17.96649932861328, 22.960399627685547, 16.19029998779297, 22.697500228881836, 22.896499633789062, 18.781200408935547, 22.62019920349121, 18.9414005279541, 19.83839988708496, 20.939300537109375, 19.01729965209961, 16.215499877929688, 16.148700714111328, 17.036100387573242, 16.693599700927734, 15.868900299072266], "catalog": ["SDSS", "SDSS", "SDSS", "SDSS", "SDSS", "SDSS", "SDSS", "SDSS", "SDSS", "SDSS", "SDSS", "SDSS", "SDSS", "SDSS", "APASS", "APASS", "APASS"], "filter": ["g", "g", "g", "r", "r", "r", "i", "i", "u", "u", "u", "g", "r", "r", "g", "g", "r"]}