{"mjd": [57438.706882, 57438.711343, 57438.715941], "magerr": [0.03009999915957451, 0.027300000190734863, 0.038100000470876694], "alert_name": null, "observatory": ["T100,Hasan Esenoglu", "T100,Hasan Esenoglu", "T100,Hasan Esenoglu"], "caliberr": [0.07402300089597702, 0.07735030353069305, 0.09951470047235489], "mag": [17.874500274658203, 17.83370018005371, 18.016599655151367], "catalog": ["APASS", "APASS", "APASS"], "filter": ["g", "r", "i"]}