{"mjd": [57085.8767879, 57085.8767879, 57093.365, 57095.368, 57097.366, 57085.8767879, 57093.361, 57095.364, 57097.362, 57091.364, 57093.369, 57095.372, 57097.37], "magerr": [-1.0, 0.03229999914765358, 0.008299999870359898, 0.008700000122189522, 0.008200000040233135, 0.01489999983459711, 0.008200000040233135, 0.008100000210106373, 0.007600000128149986, 0.01979999989271164, 0.009999999776482582, 0.009499999694526196, 0.009200000204145908], "observatory": ["Heather Campbell", "Heather Campbell", "Heather Campbell", "Heather Campbell", "Heather Campbell", "Heather Campbell", "Heather Campbell", "Heather Campbell", "Heather Campbell", "Heather Campbell", "Heather Campbell", "Heather Campbell", "Heather Campbell"], "mag": [24.252399444580078, 18.451000213623047, 18.280000686645508, 18.2987003326416, 18.317800521850586, 17.937599182128906, 17.718599319458008, 17.680200576782227, 17.726299285888672, 17.66080093383789, 17.774900436401367, 17.768800735473633, 17.766399383544922], "filter": ["B1pg", "g", "g", "g", "g", "r", "r", "r", "r", "i", "i", "i", "i"], "catalog": ["USNO", "APASS", "APASS", "APASS", "APASS", "APASS", "APASS", "APASS", "APASS", "APASS", "APASS", "APASS", "APASS"], "caliberr": [0.2714569866657257, 0.02051449939608574, 0.04138129949569702, 0.025922700762748718, 0.04546219855546951, 0.023836100473999977, 0.10455399751663208, 0.04033200070261955, 0.10384199768304825, 0.03156660124659538, 0.12579399347305298, 0.0919966995716095, 0.12989899516105652]}