{"mjd": [57101.9924262, 57102.9800517, 57103.9924874], "magerr": [0.007899999618530273, 0.0364999994635582, 0.007300000172108412], "observatory": ["Euler Geneva Group", "Euler Geneva Group", "Euler Geneva Group"], "mag": [18.061500549316406, 17.584800720214844, 17.84589958190918], "filter": ["r", "r", "r"], "catalog": ["APASS", "APASS", "APASS"], "caliberr": [0.03870930150151253, 0.053279899060726166, 0.08092629909515381]}