{"mjd": [57038.0491392, 57038.0494882, 57038.0494882, 57038.0487902, 57038.0610483, 57038.0491392, 57038.0487902, 57038.0498372, 57038.0659219, 57038.0923787, 57038.0756691, 57038.0487902, 57038.0554785, 57038.0645294, 57038.0498372, 57038.1000373, 57038.0979486, 57038.0875051, 57038.0666181, 57038.0707955, 57038.0763654, 57038.0645294, 57038.0777578, 57038.0826315, 57038.0833277, 57038.0979486, 57038.0666181, 57038.0986448, 57038.0700993, 57038.0596558, 57038.0700993, 57038.072188, 57038.0770616, 57038.0770616, 57038.0930749, 57038.0554785, 57038.0930749, 57038.0833277, 57038.0714917, 57038.0923787, 57038.0944674, 57038.0888976, 57038.099341, 57038.0652257, 57038.0882013, 57038.0589596, 57038.072188, 57012.087313, 57038.0610483, 57012.135144, 57038.1000373, 57038.0491392, 57038.0833277, 57038.0819352, 57038.0533898, 57038.0882013, 57038.0554785, 57038.072188, 57038.0487902, 57038.0868089, 57038.0777578, 57038.0589596, 57038.081239, 57038.0491392, 57038.0610483, 57038.099341, 57038.0714917, 57038.0819352, 57038.0533898, 57038.0707955, 57038.0756691, 57038.054086, 57038.081239, 57038.054086, 57038.0547823, 57038.0937712, 57038.0547823, 57038.0652257, 57038.0944674, 57038.0596558, 57038.060352, 57038.0944674, 57038.060352, 57038.0986448, 57038.0494882, 57038.0659219, 57038.0763654, 57038.0494882, 57038.0875051, 57038.1000373, 57038.0666181, 57038.0888976, 57038.0937712, 57038.0868089, 57038.0888976, 57038.0777578, 57038.0826315, 57038.0491392, 57038.0494882, 57038.0498372, 57038.0533898, 57038.0547823, 57038.0494882, 57038.054086, 57038.0554785, 57038.0589596, 57038.0596558, 57038.060352, 57038.0610483, 57038.0645294, 57038.0652257, 57038.0659219, 57038.0666181, 57038.0700993, 57038.0714917, 57038.072188, 57038.0756691, 57038.0763654, 57038.0770616, 57038.0875051, 57038.0882013, 57038.0888976, 57038.0923787, 57038.0930749, 57038.0937712, 57038.0819352, 57038.0979486, 57038.0826315, 57038.0986448, 57038.099341, 57038.1000373, 57038.0777578], "magerr": [0.01940000057220459, 0.012600000016391277, 0.01899999938905239, 0.013500000350177288, 0.011500000022351742, 0.0142000000923872, 0.01850000023841858, 0.01899999938905239, 0.007699999958276749, 0.010700000450015068, 0.012500000186264515, 0.013500000350177288, 0.008100000210106373, 0.011599999852478504, 0.013500000350177288, 0.022199999541044235, 0.007799999788403511, 0.007400000002235174, 0.02329999953508377, 0.013399999588727951, 0.011500000022351742, 0.007499999832361937, 0.02199999988079071, 0.01119999960064888, 0.01209999993443489, 0.011500000022351742, 0.01209999993443489, 0.007899999618530273, 0.011800000444054604, 0.013000000268220901, 0.00800000037997961, 0.024700000882148743, 0.007600000128149986, 0.01140000019222498, 0.007600000128149986, 0.024299999698996544, 0.011099999770522118, 0.0203000009059906, 0.007600000128149986, 0.007199999876320362, 0.006899999920278788, 0.011500000022351742, 0.012199999764561653, 0.011300000362098217, 0.011599999852478504, 0.012400000356137753, 0.012500000186264515, 0.00800000037997961, 0.021800000220537186, 0.008100000210106373, 0.010999999940395355, 0.0142000000923872, 0.008299999870359898, 0.007400000002235174, 0.012900000438094139, 0.007499999832361937, 0.013000000268220901, 0.008100000210106373, 0.01850000023841858, 0.013899999670684338, 0.00839999970048666, 0.007799999788403511, 0.010700000450015068, 0.01940000057220459, 0.007799999788403511, 0.007600000128149986, 0.012000000104308128, 0.01119999960064888, 0.008899999782443047, 0.008999999612569809, 0.00860000029206276, 0.00860000029206276, 0.006899999920278788, 0.013000000268220901, 0.008299999870359898, 0.007699999958276749, 0.012199999764561653, 0.0071000000461936, 0.021199999377131462, 0.008500000461935997, 0.00800000037997961, 0.011099999770522118, 0.012400000356137753, 0.011099999770522118, 0.01899999938905239, 0.011800000444054604, 0.007499999832361937, 0.012600000016391277, 0.011900000274181366, 0.007799999788403511, 0.008299999870359898, 0.02239999920129776, 0.011500000022351742, 0.00860000029206276, 0.007699999958276749, 0.011599999852478504, 0.007199999876320362, 0.0142000000923872, 0.019099999219179153, 0.013100000098347664, 0.012900000438094139, 0.01209999993443489, 0.012299999594688416, 0.013000000268220901, 0.013000000268220901, 0.012400000356137753, 0.013000000268220901, 0.012299999594688416, 0.01140000019222498, 0.011300000362098217, 0.011099999770522118, 0.01140000019222498, 0.01209999993443489, 0.011699999682605267, 0.011800000444054604, 0.012600000016391277, 0.012400000356137753, 0.01140000019222498, 0.011300000362098217, 0.011900000274181366, 0.011500000022351742, 0.01140000019222498, 0.01080000028014183, 0.01119999960064888, 0.011500000022351742, 0.011099999770522118, 0.011500000022351742, 0.01119999960064888, 0.01119999960064888, 0.01209999993443489, 0.01080000028014183, 0.011599999852478504], "observatory": ["Mercator, Lovro Pala", "Mercator, Lovro Pala", "Mercator, Lovro Pala", "Mercator, Lovro Pala", "Heather Campbell", "Mercator, Lovro Pala", "Mercator, Lovro Pala", "Heather Campbell", "Heather Campbell", "Heather Campbell", "Heather Campbell", "Heather Campbell", "Heather Campbell", "Heather Campbell", "Heather Campbell", "Heather Campbell", "Heather Campbell", "Heather Campbell", "Heather Campbell", "Heather Campbell", "Heather Campbell", "Heather Campbell", "Heather Campbell", "Heather Campbell", "Heather Campbell", "Heather Campbell", "Heather Campbell", "Heather Campbell", "Heather Campbell", "Heather Campbell", "Heather Campbell", "Heather Campbell", "Heather Campbell", "Heather Campbell", "Heather Campbell", "Heather Campbell", "Heather Campbell", "Heather Campbell", "Heather Campbell", "Heather Campbell", "Heather Campbell", "Heather Campbell", "Heather Campbell", "Heather Campbell", "Heather Campbell", "Heather Campbell", "Heather Campbell", "Loiano,M.Pawlak", "Heather Campbell", "Loiano,M.Pawlak", "Heather Campbell", "Heather Campbell", "Heather Campbell", "Heather Campbell", "Heather Campbell", "Heather Campbell", "Heather Campbell", "Heather Campbell", "Heather Campbell", "Heather Campbell", "Heather Campbell", "Heather Campbell", "Heather Campbell", "Heather Campbell", "Heather Campbell", "Heather Campbell", "Heather Campbell", "Heather Campbell", "Heather Campbell", "Heather Campbell", "Heather Campbell", "Heather Campbell", "Heather Campbell", "Heather Campbell", "Heather Campbell", "Heather Campbell", "Heather Campbell", "Heather Campbell", "Heather Campbell", "Heather Campbell", "Heather Campbell", "Heather Campbell", "Heather Campbell", "Heather Campbell", "Heather Campbell", "Heather Campbell", "Heather Campbell", "Heather Campbell", "Heather Campbell", "Heather Campbell", "Heather Campbell", "Heather Campbell", "Heather Campbell", "Heather Campbell", "Heather Campbell", "Heather Campbell", "Heather Campbell", "Heather Campbell", "Heather Campbell", "Heather Campbell", "Heather Campbell", "Heather Campbell", "Heather Campbell", "Heather Campbell", "Heather Campbell", "Heather Campbell", "Heather Campbell", "Heather Campbell", "Heather Campbell", "Heather Campbell", "Heather Campbell", "Heather Campbell", "Heather Campbell", "Heather Campbell", "Heather Campbell", "Heather Campbell", "Heather Campbell", "Heather Campbell", "Heather Campbell", "Heather Campbell", "Heather Campbell", "Heather Campbell", "Heather Campbell", "Heather Campbell", "Heather Campbell", "Heather Campbell", "Heather Campbell", "Heather Campbell", "Heather Campbell", "Heather Campbell", "Heather Campbell", "Heather Campbell"],