{"mjd": [55669.3172, 55669.31338, 55669.32517, 55669.33073], "magerr": [0.045499999076128006, 0.042899999767541885, 0.04639999940991402, 0.0414000004529953], "observatory": ["Alex Ball-SMARTS1.3", "Alex Ball-SMARTS1.3", "Alex Ball-SMARTS1.3", "Alex Ball-SMARTS1.3"], "mag": [19.084999084472656, 18.22480010986328, 17.797700881958008, 18.23040008544922], "filter": ["B", "r", "r", "r"], "catalog": ["APASS", "APASS", "APASS", "APASS"], "caliberr": [0.012891000136733055, 0.009999999776482582, 0.009999999776482582, 0.009999999776482582]}