{"mjd": [56917.1634196, 56917.1521459, 56918.1820143, 56918.1820143, 56918.1820143, 56917.1544005, 56917.1544005, 56917.1471312, 56921.127505, 56921.13705, 56928.021512, 56921.132401, 56928.019294, 56928.023307, 56917.1471312, 56918.1729951, 56918.1729951, 56917.1679285, 56917.1679285, 56917.1521459, 56918.1752499, 56918.1752499, 56917.1471312, 56917.1724381, 56918.1527044, 56918.1527044, 56918.1527044, 56917.1814567, 56918.2587013, 56918.2587013, 56918.2587013, 56917.1701832, 56917.1701832, 56918.2609562, 56917.1814567, 56918.2609562, 56917.1589105, 56917.1589105, 56918.1842695, 56918.1842695, 56918.1842695, 56918.1617228, 56918.1617228, 56917.1656745, 56917.1656745, 56917.1250279, 56918.1662322, 56918.1662322, 56918.1662322, 56917.1250279, 56917.1566548, 56917.1273023, 56917.1273023, 56917.1566548, 56918.1639778, 56918.1594686, 56918.1594686, 56918.1594686, 56918.1639778, 56918.1617228, 56917.1769468, 56917.1769468, 56918.1684865, 56918.1639778, 56918.1684865, 56918.1684865, 56918.1549588, 56918.1549588, 56918.1549588, 56917.1724381, 56918.1572136, 56918.1572136, 56918.1572136, 56918.2609562, 56918.1707408, 56917.1498913, 56917.1498913, 56917.1634196, 56918.1797598, 56918.1797598, 56918.1775047, 56918.1707408, 56917.1792021, 56918.1707408, 56917.123468, 56917.123468, 56917.1792021, 56917.1746921, 56918.1797598, 56917.1746921, 56917.1746921, 56918.1775047, 56917.1611647, 56917.1611647, 56917.1310025, 56917.1310025], "magerr": [-1.0, -1.0, -1.0, -1.0, -1.0, -1.0, -1.0, -1.0, 0.01899999938905239, 0.014000000432133675, 0.028999999165534973, 0.01899999938905239, 0.023000000044703484, 0.023000000044703484, -1.0, -1.0, -1.0, -1.0, -1.0, -1.0, -1.0, -1.0, -1.0, -1.0, -1.0, -1.0, -1.0, -1.0, -1.0, -1.0, -1.0, -1.0, -1.0, -1.0, -1.0, -1.0, -1.0, -1.0, -1.0, -1.0, -1.0, -1.0, -1.0, -1.0, -1.0, -1.0, -1.0, -1.0, -1.0, -1.0, -1.0, -1.0, -1.0, -1.0, -1.0, -1.0, -1.0, -1.0, -1.0, -1.0, -1.0, -1.0, -1.0, -1.0, -1.0, -1.0, -1.0, -1.0, -1.0, -1.0, -1.0, -1.0, -1.0, -1.0, -1.0, -1.0, -1.0, -1.0, -1.0, -1.0, -1.0, -1.0, -1.0, -1.0, -1.0, -1.0, -1.0, -1.0, -1.0, -1.0, -1.0, -1.0, -1.0, -1.0, -1.0, -1.0], "observatory": ["Heather Campbell", "Heather Campbell", "Heather Campbell", "Heather Campbell", "Heather Campbell", "Heather Campbell", "Heather Campbell", "Heather Campbell", "Loiano,K.Ulaczyk", "Loiano,K.Ulaczyk", "Loiano,K.Ulaczyk", "Loiano,K.Ulaczyk", "Loiano,K.Ulaczyk", "Loiano,K.Ulaczyk", "Heather Campbell", "Heather Campbell", "Heather Campbell", "Heather Campbell", "Heather Campbell", "Heather Campbell", "Heather Campbell", "Heather Campbell", "Heather Campbell", "Heather Campbell", "Heather Campbell", "Heather Campbell", "Heather Campbell", "Heather Campbell", "Heather Campbell", "Heather Campbell", "Heather Campbell", "Heather Campbell", "Heather Campbell", "Heather Campbell", "Heather Campbell", "Heather Campbell", "Heather Campbell", "Heather Campbell", "Heather Campbell", "Heather Campbell", "Heather Campbell", "Heather Campbell", "Heather Campbell", "Heather Campbell", "Heather Campbell", "Heather Campbell", "Heather Campbell", "Heather Campbell", "Heather Campbell", "Heather Campbell", "Heather Campbell", "Heather Campbell", "Heather Campbell", "Heather Campbell", "Heather Campbell", "Heather Campbell", "Heather Campbell", "Heather Campbell", "Heather Campbell", "Heather Campbell", "Heather Campbell", "Heather Campbell", "Heather Campbell", "Heather Campbell", "Heather Campbell", "Heather Campbell", "Heather Campbell", "Heather Campbell", "Heather Campbell", "Heather Campbell", "Heather Campbell", "Heather Campbell", "Heather Campbell", "Heather Campbell", "Heather Campbell", "Heather Campbell", "Heather Campbell", "Heather Campbell", "Heather Campbell", "Heather Campbell", "Heather Campbell", "Heather Campbell", "Heather Campbell", "Heather Campbell", "Heather Campbell", "Heather Campbell", "Heather Campbell", "Heather Campbell", "Heather Campbell", "Heather Campbell", "Heather Campbell", "Heather Campbell", "Heather Campbell", "Heather Campbell", "Heather Campbell", "Heather Campbell"], "mag": [26.302400588989258, 23.05579948425293, 20.699899673461914, 24.631200790405273, 26.09510040283203, 22.94569969177246, 24.542299270629883, 22.71980094909668, 16.193599700927734, 15.956700325012207, 17.180700302124023, 16.239099502563477, 17.109600067138672, 17.139699935913086, 23.145599365234375, 23.098400115966797, 25.31329917907715, 21.729299545288086, 26.15719985961914, 20.61639976501465, 27.191299438476562, 22.961200714111328, 26.262800216674805, 23.566999435424805, 24.27050018310547, 23.92140007019043, 24.0093994140625, 24.915300369262695, 22.052000045776367, 25.885400772094727, 22.701000213623047, 24.986900329589844, 21.181699752807617, 21.086999893188477, 22.183900833129883, 21.637500762939453, 20.78260040283203, 25.176700592041016, 22.171300888061523, 27.731399536132812, 23.589799880981445, 23.316099166870117, 26.78219985961914, 32.344398498535156, 24.59749984741211, 22.841299057006836, 24.164899826049805, 20.51180076599121, 23.398000717163086, 24.706199645996094, 22.415599822998047, 23.000999450683594, 27.225099563598633, 25.372699737548828, 23.223499298095703, 20.931900024414062, 23.88089942932129, 26.190099716186523, 20.744400024414062, 24.88159942626953, 24.339599609375, 21.26140022277832, 22.9768009185791, 27.37689971923828, 25.82699966430664, 21.00589942932129, 23.583200454711914, 25.93670082092285, 21.849899291992188, 22.21940040588379, 24.25589942932129, 21.000099182128906, 24.77429962158203, 23.213600158691406, 24.429500579833984, 21.17609977722168, 24.323200225830078, 23.16360092163086, 21.706899642944336, 23.694900512695312, 20.961299896240234, 22.53219985961914, 26.730300903320312, 23.686800003051758, 22.252199172973633, 25.261899948120117, 20.932100296020508, 25.187999725341797, 23.29560089111328, 20.298099517822266, 23.020700454711914, 27.91119956970215, 20.646699905395508, 24.768600463867188, 25.64419937133789, 23.482099533081055], "filter": ["R1pg", "V", "B", "g", "V", "B", "R1pg", "B", "r", "g", "r", "i", "g", "i", "V", "B", "R1pg", "B", "R1pg", "B", "R1pg", "B", "R1pg", "R1pg", "R1pg", "g", "B", "i", "g", "r", "B", "R1pg", "B", "B", "B", "g", "B", "R1pg", "B", "V", "g", "g", "V", "R1pg", "B", "g", "R1pg", "B", "g", "r", "B", "g", "r", "R1pg", "g", "B", "g", "V", "B", "B", "R1pg", "B", "g", "V", "R1pg", "B", "g", "R1pg", "B", "B", "g", "B", "r", "r", "V", "B", "R1pg", "B", "B", "R1pg", "B", "B", "R1pg", "g", "g", "r", "B", "i", "g", "B", "V", "R1pg", "B", "R1pg", "r", "g"], "catalog": ["USNO", "APASS", "APASS", "APASS", "APASS", "APASS", "USNO", "APASS", "APASS", "APASS", "APASS", "APASS", "APASS", "APASS", "APASS", "APASS", "USNO", "APASS", "USNO", "APASS", "USNO", "APASS", "USNO", "USNO", "USNO", "APASS", "APASS", "APASS", "APASS", "APASS", "APASS", "USNO", "APASS", "APASS", "APASS", "APASS", "APASS", "USNO", "APASS", "APASS", "APASS", "APASS", "APASS", "USNO", "APASS", "APASS", "USNO", "APASS", "APASS", "APASS", "APASS", "APASS", "APASS", "USNO", "APASS", "APASS", "APASS", "APASS", "APASS", "APASS", "USNO", "APASS", "APASS", "APASS", "USNO", "APASS", "APASS", "USNO", "APASS", "APASS", "APASS", "APASS", "APASS", "APASS", "APASS", "APASS", "USNO", "APASS", "APASS", "USNO", "APASS", "APASS", "USNO", "APASS", "APASS", "APASS", "APASS", "APASS", "APASS", "APASS", "APASS", "USNO", "APASS", "USNO", "APASS", "APASS"],