{"mjd": [57073.1230555549, 57073.1353935152, 57141.544, 57141.54, 57141.538, 57073.1138310209, 57073.1199768484, 57073.11690972, 57141.535, 57137.529, 57137.525, 57137.523, 57073.1261689812, 57073.1292476803, 57073.1323148161, 57141.549, 57141.546, 57073.1385069489, 57073.147731483, 57073.144652769, 57073.1415740699, 57137.534, 57137.532, 57137.52, 57133.573, 57133.571, 57133.568, 57121.64, 57097.714, 57125.572, 57125.57, 57125.567, 57125.545, 57125.543, 57129.564, 57129.561, 57129.558, 57129.544, 57129.538, 57129.541, 57093.743, 57125.54, 57121.655, 57121.653, 57121.658, 57121.646, 57121.643, 57117.544, 57109.691, 57117.558, 57117.556, 57117.553, 57117.549, 57117.547, 57099.749, 57097.718, 57113.533, 57109.694, 57113.53, 57113.528, 57113.52, 57113.517, 57099.757, 57091.735, 57091.731, 57091.726, 57113.515, 57109.696, 57097.735, 57097.731, 57097.727, 57097.722, 57093.739, 57095.7, 57095.696, 57095.692, 57091.738, 57093.747, 57091.718, 57091.722, 57070.746, 57082.632, 57082.636, 57082.634, 57070.744, 57068.729, 57068.727, 57070.742, 57068.725, 57086.1239956, 57086.1239956, 57086.1239956, 57067.2903563, 57067.2880396, 57067.2903563, 57067.2809089, 57067.2809089, 57067.2880396, 57068.2666848, 57068.2666848, 57068.2632108, 57069.2936345, 57069.2936345, 57069.2936345], "magerr": [0.016100000590085983, 0.01769999973475933, -1.0, -1.0, -1.0, 0.03139999881386757, 0.011099999770522118, 0.013299999758601189, -1.0, -1.0, -1.0, -1.0, 0.03280000016093254, 0.013100000098347664, 0.010499999858438969, -1.0, -1.0, 0.031099999323487282, 0.020400000736117363, 0.010900000110268593, 0.018400000408291817, -1.0, -1.0, -1.0, -1.0, -1.0, -1.0, -1.0, -1.0, -1.0, -1.0, -1.0, -1.0, -1.0, -1.0, -1.0, -1.0, -1.0, -1.0, -1.0, -1.0, -1.0, -1.0, -1.0, -1.0, -1.0, -1.0, -1.0, -1.0, -1.0, -1.0, -1.0, -1.0, -1.0, -1.0, -1.0, -1.0, -1.0, -1.0, -1.0, -1.0, -1.0, -1.0, -1.0, 0.00430000014603138, -1.0, -1.0, -1.0, -1.0, -1.0, -1.0, -1.0, -1.0, 0.003599999938160181, -1.0, 0.00279999990016222, -1.0, -1.0, 0.00430000014603138, -1.0, -1.0, 0.009399999864399433, -1.0, -1.0, 0.004000000189989805, -1.0, 0.004800000227987766, -1.0, -1.0, 0.006800000090152025, -1.0, -1.0, 0.006000000052154064, -1.0, -1.0, -1.0, -1.0, 0.0035000001080334187, -1.0, -1.0, -1.0, 0.08250000327825546, -1.0, 0.007600000128149986], "observatory": ["Goran Damljanovic, A", "Goran Damljanovic, A", "Heather Campbell", "Heather Campbell", "Heather Campbell", "Goran Damljanovic, A", "Goran Damljanovic, A", "Goran Damljanovic, A", "Heather Campbell", "Heather Campbell", "Heather Campbell", "Heather Campbell", "Goran Damljanovic, A", "Goran Damljanovic, A", "Goran Damljanovic, A", "Heather Campbell", "Heather Campbell", "Goran Damljanovic, A", "Goran Damljanovic, A", "Goran Damljanovic, A", "Goran Damljanovic, A", "Heather Campbell", "Heather Campbell", "Heather Campbell", "Heather Campbell", "Heather Campbell", "Heather Campbell", "Heather Campbell", "Heather Campbell", "Heather Campbell", "Heather Campbell", "Heather Campbell", "Heather Campbell", "Heather Campbell", "Heather Campbell", "Heather Campbell", "Heather Campbell", "Heather Campbell", "Heather Campbell", "Heather Campbell", "Heather Campbell", "Heather Campbell", "Heather Campbell", "Heather Campbell", "Heather Campbell", "Heather Campbell", "Heather Campbell", "Heather Campbell", "Heather Campbell", "Heather Campbell", "Heather Campbell", "Heather Campbell", "Heather Campbell", "Heather Campbell", "Heather Campbell", "Heather Campbell", "Heather Campbell", "Heather Campbell", "Heather Campbell", "Heather Campbell", "Heather Campbell", "Heather Campbell", "Heather Campbell", "Heather Campbell", "Heather Campbell", "Heather Campbell", "Heather Campbell", "Heather Campbell", "Heather Campbell", "Heather Campbell", "Heather Campbell", "Heather Campbell", "Heather Campbell", "Heather Campbell", "Heather Campbell", "Heather Campbell", "Heather Campbell", "Heather Campbell", "Heather Campbell", "Heather Campbell", "Heather Campbell", "Heather Campbell", "Heather Campbell", "Heather Campbell", "Heather Campbell", "Heather Campbell", "Heather Campbell", "Heather Campbell", "Heather Campbell", "Heather Campbell", "Heather Campbell", "Heather Campbell", "Mercator Geneva Grou", "Mercator Geneva Grou", "Mercator Geneva Grou", "Mercator Geneva Grou", "Mercator Geneva Grou", "Mercator Geneva Grou", "Mercator Geneva Grou", "Mercator Geneva Grou", "Mercator Geneva Grou", "Mercator Geneva Grou", "Mercator Geneva Grou", "Mercator Geneva Grou"], "mag": [16.936599731445312, 16.986400604248047, 23.29840087890625, 23.03529930114746, 23.299800872802734, 18.02589988708496, 17.477399826049805, 17.76129913330078, 23.29840087890625, 23.395700454711914, 23.050399780273438, 23.84320068359375, 18.187400817871094, 17.678600311279297, 17.248199462890625, 23.03529930114746, 23.299800872802734, 18.147199630737305, 17.007400512695312, 17.32740020751953, 17.971200942993164, 23.050399780273438, 23.84320068359375, 23.395700454711914, 23.426599502563477, 23.991300582885742, 23.761499404907227, 22.965999603271484, 24.071300506591797, 23.146499633789062, 23.997600555419922, 23.42569923400879, 23.146499633789062, 23.997600555419922, 22.842599868774414, 23.882600784301758, 23.398500442504883, 22.842599868774414, 23.398500442504883, 23.882600784301758, 23.514999389648438, 23.42569923400879, 22.941099166870117, 22.965999603271484, 22.71109962463379, 22.71109962463379, 22.941099166870117, 22.184499740600586, 23.802900314331055, 22.46940040588379, 22.61870002746582, 22.184499740600586, 22.46940040588379, 22.61870002746582, 23.18899917602539, 24.098600387573242, 22.385000228881836, 24.077999114990234, 22.316099166870117, 22.371200561523438, 22.385000228881836, 22.316099166870117, 23.42919921875, 23.340200424194336, 16.120399475097656, 22.880699157714844, 22.371200561523438, 22.8705997467041, 23.055200576782227, 24.098600387573242, 24.071300506591797, 23.055200576782227, 23.371700286865234, 16.779199600219727, 24.16860008239746, 16.20319938659668, 22.880699157714844, 23.427499771118164, 16.120399475097656, 23.340200424194336, 23.122600555419922, 16.188100814819336, 22.416900634765625, 21.993000030517578, 15.661199569702148, 22.59950065612793, 16.365400314331055, 24.0575008392334, 23.129899978637695, 15.718899726867676, 22.7460994720459, 21.763500213623047, 15.589200019836426, 22.954200744628906, 22.313800811767578, 22.886699676513672, 23.17650032043457, 15.602800369262695, 23.388999938964844, 28.124099731445312, 23.40559959411621, 17.333499908447266, 23.404399871826172, 15.623600006103516], "filter": ["I", "I", "r", "i", "g", "g", "r", "V", "r", "r", "i", "g", "g", "V", "R", "i", "g", "g", "I", "R", "V", "i", "g", "r", "i", "g", "r", "r", "r", "i", "g", "r", "i", "g", "i", "g", "r", "i", "r", "g", "g", "r", "g", "r", "i", "i", "g", "r", "r", "i", "g", "r", "i", "g", "r", "g", "i", "g", "g", "r", "i", "g", "r", "g", "r", "i", "r", "i", "i", "g", "r", "i", "r", "i", "g", "r", "i", "i", "r", "g", "r", "g", "r", "i", "i", "r", "g", "g", "g", "r", "g", "u", "r", "g", "g", "r", "g", "r", "r", "g", "r", "u", "g", "r"], "catalog": ["SDSS", "SDSS", "APASS", "SDSS", "APASS", "APASS", "APASS", "SDSS", "APASS", "APASS", "APASS", "APASS", "APASS", "APASS", "SDSS", "SDSS", "APASS", "APASS", "SDSS", "SDSS", "APASS", "APASS", "APASS", "APASS", "SDSS", "APASS", "SDSS", "APASS", "SDSS", "SDSS", "APASS", "APASS", "SDSS", "APASS", "APASS", "APASS", "APASS", "APASS", "APASS", "APASS", "APASS", "APASS", "APASS", "APASS", "APASS", "APASS", "APASS", "APASS", "SDSS", "SDSS", "APASS", "APASS", "SDSS", "APASS", "APASS", "APASS", "APASS", "APASS", "APASS", "APASS", "APASS", "APASS", "APASS", "APASS", "APASS", "APASS", "APASS", "SDSS", "SDSS", "APASS", "SDSS", "SDSS", "APASS", "SDSS", "APASS", "SDSS", "APASS", "SDSS", "APASS", "APASS", "APASS", "APASS", "APASS", "APASS", "APASS", "APASS", "APASS", "APASS", "APASS", "SDSS", "SDSS", "SDSS", "SDSS", "SDSS", "SDSS", "SDSS", "SDSS", "SDSS", "SDSS", "SDSS", "SDSS", "SDSS", "SDSS", "SDSS"],