{"mjd": [57099.4146806], "magerr": [-1.0], "alert_name": null, "observatory": ["Euler Geneva Group"], "caliberr": [0.07390809804201126], "mag": [25.803800582885742], "catalog": ["APASS"], "filter": ["r"]}