{"mjd": [57049.00536354], "magerr": [0.07180000096559525], "alert_name": null, "observatory": ["K.Wiersema-Leicester"], "caliberr": [0.07830189913511276], "mag": [18.103500366210938], "catalog": ["APASS"], "filter": ["V"]}