{"mjd": [57220.4235344792, 57220.4287014815], "magerr": [0.028999999165534973, 0.027000000700354576], "observatory": ["LCOGT Gaia Alerts Gr", "LCOGT Gaia Alerts Gr"], "mag": [18.468900680541992, 17.98740005493164], "filter": ["g", "r"], "catalog": ["APASS", "APASS"], "caliberr": [0.053660798817873, 0.0342680998146534]}