{"mjd": [56962.91826, 56962.91055, 56954.870122, 56955.87519, 56954.874084, 56955.880547, 56954.877959, 56955.885811, 56941.8108, 56942.81063, 56941.8171], "magerr": [0.09920000284910202, 0.07419999688863754, 0.007400000002235174, 0.00800000037997961, 0.004600000102072954, 0.004800000227987766, 0.005100000184029341, 0.006599999964237213, 0.1354999989271164, 0.07020000368356705, 0.08889999985694885], "observatory": ["Ostrowik 0.6m. Micha", "Ostrowik 0.6m. Micha", "Loiano,M.Pawlak", "Loiano,M.Pawlak", "Loiano,M.Pawlak", "Loiano,M.Pawlak", "Loiano,M.Pawlak", "Loiano,M.Pawlak", "JureJapelj_Vega_Slov", "JureJapelj_Vega_Slov", "JureJapelj_Vega_Slov"], "mag": [17.46739959716797, 16.595300674438477, 18.5935001373291, 18.616199493408203, 17.007200241088867, 16.982500076293945, 16.266300201416016, 16.2106990814209, 17.269100189208984, 17.367599487304688, 16.475799560546875], "filter": ["R2pg", "Ipg", "B1pg", "B1pg", "R2pg", "R2pg", "Ipg", "Ipg", "R2pg", "R2pg", "Ipg"], "catalog": ["USNO", "USNO", "USNO", "USNO", "USNO", "USNO", "USNO", "USNO", "USNO", "USNO", "USNO"], "caliberr": [0.3167189955711365, 0.21067899465560913, 0.44326499104499817, 0.4144369959831238, 0.46650001406669617, 0.46708598732948303, 0.4004719853401184, 0.46141499280929565, 0.4584139883518219, 0.3957290053367615, 0.40196800231933594]}