{"mjd": [57443.78692, 57443.794068, 57443.801211], "magerr": [0.04019999876618385, 0.045499999076128006, 0.0406000018119812], "observatory": ["OmicronC2PU JPRivet", "OmicronC2PU JPRivet", "OmicronC2PU JPRivet"], "mag": [19.104900360107422, 19.204700469970703, 19.15169906616211], "filter": ["r", "r", "r"], "catalog": ["APASS", "APASS", "APASS"], "caliberr": [0.24986200034618378, 0.19794200360774994, 0.256181001663208]}