{"mjd": [55794.28902, 55868.07097, 55794.29277, 55868.07472], "magerr": [0.04170000180602074, 0.040699999779462814, 0.0414000004529953, 0.039000000804662704], "alert_name": null, "observatory": ["Alex Ball-SMARTS1.3", "Alex Ball-SMARTS1.3", "Alex Ball-SMARTS1.3", "Alex Ball-SMARTS1.3"], "caliberr": [0.009999999776482582, 0.009999999776482582, 0.009999999776482582, 0.009999999776482582], "mag": [19.214500427246094, 19.237600326538086, 19.37070083618164, 19.453800201416016], "catalog": ["APASS", "APASS", "APASS", "APASS"], "filter": ["V", "V", "g", "g"]}