{"mjd": [57122.2241458, 57122.2241458, 57122.2241458, 57101.4165194], "magerr": [-1.0, -1.0, -1.0, -1.0], "observatory": ["Mercator Geneva Grou", "Mercator Geneva Grou", "Mercator Geneva Grou", "Euler Geneva Group"], "mag": [20.491600036621094, 23.454599380493164, 27.418500900268555, 21.58609962463379], "filter": ["B", "g", "r", "i"], "catalog": ["APASS", "APASS", "APASS", "APASS"], "caliberr": [0.4406470060348511, 0.05191110074520111, 0.06469269841909409, 0.0613074004650116]}