{"mjd": [57086.2706806, 57085.2817613, 57086.2706806, 57085.2817613, 57085.2817613, 57094.198484, 57094.199931, 57094.201366, 57094.202812, 57094.204259, 57094.205706], "magerr": [-1.0, -1.0, -1.0, -1.0, -1.0, -1.0, -1.0, -1.0, -1.0, -1.0, -1.0], "observatory": ["Heather Campbell", "Heather Campbell", "Heather Campbell", "Heather Campbell", "Heather Campbell", "Liam Hardy pt5m", "Liam Hardy pt5m", "Liam Hardy pt5m", "Liam Hardy pt5m", "Liam Hardy pt5m", "Liam Hardy pt5m"], "mag": [25.884300231933594, 22.816600799560547, 22.86720085144043, 29.4148006439209, 19.55190086364746, 19.447999954223633, 19.336200714111328, 19.6742000579834, 18.966100692749023, 19.003599166870117, 19.01180076599121], "filter": ["r", "g", "g", "r", "i", "B", "B", "B", "V", "V", "V"], "catalog": ["APASS", "PS1", "PS1", "PS1", "PS1", "APASS", "APASS", "APASS", "APASS", "APASS", "APASS"], "caliberr": [0.03222820162773132, 0.0436054989695549, 0.049153100699186325, 0.030721500515937805, 0.21719400584697723, 0.1909410059452057, 0.1833219975233078, 0.07515530288219452, 0.03917039930820465, 0.0390079990029335, 0.045289501547813416]}