{"mjd": [57351.6294155671, 57351.6413813889, 57351.6338654167, 57351.6458502315, 57351.6376196991, 57351.6496019676], "magerr": [0.12800000607967377, 0.11299999803304672, -1.0, 0.11100000143051147, -1.0, -1.0], "alert_name": null, "observatory": ["LCOGT Gaia Alerts Gr", "LCOGT Gaia Alerts Gr", "LCOGT Gaia Alerts Gr", "LCOGT Gaia Alerts Gr", "LCOGT Gaia Alerts Gr", "LCOGT Gaia Alerts Gr"], "caliberr": [0.03316750004887581, 0.037918899208307266, 0.022845599800348282, 0.021874699741601944, 0.040325701236724854, 0.03788280114531517], "mag": [18.629100799560547, 18.35689926147461, 19.336000442504883, 18.44029998779297, 18.942699432373047, 19.161800384521484], "catalog": ["APASS", "APASS", "APASS", "APASS", "APASS", "APASS"], "filter": ["g", "g", "r", "r", "i", "i"]}