{"mjd": [56915.924793, 56915.924793, 56915.924793], "magerr": [-1.0, 0.009700000286102295, 0.004900000058114529], "alert_name": null, "observatory": ["Heather Campbell", "Heather Campbell", "Heather Campbell"], "caliberr": [0.3447659909725189, 0.02196829952299595, 0.03271479904651642], "mag": [23.6289005279541, 18.388500213623047, 16.695600509643555], "catalog": ["APASS", "APASS", "APASS"], "filter": ["B", "g", "r"]}