{"mjd": [57097.3949576], "magerr": [-1.0], "alert_name": null, "observatory": ["Euler Geneva Group"], "caliberr": [0.033452801406383514], "mag": [27.039100646972656], "catalog": ["APASS"], "filter": ["r"]}