{"mjd": [57117.577, 57129.587, 57137.603, 57141.567, 57113.607, 57117.582, 57121.717, 57129.592, 57137.608, 57141.571, 57113.605, 57117.58, 57121.715, 57129.59, 57137.606, 57141.569, 57113.602, 57121.712, 57115.021655, 57115.023102, 57121.004236, 57121.005671, 57121.007118, 57115.025995, 57121.008565, 57121.010012, 57121.011447, 57110.160058, 57110.161505, 57110.162951, 57120.995567, 57120.997002, 57110.164398, 57110.165833, 57115.01588, 57115.017326, 57115.018773, 57120.999896, 57121.001343, 57121.002778, 57147.1814647, 57147.1856358, 57147.1891116, 57147.1925874, 57147.1814647, 57147.1856358, 57147.1891116, 57147.1925874, 57147.1814647, 57147.1856358, 57147.1891116, 57147.1925874], "magerr": [0.029100000858306885, 0.008700000122189522, 0.008999999612569809, 0.012900000438094139, 0.0210999995470047, 0.02319999970495701, 0.016100000590085983, 0.011599999852478504, 0.01489999983459711, 0.016100000590085983, 0.031700000166893005, -1.0, -1.0, -1.0, -1.0, -1.0, 0.025800000876188278, 0.01640000008046627, -1.0, -1.0, -1.0, -1.0, -1.0, -1.0, -1.0, -1.0, -1.0, -1.0, -1.0, -1.0, -1.0, -1.0, -1.0, -1.0, -1.0, -1.0, -1.0, -1.0, -1.0, -1.0, -1.0, -1.0, -1.0, -1.0, -1.0, -1.0, 0.03530000150203705, -1.0, -1.0, 0.025200000032782555, 0.023800000548362732, 0.025299999862909317], "observatory": ["Heather Campbell", "Heather Campbell", "Heather Campbell", "Heather Campbell", "Heather Campbell", "Heather Campbell", "Heather Campbell", "Heather Campbell", "Heather Campbell", "Heather Campbell", "Heather Campbell", "Heather Campbell", "Heather Campbell", "Heather Campbell", "Heather Campbell", "Heather Campbell", "Heather Campbell", "Heather Campbell", "Liam Hardy pt5m", "Liam Hardy pt5m", "Liam Hardy pt5m", "Liam Hardy pt5m", "Liam Hardy pt5m", "Liam Hardy pt5m", "Liam Hardy pt5m", "Liam Hardy pt5m", "Liam Hardy pt5m", "Liam Hardy pt5m", "Liam Hardy pt5m", "Liam Hardy pt5m", "Liam Hardy pt5m", "Liam Hardy pt5m", "Liam Hardy pt5m", "Liam Hardy pt5m", "Liam Hardy pt5m", "Liam Hardy pt5m", "Liam Hardy pt5m", "Liam Hardy pt5m", "Liam Hardy pt5m", "Liam Hardy pt5m", "Anna Hourihane", "Anna Hourihane", "Anna Hourihane", "Anna Hourihane", "Anna Hourihane", "Anna Hourihane", "Anna Hourihane", "Anna Hourihane", "Anna Hourihane", "Anna Hourihane", "Anna Hourihane", "Anna Hourihane"], "mag": [16.50469970703125, 17.144500732421875, 17.008899688720703, 17.0314998626709, 16.99370002746582, 16.837099075317383, 16.696199417114258, 16.92930030822754, 16.978700637817383, 17.047300338745117, 17.21769905090332, 22.309999465942383, 22.971799850463867, 23.8439998626709, 24.15730094909668, 22.943300247192383, 16.82509994506836, 16.949199676513672, 18.71820068359375, 18.7814998626709, 19.166500091552734, 19.141000747680664, 19.243499755859375, 17.77869987487793, 17.829200744628906, 18.199399948120117, 18.296100616455078, 19.9414005279541, 19.478599548339844, 19.319299697875977, 18.937700271606445, 18.839599609375, 19.856700897216797, 19.815900802612305, 18.338600158691406, 18.215099334716797, 18.593299865722656, 19.01020050048828, 19.07539939880371, 19.082799911499023, 20.3125, 20.013200759887695, 20.237899780273438, 20.702499389648438, 20.079599380493164, 21.198699951171875, 18.70240020751953, 21.010700225830078, 22.9768009185791, 18.01409912109375, 17.755699157714844, 17.814800262451172], "filter": ["r", "r", "r", "r", "i", "i", "i", "i", "i", "i", "g", "g", "g", "g", "g", "g", "r", "r", "R", "R", "R", "R", "R", "I", "I", "I", "I", "B", "B", "B", "B", "B", "V", "V", "V", "V", "V", "V", "V", "V", "u", "u", "u", "u", "g", "g", "g", "g", "r", "r", "r", "r"], "catalog": ["SDSS", "SDSS", "SDSS", "SDSS", "SDSS", "SDSS", "SDSS", "SDSS", "SDSS", "SDSS", "APASS", "APASS", "APASS", "APASS", "APASS", "APASS", "APASS", "APASS", "SDSS", "SDSS", "SDSS", "SDSS", "SDSS", "SDSS", "SDSS", "SDSS", "SDSS", "APASS", "APASS", "APASS", "APASS", "APASS", "APASS", "APASS", "APASS", "APASS", "APASS", "APASS", "APASS", "APASS", "SDSS", "SDSS", "SDSS", "SDSS", "SDSS", "SDSS", "SDSS", "SDSS", "SDSS", "SDSS", "SDSS", "SDSS"], "caliberr": [0.1440889984369278, 0.12670600414276123, 0.06783819943666458, 0.135234996676445, 0.2234009951353073, 0.2607020139694214, 0.2466060072183609, 0.12451399862766266, 0.10352600365877151, 0.13225500285625458, 0.05355760082602501, 0.041629500687122345, 0.019108399748802185, 0.02360760048031807, 0.07693970203399658, 0.03553549945354462, 0.02939769998192787, 0.06564590334892273, 0.026652900502085686, 0.045712098479270935, 0.12172000110149384, 0.10951799899339676, 0.11141499876976013, 0.04060180112719536, 0.10755400359630585, 0.10294099897146225, 0.11422000080347061, 0.06738410145044327, 0.08106940239667892, 0.12900400161743164, 0.05649439990520477, 0.027111999690532684, 0.009999999776482582, 0.009999999776482582, 0.06511270254850388, 0.011977500282227993, 0.009999999776482582, 0.03194030001759529, 0.035333599895238876, 0.02614709921181202, 0.03500119969248772, 0.06870889663696289, 0.04061330109834671, 0.06137720122933388, 0.06657329946756363, 0.06482130289077759, 0.07713569700717926, 0.06462790071964264, 0.07238230109214783, 0.06554590165615082, 0.0660656988620758, 0.07334479689598083]}