{"mjd": [57097.3949576], "magerr": [-1.0], "observatory": ["Euler Geneva Group"], "mag": [27.039100646972656], "filter": ["r"], "catalog": ["APASS"], "caliberr": [0.033452801406383514]}