{"mjd": [56798.8526041666, 56798.8532291665, 56798.8542476851, 56798.8548842594, 56798.8256, 56798.8328, 56799.7936444301, 56799.9106066199, 56800.8062947402, 56800.91639423, 56801.7906122799, 56802.8092725901, 56799.79930192, 56799.91634303, 56800.8132403502, 56800.92202562, 56801.79595584, 56802.8154490599, 56815.88647, 56831.88558, 56800.8777662, 56800.885706, 56800.8894676, 56800.8626505, 56800.8698495, 56800.8722106, 56800.8746296, 56800.8756597, 56800.8991667, 56800.9010185, 56800.8939815, 56800.8957176, 56821.776683, 56821.778183, 56821.78006], "magerr": [0.004999999888241291, 0.004999999888241291, 0.004699999932199717, 0.004999999888241291, 0.01269999984651804, 0.012299999594688416, 0.005900000222027302, 0.007699999958276749, 0.00570000009611249, 0.006099999882280827, 0.005100000184029341, 0.004999999888241291, 0.006099999882280827, 0.009499999694526196, 0.00570000009611249, 0.005900000222027302, 0.005100000184029341, 0.004900000058114529, 0.007000000216066837, 0.006000000052154064, 0.004000000189989805, 0.003000000026077032, 0.004000000189989805, 0.006000000052154064, 0.004000000189989805, 0.004999999888241291, 0.006000000052154064, 0.006000000052154064, 0.007000000216066837, 0.006000000052154064, 0.010999999940395355, 0.014999999664723873, 0.006099999882280827, 0.0066999997943639755, 0.010499999858438969], "alert_name": null, "observatory": ["Montarrenti Observat", "Montarrenti Observat", "Montarrenti Observat", "Montarrenti Observat", "Giuseppe Leto APT2 C", "Giuseppe Leto APT2 C", "WiseC18-Yossi Shvart", "WiseC18-Yossi Shvart", "WiseC18-Yossi Shvart", "WiseC18-Yossi Shvart", "WiseC18-Yossi Shvart", "WiseC18-Yossi Shvart", "WiseC18-Yossi Shvart", "WiseC18-Yossi Shvart", "WiseC18-Yossi Shvart", "WiseC18-Yossi Shvart", "WiseC18-Yossi Shvart", "WiseC18-Yossi Shvart", "Ostrowik 0.6m. Micha", "Ostrowik 0.6m. Micha", "Loiano,K.Ulaczyk", "Loiano,K.Ulaczyk", "Loiano,K.Ulaczyk", "Loiano,K.Ulaczyk", "Loiano,K.Ulaczyk", "Loiano,K.Ulaczyk", "Loiano,K.Ulaczyk", "Loiano,K.Ulaczyk", "Loiano,K.Ulaczyk", "Loiano,K.Ulaczyk", "Loiano,K.Ulaczyk", "Loiano,K.Ulaczyk", "T100,Hasan Esenoglu", "T100,Hasan Esenoglu", "T100,Hasan Esenoglu"], "caliberr": [0.30990999937057495, 0.3056820034980774, 0.29133498668670654, 0.3961870074272156, 0.09909330308437347, 0.05993089824914932, 0.03836920112371445, 0.043978799134492874, 0.03891659900546074, 0.03614959865808487, 0.03349880129098892, 0.0346841998398304, 0.04139310121536255, 0.04155860096216202, 0.036052800714969635, 0.03697369992733002, 0.04036169871687889, 0.04007180035114288, 0.056338999420404434, 0.025195499882102013, 0.17938299477100372, 0.16177800297737122, 0.12567099928855896, 0.11187499761581421, 0.04164719954133034, 0.048943500965833664, 0.04540159925818443, 0.09015239775180817, 0.06608950346708298, 0.13092699646949768, 0.14104700088500977, 0.16915999352931976, 0.12849099934101105, 0.20991000533103943, 0.2573409974575043], "mag": [15.410799980163574, 15.418499946594238, 15.427900314331055, 15.520000457763672, 15.134900093078613, 15.05620002746582, 15.212900161743164, 15.224800109863281, 15.235799789428711, 15.223999977111816, 15.193099975585938, 15.153800010681152, 15.0378999710083, 15.027000427246094, 15.034600257873535, 15.034700393676758, 14.991499900817871, 14.970800399780273, 14.489500045776367, 14.461999893188477, 15.723899841308594, 15.663200378417969, 15.664299964904785, 15.32229995727539, 15.26259994506836, 15.279600143432617, 15.25510025024414, 15.270000457763672, 15.053099632263184, 15.116000175476074, 14.485300064086914, 14.468600273132324, 15.281900405883789, 15.089200019836426, 14.898799896240234], "catalog": ["SDSS", "SDSS", "SDSS", "SDSS", "SDSS", "SDSS", "SDSS", "SDSS", "SDSS", "SDSS", "SDSS", "SDSS", "SDSS", "SDSS", "SDSS", "SDSS", "SDSS", "SDSS", "SDSS", "SDSS", "SDSS", "SDSS", "SDSS", "SDSS", "SDSS", "SDSS", "SDSS", "SDSS", "SDSS", "SDSS", "SDSS", "SDSS", "SDSS", "SDSS", "SDSS"], "filter": ["V", "V", "V", "V", "R", "R", "V", "V", "V", "V", "V", "V", "R", "R", "R", "R", "R", "R", "I", "I", "B", "B", "B", "V", "V", "V", "V", "V", "R", "R", "I", "I", "r", "i", "z"]}