{"mjd": [56600.899421], "magerr": [0.07848530262708664], "observatory": ["Stuart Littlefair, p"], "mag": [17.313400268554688], "filter": ["V"], "catalog": ["APASS"], "caliberr": [0.07529120147228241]}