{"mjd": [57480.0722627, 57480.0757945, 57480.0793262, 57481.0452564, 57481.0487881, 57481.0523198, 57480.0831143, 57480.086646, 57480.0901777, 57481.0561067, 57481.0596385, 57481.0631702, 57480.0939632, 57480.0974954, 57480.1010271, 57481.0670051, 57481.0705369, 57481.0740688, 57480.1048578, 57480.1083896, 57480.111922, 57481.0777909, 57481.0813225, 57481.0848541], "magerr": [0.012500000186264515, 0.013700000010430813, 0.012199999764561653, 0.01730000041425228, 0.01510000042617321, 0.013899999670684338, 0.007300000172108412, 0.007699999958276749, 0.008200000040233135, 0.008700000122189522, 0.008200000040233135, 0.009800000116229057, 0.006099999882280827, 0.005499999970197678, 0.00930000003427267, 0.007799999788403511, 0.007000000216066837, 0.006200000178068876, 0.016599999740719795, 0.007400000002235174, 0.007699999958276749, 0.01269999984651804, 0.00989999994635582, 0.011099999770522118], "alert_name": null, "observatory": ["ObsMontsec-Umut Burg", "ObsMontsec-Umut Burg", "ObsMontsec-Umut Burg", "ObsMontsec-Umut Burg", "ObsMontsec-Umut Burg", "ObsMontsec-Umut Burg", "ObsMontsec-Umut Burg", "ObsMontsec-Umut Burg", "ObsMontsec-Umut Burg", "ObsMontsec-Umut Burg", "ObsMontsec-Umut Burg", "ObsMontsec-Umut Burg", "ObsMontsec-Umut Burg", "ObsMontsec-Umut Burg", "ObsMontsec-Umut Burg", "ObsMontsec-Umut Burg", "ObsMontsec-Umut Burg", "ObsMontsec-Umut Burg", "ObsMontsec-Umut Burg", "ObsMontsec-Umut Burg", "ObsMontsec-Umut Burg", "ObsMontsec-Umut Burg", "ObsMontsec-Umut Burg", "ObsMontsec-Umut Burg"], "caliberr": [0.10676100105047226, 0.12009400129318237, 0.12654900550842285, 0.11404000222682953, 0.13467399775981903, 0.04656260088086128, 0.009999999776482582, 0.009999999776482582, 0.009999999776482582, 0.009999999776482582, 0.009999999776482582, 0.009999999776482582, 0.013249799609184265, 0.05787799879908562, 0.057377200573682785, 0.022547999396920204, 0.01627489924430847, 0.05942409858107567, 0.009999999776482582, 0.009999999776482582, 0.009999999776482582, 0.09820429980754852, 0.17567099630832672, 0.17204299569129944], "mag": [16.882200241088867, 17.019699096679688, 16.80739974975586, 17.19260025024414, 17.106000900268555, 17.18790054321289, 15.888400077819824, 15.978599548339844, 16.143199920654297, 16.301799774169922, 16.289199829101562, 16.59149932861328, 15.748600006103516, 15.487799644470215, 15.993399620056152, 16.436899185180664, 16.064800262451172, 15.677900314331055, 16.02750015258789, 15.36520004272461, 15.600299835205078, 15.993200302124023, 15.610699653625488, 15.791000366210938], "catalog": ["APASS", "APASS", "APASS", "APASS", "APASS", "APASS", "APASS", "APASS", "APASS", "APASS", "APASS", "APASS", "APASS", "APASS", "APASS", "APASS", "APASS", "APASS", "APASS", "APASS", "APASS", "APASS", "APASS", "APASS"], "filter": ["B", "B", "B", "B", "B", "B", "V", "V", "V", "V", "V", "V", "r", "r", "r", "r", "r", "r", "i", "i", "i", "i", "i", "i"]}