{"mjd": [55668.41464, 55665.3544, 55665.34643, 55667.34965, 55667.35762, 55668.42262, 55667.34582, 55667.36317, 55668.41081, 55668.42817, 55665.3426, 55665.35995], "magerr": [0.004000000189989805, 0.002400000113993883, 0.00139999995008111, 0.005100000184029341, 0.007199999876320362, 0.006599999964237213, 0.008200000040233135, 0.01140000019222498, 0.007300000172108412, 0.01769999973475933, 0.004399999976158142, 0.00419999985024333], "alert_name": null, "observatory": ["Alex Ball-SMARTS1.3", "Alex Ball-SMARTS1.3", "Alex Ball-SMARTS1.3", "Alex Ball-SMARTS1.3", "Alex Ball-SMARTS1.3", "Alex Ball-SMARTS1.3", "Alex Ball-SMARTS1.3", "Alex Ball-SMARTS1.3", "Alex Ball-SMARTS1.3", "Alex Ball-SMARTS1.3", "Alex Ball-SMARTS1.3", "Alex Ball-SMARTS1.3"], "caliberr": [0.10882800072431564, 0.11484099924564362, 0.06969819962978363, 0.009999999776482582, 0.0685494989156723, 0.12728799879550934, 0.11169499903917313, 0.07701560109853745, 0.16326600313186646, 0.11450599879026413, 0.07830119878053665, 0.015907900407910347], "mag": [16.75149917602539, 16.283899307250977, 16.400800704956055, 16.68269920349121, 16.563199996948242, 16.647199630737305, 16.819799423217773, 16.773799896240234, 16.814800262451172, 16.71980094909668, 16.405099868774414, 16.356300354003906], "catalog": ["SDSS", "SDSS", "APASS", "APASS", "APASS", "APASS", "APASS", "APASS", "APASS", "APASS", "APASS", "APASS"], "filter": ["B", "V", "B", "B", "V", "V", "r", "r", "r", "r", "i", "i"]}