{"mjd": [56915.9794888, 56915.975351, 56915.9794888, 56915.975351, 56915.9794888], "magerr": [-1.0, -1.0, -1.0, -1.0, -1.0], "observatory": ["Heather Campbell", "Heather Campbell", "Heather Campbell", "Heather Campbell", "Heather Campbell"], "mag": [22.50779914855957, 23.732500076293945, 24.43600082397461, 25.821500778198242, 27.50160026550293], "filter": ["u", "g", "g", "r", "r"], "catalog": ["SDSS", "SDSS", "SDSS", "SDSS", "SDSS"], "caliberr": [0.08816199749708176, 0.14732800424098969, 0.17588600516319275, 0.15523000061511993, 0.1443910002708435]}