{"mjd": [57442.0089547, 57448.0089528, 57448.0185846], "magerr": [0.006000000052154064, -1.0, -1.0], "alert_name": null, "observatory": ["Euler Geneva Group", "Euler Geneva Group", "Euler Geneva Group"], "caliberr": [0.07353690266609192, 0.16729499399662018, 0.08204659819602966], "mag": [15.273900032043457, 25.913400650024414, 27.69770050048828], "catalog": ["APASS", "APASS", "APASS"], "filter": ["r", "r", "r"]}