{"mjd": [57099.405097], "magerr": [0.0024999999441206455], "alert_name": null, "observatory": ["Euler Geneva Group"], "caliberr": [0.0858663022518158], "mag": [16.70170021057129], "catalog": ["APASS"], "filter": ["i"]}