{"mjd": [57073.883, 57073.975083, 57073.858872, 57073.871646, 57073.923168, 57073.896945, 57073.907577, 57073.8833, 57068.553, 57068.546, 57068.55, 57070.594, 57070.597, 57078.562, 57078.565, 57078.568, 57082.457, 57082.46, 57082.463, 57070.6, 57069.954178], "magerr": [-1.0, 0.06960000097751617, 0.05220000073313713, -1.0, -1.0, 0.058400001376867294, -1.0, -1.0, 0.016200000420212746, 0.024900000542402267, 0.026200000196695328, 0.041600000113248825, 0.040800001472234726, 0.10109999775886536, 0.07000000029802322, 0.05490000173449516, -1.0, 0.08420000225305557, 0.12099999934434891, 0.028200000524520874, 0.23970000445842743], "observatory": ["GiuseppeAltavillaLoi", "GiuseppeAltavillaLoi", "GiuseppeAltavillaLoi", "GiuseppeAltavillaLoi", "GiuseppeAltavillaLoi", "GiuseppeAltavillaLoi", "GiuseppeAltavillaLoi", "GiuseppeAltavillaLoi", "Heather Campbell", "Heather Campbell", "Heather Campbell", "Heather Campbell", "Heather Campbell", "Heather Campbell", "Heather Campbell", "Heather Campbell", "Heather Campbell", "Heather Campbell", "Heather Campbell", "Heather Campbell", "JureJapelj_Vega_Slov"], "mag": [20.89109992980957, 21.01289939880371, 19.52519989013672, 19.953800201416016, 19.98080062866211, 19.65250015258789, 19.350900650024414, 21.18939971923828, 19.56800079345703, 20.7185001373291, 20.505399703979492, 20.965499877929688, 20.22570037841797, 21.27549934387207, 20.456899642944336, 20.504499435424805, 22.868799209594727, 20.343299865722656, 21.274599075317383, 19.530000686645508, 19.797199249267578], "filter": ["g", "g", "r", "i", "i", "R", "R", "B", "r", "B", "B", "B", "V", "V", "V", "V", "V", "V", "V", "r", "i"], "catalog": ["SDSS", "SDSS", "SDSS", "SDSS", "SDSS", "SDSS", "SDSS", "APASS", "SDSS", "APASS", "APASS", "APASS", "APASS", "APASS", "APASS", "APASS", "APASS", "APASS", "APASS", "APASS", "APASS"], "caliberr": [0.11343099921941757, 0.12557800114154816, 0.11907300353050232, 0.2987450063228607, 0.3185819983482361, 0.11393599957227707, 0.09318210184574127, 0.11342199891805649, 0.11418599635362625, 0.1085750013589859, 0.1979220062494278, 0.12653200328350067, 0.02700290083885193, 0.15096500515937805, 0.009999999776482582, 0.009999999776482582, 0.14827699959278107, 0.07010810077190399, 0.029673099517822266, 0.04475729912519455, 0.07633150368928909]}