{"mjd": [56927.143076, 56927.968306, 56927.148754, 56927.974664, 56927.152629, 56927.979942], "magerr": [0.012000000104308128, 0.013000000268220901, 0.014999999664723873, 0.01600000075995922, 0.035999998450279236, 0.020999999716877937], "observatory": ["Loiano,K.Ulaczyk", "Loiano,K.Ulaczyk", "Loiano,K.Ulaczyk", "Loiano,K.Ulaczyk", "Loiano,K.Ulaczyk", "Loiano,K.Ulaczyk"], "mag": [18.72100067138672, 18.668800354003906, 18.288299560546875, 18.310100555419922, 18.1343994140625, 18.243999481201172], "filter": ["g", "g", "r", "r", "i", "i"], "catalog": ["APASS", "APASS", "APASS", "APASS", "APASS", "APASS"], "caliberr": [0.14264699816703796, 0.06622280180454254, 0.17057499289512634, 0.1124039962887764, 0.06342630088329315, 0.12976199388504028]}