{"mjd": [56921.084938, 56921.07368, 56921.080237], "magerr": [0.020999999716877937, 0.027000000700354576, 0.026000000536441803], "observatory": ["Loiano,K.Ulaczyk", "Loiano,K.Ulaczyk", "Loiano,K.Ulaczyk"], "mag": [17.9778995513916, 17.17449951171875, 16.829999923706055], "filter": ["g", "r", "i"], "catalog": ["SDSS", "SDSS", "SDSS"], "caliberr": [0.13404999673366547, 0.1193849965929985, 0.26237499713897705]}