{"mjd": [57072.7652355671, 57072.7635174653, 57072.7669865509], "magerr": [-1.0, -1.0, -1.0], "alert_name": null, "observatory": ["Samantha Coffey", "Samantha Coffey", "Samantha Coffey"], "caliberr": [0.009999999776482582, 0.03847780078649521, 0.025548700243234634], "mag": [21.81100082397461, 21.505699157714844, 20.50469970703125], "catalog": ["APASS", "APASS", "APASS"], "filter": ["g", "r", "i"]}