{"mjd": [57084.0836799, 57084.0871966, 57084.0907136, 57081.1116559, 57081.1151728, 57081.1260263, 57084.1044884, 57084.1080055, 57084.1115224, 57081.1295431, 57081.13306, 57084.1252591, 57084.1287758, 57084.1322928, 57081.1367655, 57081.1402823, 57081.1437991, 57084.1412381, 57084.1447549, 57084.1482717], "magerr": [-1.0, -1.0, -1.0, 0.03779999911785126, 0.02850000001490116, 0.01269999984651804, 0.028200000524520874, 0.0272000003606081, 0.0272000003606081, 0.021800000220537186, 0.009800000116229057, 0.00989999994635582, 0.02019999921321869, -1.0, 0.00279999990016222, 0.0027000000700354576, 0.00279999990016222, 0.002899999963119626, 0.005200000014156103, 0.00419999985024333], "observatory": ["ObsMontsec-Umut Burg", "ObsMontsec-Umut Burg", "ObsMontsec-Umut Burg", "ObsMontsec-Umut Burg", "ObsMontsec-Umut Burg", "ObsMontsec-Umut Burg", "ObsMontsec-Umut Burg", "ObsMontsec-Umut Burg", "ObsMontsec-Umut Burg", "ObsMontsec-Umut Burg", "ObsMontsec-Umut Burg", "ObsMontsec-Umut Burg", "ObsMontsec-Umut Burg", "ObsMontsec-Umut Burg", "ObsMontsec-Umut Burg", "ObsMontsec-Umut Burg", "ObsMontsec-Umut Burg", "ObsMontsec-Umut Burg", "ObsMontsec-Umut Burg", "ObsMontsec-Umut Burg"], "mag": [19.897600173950195, 19.93239974975586, 19.499399185180664, 17.91189956665039, 17.87779998779297, 17.132299423217773, 17.870500564575195, 17.885799407958984, 17.938600540161133, 16.93120002746582, 16.892200469970703, 16.869400024414062, 16.8710994720459, 17.69179916381836, 14.995499610900879, 15.001199722290039, 15.00059986114502, 15.012999534606934, 15.005999565124512, 15.009200096130371], "filter": ["B", "B", "B", "V", "V", "V", "V", "V", "V", "r", "r", "r", "r", "r", "i", "i", "i", "i", "i", "i"], "catalog": ["APASS", "APASS", "APASS", "APASS", "APASS", "APASS", "APASS", "APASS", "APASS", "APASS", "APASS", "APASS", "APASS", "APASS", "APASS", "APASS", "APASS", "APASS", "APASS", "APASS"], "caliberr": [0.08941789716482162, 0.09371519833803177, 0.0857648029923439, 0.03560749813914299, 0.03395029902458191, 0.1367730051279068, 0.04214689880609512, 0.03682659938931465, 0.03819819912314415, 0.060942500829696655, 0.054777998477220535, 0.0557251013815403, 0.059608299285173416, 0.08586680144071579, 0.06381410360336304, 0.06496810168027878, 0.06387659907341003, 0.07029400020837784, 0.07868839800357819, 0.07247789949178696]}