{"mjd": [56957.8984, 56957.90214, 56957.89127, 56957.89301, 56957.89479, 56957.89633, 56954.844006, 56955.840159, 56954.85141, 56955.851032, 56954.858744, 56955.861827, 56957.76945, 56958.87336, 56957.75899, 56958.86536, 56957.77492, 56958.88136, 56964.903819, 56964.91552, 56964.92745, 56964.90813, 56964.91983, 56964.93176, 56964.91244, 56964.92416, 56964.93608, 56959.91983, 56959.92418, 56959.9285, 56959.93282, 57046.779522, 57046.763064, 57046.824784, 57039.949855, 57039.960858, 57046.79422, 57046.809856, 57046.844492], "magerr": [-1.0, 0.0997999981045723, 0.06019999831914902, 0.07199999690055847, 0.06469999998807907, 0.07580000162124634, 0.010999999940395355, 0.026100000366568565, 0.007000000216066837, 0.011500000022351742, 0.012400000356137753, 0.012900000438094139, 0.11580000072717667, 0.06419999897480011, 0.07249999791383743, 0.06689999997615814, 0.07649999856948853, 0.05689999833703041, 0.14790000021457672, 0.0835999995470047, 0.13009999692440033, 0.060600001364946365, 0.054499998688697815, 0.0794999971985817, 0.057100001722574234, 0.06909999996423721, 0.06949999928474426, 0.20329999923706055, 0.0608999989926815, 0.04639999940991402, 0.0406000018119812, 0.013100000098347664, 0.015599999576807022, 0.01730000041425228, 0.02160000056028366, 0.02979999966919422, 0.008500000461935997, 0.05139999836683273, 0.03660000115633011], "alert_name": null, "observatory": ["Zbigniew Kolaczkowsk", "Zbigniew Kolaczkowsk", "Zbigniew Kolaczkowsk", "Zbigniew Kolaczkowsk", "Zbigniew Kolaczkowsk", "Zbigniew Kolaczkowsk", "Loiano,M.Pawlak", "Loiano,M.Pawlak", "Loiano,M.Pawlak", "Loiano,M.Pawlak", "Loiano,M.Pawlak", "Loiano,M.Pawlak", "JureJapelj_Vega_Slov", "JureJapelj_Vega_Slov", "JureJapelj_Vega_Slov", "JureJapelj_Vega_Slov", "JureJapelj_Vega_Slov", "JureJapelj_Vega_Slov", "Bialkow, Z.Kolaczkow", "Bialkow, Z.Kolaczkow", "Bialkow, Z.Kolaczkow", "Bialkow, Z.Kolaczkow", "Bialkow, Z.Kolaczkow", "Bialkow, Z.Kolaczkow", "Bialkow, Z.Kolaczkow", "Bialkow, Z.Kolaczkow", "Bialkow, Z.Kolaczkow", "Bialkow, A.Pigulski", "Bialkow, A.Pigulski", "Bialkow, A.Pigulski", "Bialkow, A.Pigulski", "K.Ilkiewicz-Loiano", "K.Ilkiewicz-Loiano", "K.Ilkiewicz-Loiano", "K.Ilkiewicz-Loiano", "K.Ilkiewicz-Loiano", "K.Ilkiewicz-Loiano", "K.Ilkiewicz-Loiano", "K.Ilkiewicz-Loiano"], "caliberr": [0.07675100117921829, 0.037555500864982605, 0.0340735986828804, 0.035475000739097595, 0.03076140023767948, 0.07520470023155212, 0.098015196621418, 0.03497479856014252, 0.14790399372577667, 0.17665599286556244, 0.14960500597953796, 0.21801899373531342, 0.07417050004005432, 0.05737610161304474, 0.06890489906072617, 0.03833109885454178, 0.10102099925279617, 0.0854249969124794, 0.04596040025353432, 0.05386950075626373, 0.034308500587940216, 0.030711499974131584, 0.04231470078229904, 0.03195260092616081, 0.061959899961948395, 0.06332840025424957, 0.06598129868507385, 0.06604620069265366, 0.05881449952721596, 0.029439199715852737, 0.07331699877977371, 0.09810840338468552, 0.18400099873542786, 0.13085000216960907, 0.10370700061321259, 0.09770269691944122, 0.21451100707054138, 0.16585199534893036, 0.1584939956665039], "mag": [19.230100631713867, 18.405099868774414, 17.8518009185791, 18.059799194335938, 17.94930076599121, 17.382299423217773, 18.459400177001953, 18.65089988708496, 17.670799255371094, 17.78529930114746, 17.197200775146484, 17.06369972229004, 18.270299911499023, 18.21929931640625, 18.127899169921875, 18.132099151611328, 17.418100357055664, 17.46929931640625, 18.79800033569336, 18.3572998046875, 18.493600845336914, 17.96809959411621, 17.775299072265625, 18.07740020751953, 17.58449935913086, 17.59980010986328, 17.55069923400879, 19.556499481201172, 18.30229949951172, 17.857799530029297, 17.687400817871094, 18.430500030517578, 17.756799697875977, 17.799100875854492, 17.328899383544922, 17.554800033569336, 17.125600814819336, 17.45840072631836, 16.937000274658203], "catalog": ["APASS", "APASS", "APASS", "APASS", "APASS", "APASS", "APASS", "APASS", "APASS", "APASS", "APASS", "APASS", "APASS", "APASS", "APASS", "APASS", "APASS", "APASS", "APASS", "APASS", "APASS", "APASS", "APASS", "APASS", "APASS", "APASS", "APASS", "APASS", "APASS", "APASS", "APASS", "APASS", "APASS", "APASS", "APASS", "APASS", "APASS", "APASS", "APASS"], "filter": ["B", "V", "r", "r", "r", "i", "g", "g", "r", "r", "i", "i", "V", "V", "r", "r", "i", "i", "V", "V", "V", "r", "r", "r", "i", "i", "i", "B", "V", "r", "i", "g", "r", "r", "i", "i", "i", "i", "i"]}