{"mjd": [56913.424, 56913.421, 56917.971543, 56926.853791, 56917.977869, 56926.861194, 56917.982785, 56926.86852], "magerr": [0.01080000028014183, 0.006399999838322401, 0.0430000014603138, 0.04500000178813934, 0.04800000041723251, 0.04800000041723251, 0.052000001072883606, 0.05900000035762787], "alert_name": null, "observatory": ["Heather Campbell", "Heather Campbell", "Loiano,K.Ulaczyk", "Loiano,K.Ulaczyk", "Loiano,K.Ulaczyk", "Loiano,K.Ulaczyk", "Loiano,K.Ulaczyk", "Loiano,K.Ulaczyk"], "caliberr": [0.09095980226993561, 0.08792900294065475, 0.0782649964094162, 0.09999190270900726, 0.10315900295972824, 0.187266007065773, 0.23629599809646606, 0.3179030120372772], "mag": [17.025100708007812, 16.684099197387695, 18.520200729370117, 18.69879913330078, 17.371200561523438, 17.651100158691406, 16.838300704956055, 17.069499969482422], "catalog": ["SDSS", "SDSS", "SDSS", "SDSS", "SDSS", "SDSS", "SDSS", "SDSS"], "filter": ["r", "i", "g", "g", "r", "r", "i", "i"]}