{"mjd": [57451.020532, 57451.027946, 57451.035485], "magerr": [-1.0, -1.0, -1.0], "observatory": ["OmicronC2PU JPRivet", "OmicronC2PU JPRivet", "OmicronC2PU JPRivet"], "mag": [24.436899185180664, 22.707599639892578, 22.707000732421875], "filter": ["r", "r", "r"], "catalog": ["APASS", "APASS", "APASS"], "caliberr": [0.07329580187797546, 0.06647790223360062, 0.06958220154047012]}