{"mjd": [57085.8565583, 57085.8565583, 57085.8565583, 57092.0786148495, 57092.0801982986, 57092.0794010648], "magerr": [-1.0, 0.040800001472234726, 0.030300000682473183, -1.0, -1.0, -1.0], "observatory": ["Heather Campbell", "Heather Campbell", "Heather Campbell", "Samantha Coffey", "Samantha Coffey", "Samantha Coffey"], "mag": [23.678499221801758, 18.245100021362305, 18.22170066833496, 19.108200073242188, 18.348499298095703, 18.39739990234375], "filter": ["u", "g", "r", "g", "r", "i"], "catalog": ["SDSS", "SDSS", "SDSS", "SDSS", "SDSS", "SDSS"], "caliberr": [0.2699350118637085, 0.08811359852552414, 0.11325299739837646, 0.1915220022201538, 0.1880349963903427, 0.10927599668502808]}