{"mjd": [56066.0311274249, 56062.9622185826, 56066.0257355776, 56062.9567400813, 56062.9677255154, 56066.0347726978], "magerr": [0.0003000000142492354, 0.0006000000284984708, 0.0003000000142492354, 0.0006000000284984708, 0.0007999999797903001, 0.0005000000237487257], "observatory": ["RichardAndersonEuler", "RichardAndersonEuler", "RichardAndersonEuler", "RichardAndersonEuler", "RichardAndersonEuler", "RichardAndersonEuler"], "mag": [14.739999771118164, 15.15719985961914, 15.153800010681152, 14.6899995803833, 14.888500213623047, 14.862099647521973], "filter": ["R1pg", "B", "B", "r", "r", "r"], "catalog": ["USNO", "APASS", "APASS", "APASS", "APASS", "APASS"], "caliberr": [0.4155470132827759, 0.08197669684886932, 0.041998401284217834, 0.04794739931821823, 0.10132600367069244, 0.4169659912586212]}