{"mjd": [55853.29169, 55866.2982, 55853.28737, 55866.29388, 55866.29013], "magerr": [0.025299999862909317, 0.011300000362098217, 0.025299999862909317, 0.013000000268220901, 0.010499999858438969], "alert_name": null, "observatory": ["Alex Ball-SMARTS1.3", "Alex Ball-SMARTS1.3", "Alex Ball-SMARTS1.3", "Alex Ball-SMARTS1.3", "Alex Ball-SMARTS1.3"], "caliberr": [0.011673499830067158, 0.01942479982972145, 0.06766989827156067, 0.09016770124435425, 0.057254500687122345], "mag": [17.90690040588379, 18.53059959411621, 17.333799362182617, 18.2450008392334, 17.86400032043457], "catalog": ["APASS", "APASS", "APASS", "APASS", "APASS"], "filter": ["B", "B", "V", "V", "r"]}