{"mjd": [57158.4327077, 57159.4315591, 57158.4230034, 57159.4218896, 57155.4311643, 57156.4315146, 57158.4133302, 57159.4122182, 57160.4144045, 57164.4132456], "magerr": [-1.0, -1.0, 0.012600000016391277, 0.0142000000923872, 0.01640000008046627, 0.0348999984562397, 0.008100000210106373, 0.008999999612569809, 0.006899999920278788, 0.007899999618530273], "observatory": ["Euler Geneva Group", "Euler Geneva Group", "Euler Geneva Group", "Euler Geneva Group", "Euler Geneva Group", "Euler Geneva Group", "Euler Geneva Group", "Euler Geneva Group", "Euler Geneva Group", "Euler Geneva Group"], "mag": [23.4330997467041, 24.70560073852539, 16.736900329589844, 17.376300811767578, 17.486799240112305, 17.71269989013672, 17.84149932861328, 18.03660011291504, 17.655500411987305, 17.155899047851562], "filter": ["B", "B", "V", "V", "r", "r", "r", "r", "r", "r"], "catalog": ["APASS", "APASS", "APASS", "APASS", "APASS", "APASS", "APASS", "APASS", "APASS", "APASS"], "caliberr": [0.06655500084161758, 0.03891859948635101, 0.13178400695323944, 0.0429220013320446, 0.04690470173954964, 0.132409006357193, 0.02020690031349659, 0.03294439986348152, 0.029341600835323334, 0.020494699478149414]}