{"mjd": [57468.073328287, 57468.0780798495], "magerr": [-1.0, -1.0], "alert_name": null, "observatory": ["LCOGT Gaia Alerts Gr", "LCOGT Gaia Alerts Gr"], "caliberr": [0.07071279734373093, 0.10048600286245346], "mag": [20.712200164794922, 20.61370086669922], "catalog": ["APASS", "APASS"], "filter": ["g", "r"]}