{"mjd": [56918.1225728, 56918.1225728], "magerr": [-1.0, -1.0], "observatory": ["Heather Campbell", "Heather Campbell"], "mag": [24.39929962158203, 25.021799087524414], "filter": ["g", "r"], "catalog": ["APASS", "APASS"], "caliberr": [0.009999999776482582, 0.009999999776482582]}