{"mjd": [56297.758928, 56303.73, 56327.787733, 56297.758928, 56303.73, 56327.787733, 56297.758928, 56303.73, 56327.787733, 56303.73], "magerr": [0.012799999676644802, -1.0, -1.0, 0.012199999764561653, -1.0, -1.0, 0.023499999195337296, 0.23680000007152557, -1.0, -1.0], "observatory": ["Nadia Blogorodnova t", "Nadia Blogorodnova t", "Nadia Blogorodnova t", "Nadia Blogorodnova t", "Nadia Blogorodnova t", "Nadia Blogorodnova t", "Nadia Blogorodnova t", "Nadia Blogorodnova t", "Nadia Blogorodnova t", "Nadia Blogorodnova t"], "mag": [16.754600524902344, 23.63610076904297, 22.53380012512207, 16.474899291992188, 23.568500518798828, 22.434799194335938, 16.285499572753906, 20.06909942626953, 21.631000518798828, 22.88360023498535], "filter": ["B", "B", "B", "V", "V", "V", "R", "R", "R", "I"], "catalog": ["SDSS", "SDSS", "SDSS", "SDSS", "SDSS", "SDSS", "SDSS", "SDSS", "SDSS", "SDSS"], "caliberr": [0.20572200417518616, 0.19294500350952148, 0.22737400233745575, 0.2593599855899811, 0.21682000160217285, 0.26442500948905945, 0.1990080028772354, 0.3227759897708893, 0.34743601083755493, 0.25951701402664185]}