{"mjd": [57142.3281724, 57148.8734166, 57148.8769482, 57148.88048, 57150.879136, 57150.8826677, 57150.8861994, 57148.8843029, 57148.8878343, 57148.8913659, 57150.8946847, 57150.8982164, 57150.9017485, 57151.876439, 57151.8799708, 57151.8835025, 57152.8778418, 57152.8813735, 57152.8849054, 57148.895203, 57148.8987359, 57148.9022676, 57150.9099182, 57150.9134499, 57150.9169815, 57151.887322, 57151.8908538, 57151.8943854, 57152.8887191, 57152.8922507, 57152.8957826, 57148.90609, 57148.9096218, 57148.9131534, 57150.924804, 57150.9283357, 57150.9318675, 57151.8982189, 57151.9017506, 57151.9052824, 57152.8996226, 57152.9031543, 57152.906686, 57146.9632357, 57146.9697231, 57146.9595035, 57146.9632357, 57146.9697231, 57148.9627541, 57148.9674043, 57146.9595035, 57146.9632357, 57146.9697231, 57148.9627541, 57148.9674043], "magerr": [0.007000000216066837, 0.018400000408291817, -1.0, -1.0, -1.0, -1.0, -1.0, 0.01590000092983246, 0.01640000008046627, 0.01720000058412552, 0.01720000058412552, 0.016899999231100082, 0.01720000058412552, 0.01730000041425228, 0.01730000041425228, 0.01679999940097332, 0.01860000006854534, 0.018400000408291817, 0.01940000057220459, 0.015200000256299973, 0.016100000590085983, 0.016300000250339508, 0.014100000262260437, 0.0142000000923872, 0.0142000000923872, 0.016200000420212746, 0.014800000004470348, 0.01720000058412552, 0.01810000091791153, 0.01860000006854534, 0.016599999740719795, 0.022700000554323196, 0.023099999874830246, 0.02239999920129776, 0.023900000378489494, 0.024299999698996544, 0.025699999183416367, 0.02319999970495701, 0.021299999207258224, 0.02160000056028366, 0.02800000086426735, 0.02850000001490116, 0.03460000082850456, -1.0, -1.0, -1.0, 0.020600000396370888, 0.016699999570846558, 0.048700001090765, 0.012000000104308128, 0.040699999779462814, 0.012600000016391277, 0.009399999864399433, 0.03530000150203705, 0.00839999970048666], "alert_name": null, "observatory": ["RTT150", "ObsMontsec-Umut Burg", "ObsMontsec-Umut Burg", "ObsMontsec-Umut Burg", "ObsMontsec-Umut Burg", "ObsMontsec-Umut Burg", "ObsMontsec-Umut Burg", "ObsMontsec-Umut Burg", "ObsMontsec-Umut Burg", "ObsMontsec-Umut Burg", "ObsMontsec-Umut Burg", "ObsMontsec-Umut Burg", "ObsMontsec-Umut Burg", "ObsMontsec-Umut Burg", "ObsMontsec-Umut Burg", "ObsMontsec-Umut Burg", "ObsMontsec-Umut Burg", "ObsMontsec-Umut Burg", "ObsMontsec-Umut Burg", "ObsMontsec-Umut Burg", "ObsMontsec-Umut Burg", "ObsMontsec-Umut Burg", "ObsMontsec-Umut Burg", "ObsMontsec-Umut Burg", "ObsMontsec-Umut Burg", "ObsMontsec-Umut Burg", "ObsMontsec-Umut Burg", "ObsMontsec-Umut Burg", "ObsMontsec-Umut Burg", "ObsMontsec-Umut Burg", "ObsMontsec-Umut Burg", "ObsMontsec-Umut Burg", "ObsMontsec-Umut Burg", "ObsMontsec-Umut Burg", "ObsMontsec-Umut Burg", "ObsMontsec-Umut Burg", "ObsMontsec-Umut Burg", "ObsMontsec-Umut Burg", "ObsMontsec-Umut Burg", "ObsMontsec-Umut Burg", "ObsMontsec-Umut Burg", "ObsMontsec-Umut Burg", "ObsMontsec-Umut Burg", "Anna Hourihane", "Anna Hourihane", "Anna Hourihane", "Anna Hourihane", "Anna Hourihane", "Anna Hourihane", "Anna Hourihane", "Anna Hourihane", "Anna Hourihane", "Anna Hourihane", "Anna Hourihane", "Anna Hourihane"], "caliberr": [0.08352620154619217, 0.056858401745557785, 0.053299400955438614, 0.055229198187589645, 0.049894899129867554, 0.06175820156931877, 0.04892539978027344, 0.03352370113134384, 0.015243600122630596, 0.021202800795435905, 0.019755499437451363, 0.02542250044643879, 0.016759200021624565, 0.021788999438285828, 0.022404799237847328, 0.017409199848771095, 0.016347400844097137, 0.01820960082113743, 0.016539400443434715, 0.051191799342632294, 0.0834473967552185, 0.07563520222902298, 0.055173199623823166, 0.07360149919986725, 0.07898619771003723, 0.046339500695466995, 0.05086350068449974, 0.09269139915704727, 0.04851039871573448, 0.05780389904975891, 0.06313540041446686, 0.03681740164756775, 0.04303500056266785, 0.043836500495672226, 0.04685939848423004, 0.04760719835758209, 0.04089390113949776, 0.03992990031838417, 0.08498050272464752, 0.11010599881410599, 0.04107949882745743, 0.12257199734449387, 0.11575400084257126, 0.06655710190534592, 0.0553411990404129, 0.04294909909367561, 0.0816946029663086, 0.06647419929504395, 0.04864950105547905, 0.06776370108127594, 0.08160459995269775, 0.08603929728269577, 0.0780825987458229, 0.09139630198478699, 0.07578080147504807], "mag": [17.68549919128418, 17.702299118041992, 21.067699432373047, 21.08099937438965, 20.580400466918945, 21.048799514770508, 20.957599639892578, 17.125200271606445, 17.13610076904297, 17.114999771118164, 17.08679962158203, 17.087900161743164, 17.137800216674805, 17.066600799560547, 17.158599853515625, 17.131099700927734, 17.11549949645996, 17.125, 17.172500610351562, 16.95789909362793, 16.94879913330078, 16.984100341796875, 16.925600051879883, 16.94499969482422, 16.95199966430664, 17.020299911499023, 16.962499618530273, 16.95870018005371, 16.996200561523438, 17.05069923400879, 16.944900512695312, 16.795700073242188, 16.821699142456055, 16.814300537109375, 16.93829917907715, 16.874900817871094, 16.9768009185791, 16.848600387573242, 16.885799407958984, 16.83970069885254, 17.135700225830078, 17.260000228881836, 17.38559913635254, 19.816600799560547, 22.03619956970215, 18.782899856567383, 17.341800689697266, 17.32990074157715, 17.917600631713867, 17.29960060119629, 17.415199279785156, 16.886899948120117, 16.925399780273438, 17.34830093383789, 16.909099578857422], "catalog": ["SDSS", "APASS", "APASS", "APASS", "APASS", "APASS", "APASS", "APASS", "APASS", "APASS", "APASS", "APASS", "APASS", "APASS", "APASS", "APASS", "APASS", "APASS", "APASS", "APASS", "APASS", "APASS", "APASS", "APASS", "APASS", "APASS", "APASS", "APASS", "APASS", "APASS", "APASS", "APASS", "APASS", "APASS", "APASS", "APASS", "APASS", "APASS", "APASS", "APASS", "APASS", "APASS", "APASS", "SDSS", "SDSS", "SDSS", "SDSS", "SDSS", "SDSS", "SDSS", "SDSS", "SDSS", "SDSS", "SDSS", "SDSS"], "filter": ["g", "B", "B", "B", "B", "B", "B", "V", "V", "V", "V", "V", "V", "V", "V", "V", "V", "V", "V", "r", "r", "r", "r", "r", "r", "r", "r", "r", "r", "r", "r", "i", "i", "i", "i", "i", "i", "i", "i", "i", "i", "i", "i", "u", "u", "g", "g", "g", "g", "g", "r", "r", "r", "r", "r"]}