{"mjd": [57453.3688584028, 57453.3736238773, 57453.3777687963], "magerr": [-1.0, -1.0, -1.0], "alert_name": null, "observatory": ["LCOGT Gaia Alerts Gr", "LCOGT Gaia Alerts Gr", "LCOGT Gaia Alerts Gr"], "caliberr": [0.05069170147180557, 0.05959149822592735, 0.12847800552845], "mag": [22.386899948120117, 21.776599884033203, 21.079700469970703], "catalog": ["APASS", "APASS", "APASS"], "filter": ["g", "r", "i"]}