{"mjd": [55791.03426, 55791.03801, 55791.04234], "magerr": [-1.0, -1.0, 0.18700000643730164], "alert_name": null, "observatory": ["Alex Ball-SMARTS1.3", "Alex Ball-SMARTS1.3", "Alex Ball-SMARTS1.3"], "caliberr": [0.2383590042591095, 0.35759401321411133, 0.009999999776482582], "mag": [22.108400344848633, 22.127300262451172, 21.037700653076172], "catalog": ["USNO", "USNO", "APASS"], "filter": ["R2pg", "R2pg", "r"]}