{"mjd": [56013.4078187048, 56013.4013265669, 56013.3965907395, 56013.4134193957], "magerr": [0.008299999870359898, 0.005900000222027302, 0.004399999976158142, 0.010200000368058681], "observatory": ["RichardAndersonEuler", "RichardAndersonEuler", "RichardAndersonEuler", "RichardAndersonEuler"], "mag": [18.27400016784668, 18.073200225830078, 17.97920036315918, 17.98310089111328], "filter": ["B", "V", "r", "r"], "catalog": ["APASS", "APASS", "APASS", "APASS"], "caliberr": [0.09050499647855759, 0.08537159860134125, 0.06762730330228806, 0.08815470337867737]}