{"mjd": [55949.10841, 55949.10408, 55949.10033], "magerr": [0.05009999871253967, 0.03519999980926514, 0.02850000001490116], "alert_name": null, "observatory": ["Alex Ball-SMARTS1.3", "Alex Ball-SMARTS1.3", "Alex Ball-SMARTS1.3"], "caliberr": [0.321723997592926, 0.3698669970035553, 0.3944759964942932], "mag": [19.863300323486328, 19.754899978637695, 18.375600814819336], "catalog": ["USNO", "USNO", "USNO"], "filter": ["B1pg", "B2pg", "R1pg"]}