{"mjd": [55942.0769906, 55942.1599968, 55942.065961, 55942.0667829, 55942.0673205, 55942.0692307, 55942.1493345, 55942.1499521, 55942.1504754, 55942.1523208, 55942.0724028, 55942.1554672, 55942.0692306533, 55942.1523207575], "magerr": [0.0034000000450760126, 0.004800000227987766, 0.02710000053048134, 0.03009999915957451, 0.030300000682473183, 0.0034000000450760126, 0.026200000196695328, 0.02930000051856041, 0.02669999934732914, 0.0031999999191612005, 0.005100000184029341, 0.005400000140070915, 0.0035000001080334187, 0.0035000001080334187], "alert_name": null, "observatory": ["AshishMahabalEulerLa", "AshishMahabalEulerLa", "AshishMahabalEulerLa", "AshishMahabalEulerLa", "AshishMahabalEulerLa", "AshishMahabalEulerLa", "AshishMahabalEulerLa", "AshishMahabalEulerLa", "AshishMahabalEulerLa", "AshishMahabalEulerLa", "AshishMahabalEulerLa", "AshishMahabalEulerLa", "RichardAndersonEuler", "RichardAndersonEuler"], "caliberr": [0.05523509904742241, 0.04672139883041382, 0.027943499386310577, 0.029193300753831863, 0.026554400101304054, 0.031686000525951385, 0.042182400822639465, 0.037601299583911896, 0.032539598643779755, 0.03859899938106537, 0.03883599862456322, 0.03652409836649895, 0.07438600063323975, 0.06325539946556091], "mag": [17.802000045776367, 17.782699584960938, 17.70509910583496, 17.356399536132812, 17.50830078125, 17.70989990234375, 17.633399963378906, 17.653099060058594, 17.43630027770996, 17.677900314331055, 17.520099639892578, 17.525800704956055, 17.683000564575195, 17.251699447631836], "catalog": ["APASS", "APASS", "APASS", "APASS", "APASS", "APASS", "APASS", "APASS", "APASS", "APASS", "APASS", "APASS", "APASS", "APASS"], "filter": ["B", "B", "r", "r", "r", "r", "r", "r", "r", "r", "i", "i", "r", "i"]}