{"mjd": [57437.1874164236, 57437.1921941088, 57437.1962647106], "magerr": [-1.0, -1.0, -1.0], "observatory": ["LCOGT Gaia Alerts Gr", "LCOGT Gaia Alerts Gr", "LCOGT Gaia Alerts Gr"], "mag": [21.46500015258789, 21.253700256347656, 21.067800521850586], "filter": ["g", "r", "i"], "catalog": ["APASS", "APASS", "APASS"], "caliberr": [0.03695850074291229, 0.04827909916639328, 0.07132779806852341]}