{"mjd": [57479.983406, 57479.9869377, 57479.9904691, 57478.8501948, 57478.8537265, 57478.8572581, 57479.950913, 57479.9544445, 57479.9579763, 57484.8463791, 57484.8499109, 57484.8534429, 57478.8739892, 57478.8775207, 57478.8810526, 57479.9616997, 57479.9652316, 57479.9687631, 57484.8571674, 57484.8606997, 57484.8642319, 57478.8975154, 57478.9010469, 57478.9045786, 57479.9724875, 57479.9760191, 57479.9795508, 57484.8680174, 57484.8715495, 57484.8750815, 57478.9209679, 57478.9244996, 57478.9280313, 57484.8788672, 57484.8823993, 57484.8859315], "magerr": [0.020999999716877937, 0.013700000010430813, -1.0, 0.011500000022351742, 0.011699999682605267, 0.011599999852478504, 0.012400000356137753, 0.012299999594688416, 0.012400000356137753, 0.014800000004470348, 0.015799999237060547, 0.01590000092983246, 0.008700000122189522, 0.008899999782443047, 0.008500000461935997, -1.0, 0.009100000374019146, 0.009100000374019146, 0.012199999764561653, 0.011500000022351742, 0.011500000022351742, -1.0, -1.0, -1.0, 0.008500000461935997, 0.008299999870359898, 0.011099999770522118, 0.009399999864399433, 0.009399999864399433, 0.009399999864399433, -1.0, -1.0, -1.0, 0.012299999594688416, 0.011900000274181366, 0.01209999993443489], "alert_name": null, "observatory": ["ObsMontsec-Umut Burg", "ObsMontsec-Umut Burg", "ObsMontsec-Umut Burg", "ObsMontsec-Umut Burg", "ObsMontsec-Umut Burg", "ObsMontsec-Umut Burg", "ObsMontsec-Umut Burg", "ObsMontsec-Umut Burg", "ObsMontsec-Umut Burg", "ObsMontsec-Umut Burg", "ObsMontsec-Umut Burg", "ObsMontsec-Umut Burg", "ObsMontsec-Umut Burg", "ObsMontsec-Umut Burg", "ObsMontsec-Umut Burg", "ObsMontsec-Umut Burg", "ObsMontsec-Umut Burg", "ObsMontsec-Umut Burg", "ObsMontsec-Umut Burg", "ObsMontsec-Umut Burg", "ObsMontsec-Umut Burg", "ObsMontsec-Umut Burg", "ObsMontsec-Umut Burg", "ObsMontsec-Umut Burg", "ObsMontsec-Umut Burg", "ObsMontsec-Umut Burg", "ObsMontsec-Umut Burg", "ObsMontsec-Umut Burg", "ObsMontsec-Umut Burg", "ObsMontsec-Umut Burg", "ObsMontsec-Umut Burg", "ObsMontsec-Umut Burg", "ObsMontsec-Umut Burg", "ObsMontsec-Umut Burg", "ObsMontsec-Umut Burg", "ObsMontsec-Umut Burg"], "caliberr": [0.10350800305604935, 0.10552500188350677, 0.09667380154132843, 0.009999999776482582, 0.009999999776482582, 0.009999999776482582, 0.04047819972038269, 0.009999999776482582, 0.11297000199556351, 0.033778201788663864, 0.05325939878821373, 0.04993090033531189, 0.009999999776482582, 0.009999999776482582, 0.009999999776482582, 0.026018600910902023, 0.034491799771785736, 0.028910400345921516, 0.01812100037932396, 0.009999999776482582, 0.009999999776482582, 0.019652100279927254, 0.022682299837470055, 0.018806900829076767, 0.025242699310183525, 0.026367800310254097, 0.014128999784588814, 0.07366109639406204, 0.07366109639406204, 0.30007800459861755, 0.026249999180436134, 0.09147319942712784, 0.17210699617862701, 0.37166398763656616, 0.3438909947872162, 0.3681989908218384], "mag": [15.647899627685547, 14.871500015258789, 19.366500854492188, 16.66860008239746, 16.71419906616211, 16.782699584960938, 16.91950035095215, 16.943099975585938, 16.787200927734375, 17.31089973449707, 17.53230094909668, 17.59469985961914, 16.08530044555664, 16.139699935913086, 15.96090030670166, 20.84589958190918, 16.08180046081543, 15.995599746704102, 16.970800399780273, 16.745100021362305, 16.634599685668945, 21.187700271606445, 20.970699310302734, 20.7632999420166, 16.35919952392578, 16.285499572753906, 16.024799346923828, 16.761999130249023, 16.761999130249023, 16.869199752807617, 19.977100372314453, 20.283000946044922, 20.092199325561523, 16.392099380493164, 16.4064998626709, 16.48200035095215], "catalog": ["SDSS", "SDSS", "SDSS", "APASS", "APASS", "APASS", "APASS", "APASS", "APASS", "APASS", "APASS", "APASS", "APASS", "APASS", "APASS", "APASS", "APASS", "APASS", "APASS", "APASS", "APASS", "APASS", "APASS", "APASS", "APASS", "APASS", "APASS", "APASS", "APASS", "APASS", "APASS", "APASS", "APASS", "APASS", "APASS", "APASS"], "filter": ["I", "I", "I", "B", "B", "B", "B", "B", "B", "B", "B", "B", "V", "V", "V", "V", "V", "V", "V", "V", "V", "r", "r", "r", "r", "r", "r", "r", "r", "r", "i", "i", "i", "i", "i", "i"]}