{"mjd": [56824.196285, 56857.138113, 56860.118762, 56860.121748], "magerr": [0.04872630164027214, 0.026653200387954712, 0.021805299445986748, 0.021915899589657784], "observatory": ["Stuart Littlefair, p", "Stuart Littlefair, p", "Stuart Littlefair, p", "Stuart Littlefair, p"], "mag": [15.690899848937988, 15.752799987792969, 15.637200355529785, 15.691200256347656], "filter": ["R", "R", "R", "R"], "catalog": ["SDSS", "SDSS", "SDSS", "SDSS"], "caliberr": [0.2946150004863739, 0.20476700365543365, 0.2120479941368103, 0.18286800384521484]}