{"mjd": [57049.00536354], "magerr": [0.07180000096559525], "observatory": ["K.Wiersema-Leicester"], "mag": [18.103500366210938], "filter": ["V"], "catalog": ["APASS"], "caliberr": [0.07830189913511276]}