{"mjd": [57085.1741581, 57085.1830453, 57085.203893, 57085.1741581, 57085.2247407, 57085.2455884, 57085.1934692, 57085.2143168, 57085.203893, 57085.2429824, 57085.2221347, 57085.1830453, 57085.1908632, 57085.2541848, 57085.2143168, 57085.1934692, 57085.2325586, 57085.1908632, 57085.2325586, 57085.2455884, 57085.2429824, 57085.2117109, 57085.2012871, 57085.2351645, 57085.2351645, 57085.2012871, 57085.1804394, 57085.2221347, 57085.2247407, 57085.2117109, 57085.1804394, 57085.2541848, 57093.1260056, 57093.1295225, 57093.1330393, 57093.1583839, 57093.1619011, 57093.165418, 57093.1475906, 57093.1511076, 57093.1546245, 57093.1367322, 57093.140249, 57093.1437657, 57146.1267432, 57146.123671, 57146.1267432, 57146.123671, 57149.1173494, 57146.1305069, 57146.1305069, 57146.123671, 57149.1211676, 57147.1272788, 57147.1313988, 57149.1211676, 57147.1313988, 57147.1335952, 57147.1272788, 57147.1372692, 57147.1372692, 57147.1372692, 57147.1335952, 57149.1173494, 57055.249595, 57055.250359, 57055.25191, 57055.252662, 57055.253426, 57055.25419, 57055.254954, 57055.255718, 57055.256493, 57055.25691, 57055.257731, 57057.194306, 57057.198692, 57057.200139, 57057.201597, 57057.203056, 57057.204514, 57057.205972, 57057.209722, 57059.162211, 57059.164005, 57059.16581, 57059.167616, 57059.169421, 57059.171227, 57059.173808, 57067.143843, 57067.145637, 57067.147442, 57067.149248, 57067.151053, 57067.152859], "magerr": [0.04089999943971634, 0.026200000196695328, 0.028699999675154686, 0.03400000184774399, 0.023800000548362732, 0.02410000003874302, 0.017400000244379044, 0.023800000548362732, 0.029899999499320984, 0.026000000536441803, 0.02319999970495701, 0.027000000700354576, 0.028200000524520874, 0.023399999365210533, 0.02410000003874302, 0.0203000009059906, 0.0284000001847744, 0.031099999323487282, 0.02669999934732914, 0.026100000366568565, 0.025100000202655792, 0.023800000548362732, 0.022199999541044235, 0.02710000053048134, 0.0272000003606081, 0.0210999995470047, 0.042899999767541885, 0.022099999710917473, 0.025200000032782555, 0.025800000876188278, 0.03750000149011612, 0.02539999969303608, -1.0, -1.0, -1.0, -1.0, -1.0, -1.0, -1.0, -1.0, -1.0, -1.0, -1.0, -1.0, 0.06310000270605087, -1.0, 0.0689999982714653, 0.07689999788999557, -1.0, 0.051600001752376556, 0.052299998700618744, 0.066600002348423, 0.03680000081658363, -1.0, -1.0, 0.03449999913573265, -1.0, 0.08489999920129776, -1.0, 0.0478999987244606, 0.04659999907016754, -1.0, 0.0731000006198883, -1.0, -1.0, -1.0, 0.1661510020494461, -1.0, 0.14799100160598755, -1.0, -1.0, -1.0, -1.0, -1.0, -1.0, -1.0, -1.0, 0.1286199986934662, 0.12176000326871872, -1.0, -1.0, -1.0, -1.0, 0.14228099584579468, 0.14331099390983582, -1.0, -1.0, -1.0, -1.0, -1.0, -1.0, -1.0, -1.0, -1.0, -1.0, -1.0], "observatory": ["Heather Campbell", "Heather Campbell", "Heather Campbell", "Heather Campbell", "Heather Campbell", "Heather Campbell", "Heather Campbell", "Heather Campbell", "Heather Campbell", "Heather Campbell", "Heather Campbell", "Heather Campbell", "Heather Campbell", "Heather Campbell", "Heather Campbell", "Heather Campbell", "Heather Campbell", "Heather Campbell", "Heather Campbell", "Heather Campbell", "Heather Campbell", "Heather Campbell", "Heather Campbell", "Heather Campbell", "Heather Campbell", "Heather Campbell", "Heather Campbell", "Heather Campbell", "Heather Campbell", "Heather Campbell", "Heather Campbell", "Heather Campbell", "ObsMontsec-Umut Burg", "ObsMontsec-Umut Burg", "ObsMontsec-Umut Burg", "ObsMontsec-Umut Burg", "ObsMontsec-Umut Burg", "ObsMontsec-Umut Burg", "ObsMontsec-Umut Burg", "ObsMontsec-Umut Burg", "ObsMontsec-Umut Burg", "ObsMontsec-Umut Burg", "ObsMontsec-Umut Burg", "ObsMontsec-Umut Burg", "Anna Hourihane", "Anna Hourihane", "Anna Hourihane", "Anna Hourihane", "Anna Hourihane", "Anna Hourihane", "Anna Hourihane", "Anna Hourihane", "Anna Hourihane", "Anna Hourihane", "Anna Hourihane", "Anna Hourihane", "Anna Hourihane", "Anna Hourihane", "Anna Hourihane", "Anna Hourihane", "Anna Hourihane", "Anna Hourihane", "Anna Hourihane", "Anna Hourihane", "Liam Hardy pt5m", "Liam Hardy pt5m", "Liam Hardy pt5m", "Liam Hardy pt5m", "Liam Hardy pt5m", "Liam Hardy pt5m", "Liam Hardy pt5m", "Liam Hardy pt5m", "Liam Hardy pt5m", "Liam Hardy pt5m", "Liam Hardy pt5m", "Liam Hardy pt5m", "Liam Hardy pt5m", "Liam Hardy pt5m", "Liam Hardy pt5m", "Liam Hardy pt5m", "Liam Hardy pt5m", "Liam Hardy pt5m", "Liam Hardy pt5m", "Liam Hardy pt5m", "Liam Hardy pt5m", "Liam Hardy pt5m", "Liam Hardy pt5m", "Liam Hardy pt5m", "Liam Hardy pt5m", "Liam Hardy pt5m", "Liam Hardy pt5m", "Liam Hardy pt5m", "Liam Hardy pt5m", "Liam Hardy pt5m", "Liam Hardy pt5m", "Liam Hardy pt5m"], "mag": [18.879100799560547, 18.74920082092285, 18.943500518798828, 18.87380027770996, 18.902299880981445, 18.846900939941406, 18.699600219726562, 18.800399780273438, 18.965499877929688, 18.722299575805664, 18.816200256347656, 18.80430030822754, 18.61520004272461, 18.965099334716797, 18.841299057006836, 18.698200225830078, 18.792999267578125, 18.648099899291992, 18.81049919128418, 18.79759979248047, 18.7189998626709, 18.927200317382812, 18.938400268554688, 18.781200408935547, 18.82670021057129, 18.97089958190918, 18.80459976196289, 18.839000701904297, 18.830299377441406, 18.900800704956055, 18.91080093383789, 18.927099227905273, 19.37660026550293, 19.37299919128418, 19.202299118041992, 18.677600860595703, 18.394399642944336, 18.68470001220703, 18.16080093383789, 17.629899978637695, 17.82859992980957, 18.096399307250977, 18.810400009155273, 17.88129997253418, 19.151899337768555, 18.905500411987305, 19.23740005493164, 19.194400787353516, 22.461999893188477, 19.19499969482422, 19.044099807739258, 18.97800064086914, 19.111299514770508, 18.713199615478516, 18.795299530029297, 19.12929916381836, 21.051799774169922, 19.040000915527344, 21.32110023498535, 18.895000457763672, 19.06369972229004, 21.922300338745117, 19.09079933166504, 20.05579948425293, 18.120399475097656, 18.453800201416016, 18.5403995513916, 18.733800888061523, 18.443500518798828, 17.885000228881836, 17.582500457763672, 17.06130027770996, 17.875, 17.68869972229004, 17.726200103759766, 18.179899215698242, 18.928300857543945, 18.417200088500977, 18.257299423217773, 18.154399871826172, 18.13759994506836, 18.07430076599121, 18.19659996032715, 18.497600555419922, 18.56879997253418, 18.7268009185791, 18.163000106811523, 18.285900115966797, 18.10059928894043, 18.060199737548828, 20.206199645996094, 20.232099533081055, 19.58300018310547, 18.489200592041016, 18.519699096679688, 18.4414005279541], "filter": ["g", "r", "r", "r", "r", "r", "r", "r", "g", "g", "g", "g", "r", "g", "g", "g", "g", "g", "r", "g", "r", "r", "g", "g", "r", "r", "g", "r", "g", "g", "r", "r", "B", "B", "B", "i", "i", "i", "r", "r", "r", "V", "V", "V", "r", "u", "g", "g", "r", "g", "r", "r", "g", "g", "g", "r", "r", "r", "r", "r", "g", "u", "g", "g", "B", "B", "R", "R", "R", "I", "I", "I", "V", "V", "V", "B", "R", "R", "R", "I", "I", "I", "V", "R", "R", "R", "I", "I", "I", "V", "R", "R", "R", "I", "I", "I"], "catalog": ["SDSS", "SDSS", "SDSS", "SDSS", "SDSS", "SDSS", "SDSS", "SDSS", "SDSS", "SDSS", "SDSS", "SDSS", "SDSS", "SDSS", "SDSS", "SDSS", "SDSS", "SDSS", "SDSS", "SDSS", "SDSS", "SDSS", "SDSS", "SDSS", "SDSS", "SDSS", "SDSS", "SDSS", "SDSS", "SDSS", "SDSS", "SDSS", "APASS", "APASS", "APASS", "APASS", "APASS", "APASS", "APASS", "APASS", "APASS", "APASS", "APASS", "APASS", "SDSS", "SDSS", "SDSS", "SDSS", "SDSS", "SDSS", "SDSS", "SDSS", "SDSS", "SDSS", "SDSS", "SDSS", "SDSS", "SDSS", "SDSS", "SDSS", "SDSS", "SDSS", "SDSS", "SDSS", "APASS", "APASS", "SDSS", "SDSS", "SDSS", "SDSS", "SDSS", "SDSS", "APASS", "APASS", "APASS", "APASS", "SDSS", "SDSS", "SDSS", "SDSS", "SDSS", "SDSS", "APASS", "SDSS", "SDSS", "SDSS", "SDSS", "SDSS", "SDSS", "APASS", "SDSS", "SDSS", "SDSS", "SDSS", "SDSS", "SDSS"],