{"mjd": [57461.323215787, 57461.32797625, 57461.3320412037], "magerr": [0.0024999999441206455, 0.002199999988079071, 0.0027000000700354576], "alert_name": null, "observatory": ["LCOGT Gaia Alerts Gr", "LCOGT Gaia Alerts Gr", "LCOGT Gaia Alerts Gr"], "caliberr": [0.037585701793432236, 0.03061939962208271, 0.07655780017375946], "mag": [16.447599411010742, 15.939399719238281, 15.685600280761719], "catalog": ["APASS", "APASS", "APASS"], "filter": ["g", "r", "i"]}