{"mjd": [57148.1312737, 57148.1366058, 57148.1260299, 57148.1312737, 57148.1346989, 57148.1366058, 57148.1260299, 57148.1312737, 57148.1346989, 57148.1366058], "magerr": [-1.0, -1.0, 0.027000000700354576, 0.012600000016391277, 0.01269999984651804, 0.012500000186264515, 0.011900000274181366, 0.005499999970197678, 0.005499999970197678, 0.005499999970197678], "observatory": ["Anna Hourihane", "Anna Hourihane", "Anna Hourihane", "Anna Hourihane", "Anna Hourihane", "Anna Hourihane", "Anna Hourihane", "Anna Hourihane", "Anna Hourihane", "Anna Hourihane"], "mag": [18.973800659179688, 19.159799575805664, 16.608299255371094, 16.382999420166016, 16.284700393676758, 16.284299850463867, 15.370800018310547, 15.121100425720215, 15.119199752807617, 15.116000175476074], "filter": ["u", "u", "g", "g", "g", "g", "r", "r", "r", "r"], "catalog": ["SDSS", "SDSS", "SDSS", "SDSS", "SDSS", "SDSS", "SDSS", "SDSS", "SDSS", "SDSS"], "caliberr": [0.03382200002670288, 0.046872999519109726, 0.0317968986928463, 0.09058350324630737, 0.10248599946498871, 0.09531159698963165, 0.07612329721450806, 0.07417059689760208, 0.06241400167346001, 0.05220859870314598]}