{"mjd": [57431.284083206, 57434.1685406597, 57431.2888466088, 57434.1733543403, 57431.2929256018, 57434.1774193519], "magerr": [0.042100001126527786, -1.0, 0.053700000047683716, -1.0, -1.0, -1.0], "observatory": ["LCOGT Gaia Alerts Gr", "LCOGT Gaia Alerts Gr", "LCOGT Gaia Alerts Gr", "LCOGT Gaia Alerts Gr", "LCOGT Gaia Alerts Gr", "LCOGT Gaia Alerts Gr"], "mag": [20.284099578857422, 21.50349998474121, 20.181699752807617, 21.3439998626709, 21.158000946044922, 20.91900062561035], "filter": ["g", "g", "r", "r", "i", "i"], "catalog": ["APASS", "APASS", "APASS", "APASS", "APASS", "APASS"], "caliberr": [0.04633190110325813, 0.040007200092077255, 0.030379099771380424, 0.03128809854388237, 0.08947379887104034, 0.09800019860267639]}