{"mjd": [57161.8665278], "magerr": [0.032999999821186066], "observatory": ["JureJapelj_Vega_Slov"], "mag": [15.265000343322754], "filter": ["V"], "catalog": ["APASS"], "caliberr": [0.05651180073618889]}