{"mjd": [57245.0070385416, 57245.01636968, 57245.89227986, 57245.90022315, 57246.91365822, 57246.92160023, 57245.01080799, 57245.01874815, 57245.89466227, 57245.90260127, 57246.91603854, 57246.92397824, 57245.01249178, 57245.02043183, 57245.89634549, 57245.9042853, 57246.91772234, 57246.92566181], "magerr": [0.03400000184774399, 0.029999999329447746, 0.035999998450279236, 0.029999999329447746, 0.03400000184774399, 0.0, 0.02199999988079071, 0.023000000044703484, 0.02199999988079071, 0.024000000208616257, 0.020999999716877937, 0.020999999716877937, 0.017999999225139618, 0.019999999552965164, 0.020999999716877937, 0.01899999938905239, 0.01899999938905239, 0.024000000208616257], "alert_name": null, "observatory": ["OHP_MPawlak", "OHP_MPawlak", "OHP_MPawlak", "OHP_MPawlak", "OHP_MPawlak", "OHP_MPawlak", "OHP_MPawlak", "OHP_MPawlak", "OHP_MPawlak", "OHP_MPawlak", "OHP_MPawlak", "OHP_MPawlak", "OHP_MPawlak", "OHP_MPawlak", "OHP_MPawlak", "OHP_MPawlak", "OHP_MPawlak", "OHP_MPawlak"], "caliberr": [0.042356498539447784, 0.04113389924168587, 0.21053600311279297, 0.14423799514770508, 0.07772470265626907, 0.07642920315265656, 0.04945940151810646, 0.05172039940953255, 0.09849049896001816, 0.10125699639320374, 0.06031610071659088, 0.06627059727907181, 0.057773299515247345, 0.060761500149965286, 0.14574700593948364, 0.1017569974064827, 0.07741139829158783, 0.07447399944067001], "mag": [19.09819984436035, 18.985200881958008, 19.138599395751953, 19.109100341796875, 19.14590072631836, 19.01259994506836, 18.087200164794922, 18.098800659179688, 18.155799865722656, 18.149200439453125, 18.105600357055664, 18.170700073242188, 17.857900619506836, 17.800399780273438, 17.92020034790039, 17.851999282836914, 17.848100662231445, 17.9507999420166], "catalog": ["APASS", "APASS", "APASS", "APASS", "APASS", "APASS", "APASS", "APASS", "APASS", "APASS", "APASS", "APASS", "APASS", "APASS", "APASS", "APASS", "APASS", "APASS"], "filter": ["B", "B", "B", "B", "B", "B", "V", "V", "V", "V", "V", "V", "r", "r", "r", "r", "r", "r"]}