{"mjd": [56229.764884259, 56232.7454166668], "magerr": [0.04899999871850014, 0.035999998450279236], "observatory": ["Ulrich Kolb, PIRATE,", "Ulrich Kolb, PIRATE,"], "mag": [17.41550064086914, 17.3075008392334], "filter": ["r", "r"], "catalog": ["APASS", "APASS"], "caliberr": [0.027483800426125526, 0.02579670026898384]}