{"mjd": [56853.897917, 56853.902951, 56853.90603, 56850.896632, 56854.901898, 56857.894201, 56848.906157, 56848.907604, 56848.909132, 56850.905567, 56850.907014, 56850.908542, 56857.898484, 56852.903877, 56852.905324, 56798.884657, 56798.886768, 56798.878312, 56798.8594907406, 56798.888634, 56799.901227, 56798.877004, 56798.890253, 56852.908472, 56798.861111111, 56799.905613, 56799.907106, 56799.908553, 56798.8600925924, 56806.316159, 56806.317991, 56806.319708, 56807.775686, 56807.777517, 56807.779113, 56807.799015, 56806.321532, 56801.983912, 56801.9915162, 56812.786598, 56812.788038, 56812.790882, 56825.916968, 56825.918495, 56825.919954, 56825.92147, 56825.92309, 56831.910093, 56801.9875116, 56801.9953472, 56812.789494, 56831.921389, 56831.922836, 56834.918264, 56834.920058, 56834.923032, 56801.9970602, 56820.912164, 56828.975058, 56801.9989352, 56820.915139, 56826.913762, 56835.91684, 56835.919734, 56819.983947, 56821.80124, 56826.916088, 56835.918287, 56819.987002, 56821.803121, 56826.919282, 56819.989988, 56815.99646, 56821.806051, 56826.92235, 56826.923889, 56832.913241, 56818.907269, 56821.808038, 56818.910405, 56798.798, 56813.8417939814, 56798.8016, 56798.7944, 56813.8433217593, 56813.8427430554, 56799.77, 56818.914826, 56799.88, 56818.916354, 56800.788, 56800.989294, 56800.9955787, 56800.898, 56801.772, 56800.9917708, 56802.791, 56800.9999074, 56801.0057523, 56799.7701591798, 56801.0026273, 56817.911377, 56799.8788337102, 56800.7830010098, 56800.8925496899, 56801.7668968998, 56802.78561068, 56821.908079, 56815.913669, 56821.912674, 56821.91412, 56815.915197, 56821.91566, 56821.917106, 56821.918623, 56814.95331, 56823.911366, 56814.954942, 56823.912812, 56823.914259, 56823.9186, 56814.960984, 56803.805863, 56803.809198, 56803.813845, 56803.81605, 56803.807372, 56803.810767, 56803.817669], "magerr": [0.051062099635601044, 0.02692360058426857, 0.01784460060298443, 0.08539470285177231, 0.024921700358390808, 0.04866189882159233, 0.027156999334692955, 0.027559500187635422, 0.025414299219846725, 0.0313911996781826, 0.03324750065803528, 0.03262760117650032, 0.023750299587845802, 0.023923000320792198, 0.016772499307990074, 0.004399999976158142, 0.004600000102072954, 0.01769999973475933, 0.005900000222027302, 0.007000000216066837, 0.016750099137425423, 0.007300000172108412, 0.01590000092983246, 0.016542600467801094, 0.006399999838322401, 0.010215699672698975, 0.008258280344307423, 0.008184029720723629, 0.005400000140070915, 0.004999999888241291, 0.005400000140070915, 0.009700000286102295, 0.004999999888241291, 0.004800000227987766, 0.008299999870359898, 0.018300000578165054, 0.027000000700354576, 0.0034000000450760126, 0.0035000001080334187, 0.0071000000461936, 0.007199999876320362, 0.0210999995470047, 0.018980199471116066, 0.020963599905371666, 0.013893299736082554, 0.013415900059044361, 0.014244900085031986, 0.04182770103216171, 0.0034000000450760126, 0.0052999998442828655, 0.011900000274181366, 0.014757500030100346, 0.014785599894821644, 0.023328199982643127, 0.02384350076317787, 0.016396600753068924, 0.004399999976158142, 0.042804498225450516, 0.026167599484324455, 0.004399999976158142, 0.047426801174879074, 0.035266999155282974, 0.02319449931383133, 0.02213280089199543, 0.03246359899640083, 0.017899999395012856, 0.017205100506544113, 0.02306709997355938, 0.03297559916973114, 0.009499999694526196, 0.01912659965455532, 0.023893099278211594, 0.01600000075995922, 0.011300000362098217, 0.011921600438654423, 0.011653300374746323, 0.013149400241672993, 0.06702560186386108, 0.02019999921321869, 0.025722799822688103, 0.016300000250339508, 0.01489999983459711, 0.01549999974668026, 0.01850000023841858, 0.022700000554323196, 0.02290000021457672, 0.0071000000461936, 0.017527900636196136, 0.007300000172108412, 0.017882900312542915, 0.007600000128149986, 0.017999999225139618, 0.017000000923871994, 0.006599999964237213, 0.006800000090152025, 0.017000000923871994, 0.006599999964237213, 0.017000000923871994, 0.01600000075995922, 0.007300000172108412, 0.017000000923871994, 0.022226300090551376, 0.007199999876320362, 0.007699999958276749, 0.006899999920278788, 0.0066999997943639755, 0.006300000008195639, 0.08308529853820801, 0.01433470007032156, 0.03189700096845627, 0.03352149948477745, 0.013696200214326382, 0.02140060067176819, 0.022649399936199188, 0.023574499413371086, 0.045072998851537704, 0.022125400602817535, 0.02068920060992241, 0.02209240011870861, 0.022550100460648537, 0.014137900434434414, 0.013714199885725975, 0.004600000102072954, 0.004600000102072954, 0.007300000172108412, 0.017899999395012856, 0.0044999998062849045, 0.004600000102072954, 0.018699999898672104], "alert_name": null, "observatory": ["Stuart Littlefair, p", "Stuart Littlefair, p", "Stuart Littlefair, p", "Stuart Littlefair, p", "Stuart Littlefair, p", "Stuart Littlefair, p", "Stuart Littlefair, p", "Stuart Littlefair, p", "Stuart Littlefair, p", "Stuart Littlefair, p", "Stuart Littlefair, p", "Stuart Littlefair, p", "Stuart Littlefair, p", "Stuart Littlefair, p", "Stuart Littlefair, p", "Irek Khamitov T100", "Irek Khamitov T100", "Irek Khamitov T100", "Montarrenti Observat", "Irek Khamitov T100", "Stuart Littlefair, p", "Irek Khamitov T100", "Irek Khamitov T100", "Stuart Littlefair, p", "Montarrenti Observat", "Stuart Littlefair, p", "Stuart Littlefair, p", "Stuart Littlefair, p", "Montarrenti Observat", "T100,Hasan Esenoglu", "T100,Hasan Esenoglu", "T100,Hasan Esenoglu", "T100,Hasan Esenoglu", "T100,Hasan Esenoglu", "T100,Hasan Esenoglu", "T100,Hasan Esenoglu", "T100,Hasan Esenoglu", "Loiano,K.Ulaczyk", "Loiano,K.Ulaczyk", "T100,Hasan Esenoglu", "T100,Hasan Esenoglu", "T100,Hasan Esenoglu", "Stuart Littlefair, p", "Stuart Littlefair, p", "Stuart Littlefair, p", "Stuart Littlefair, p", "Stuart Littlefair, p", "Stuart Littlefair, p", "Loiano,K.Ulaczyk", "Loiano,K.Ulaczyk", "T100,Hasan Esenoglu", "Stuart Littlefair, p", "Stuart Littlefair, p", "Stuart Littlefair, p", "Stuart Littlefair, p", "Stuart Littlefair, p", "Loiano,K.Ulaczyk", "Stuart Littlefair, p", "Stuart Littlefair, p", "Loiano,K.Ulaczyk", "Stuart Littlefair, p", "Stuart Littlefair, p", "Stuart Littlefair, p", "Stuart Littlefair, p", "Stuart Littlefair, p", "T100,Hasan Esenoglu", "Stuart Littlefair, p", "Stuart Littlefair, p", "Stuart Littlefair, p", "T100,Hasan Esenoglu", "Stuart Littlefair, p", "Stuart Littlefair, p", "Ostrowik 0.6m. Micha", "T100,Hasan Esenoglu", "Stuart Littlefair, p", "Stuart Littlefair, p", "Stuart Littlefair, p", "Stuart Littlefair, p", "T100,Hasan Esenoglu", "Stuart Littlefair, p", "Giuseppe Leto APT2 C", "Montarrenti Observat", "Giuseppe Leto APT2 C", "Giuseppe Leto APT2 C", "Montarrenti Observat", "Montarrenti Observat", "WiseC18-Yossi Shvart", "Stuart Littlefair, p", "WiseC18-Yossi Shvart", "Stuart Littlefair, p", "WiseC18-Yossi Shvart", "Loiano,K.Ulaczyk", "Loiano,K.Ulaczyk", "WiseC18-Yossi Shvart", "WiseC18-Yossi Shvart", "Loiano,K.Ulaczyk", "WiseC18-Yossi Shvart", "Loiano,K.Ulaczyk", "Loiano,K.Ulaczyk", "WiseC18-Yossi Shvart", "Loiano,K.Ulaczyk", "Stuart Littlefair, p", "WiseC18-Yossi Shvart", "WiseC18-Yossi Shvart", "WiseC18-Yossi Shvart", "WiseC18-Yossi Shvart", "WiseC18-Yossi Shvart", "Stuart Littlefair, p", "Stuart Littlefair, p", "Stuart Littlefair, p", "Stuart Littlefair, p", "Stuart Littlefair, p", "Stuart Littlefair, p", "Stuart Littlefair, p", "Stuart Littlefair, p", "Stuart Littlefair, p", "Stuart Littlefair, p", "Stuart Littlefair, p", "Stuart Littlefair, p", "Stuart Littlefair, p", "Stuart Littlefair, p", "Stuart Littlefair, p", "T100,Hasan Esenoglu", "T100,Hasan Esenoglu", "T100,Hasan Esenoglu", "T100,Hasan Esenoglu", "T100,Hasan Esenoglu", "T100,Hasan Esenoglu", "T100,Hasan Esenoglu"],