{"mjd": [56917.8407182, 56917.8407182, 56917.8407182, 56917.8407182], "magerr": [-1.0, -1.0, -1.0, -1.0], "observatory": ["Heather Campbell", "Heather Campbell", "Heather Campbell", "Heather Campbell"], "mag": [19.57979965209961, 18.834400177001953, 21.05270004272461, 20.723600387573242], "filter": ["B1pg", "g", "r", "i"], "catalog": ["USNO", "APASS", "APASS", "APASS"], "caliberr": [0.009999999776482582, 0.03769569844007492, 0.079482302069664, 0.1151840016245842]}