{"mjd": [57158.9602103], "magerr": [0.03660000115633011], "observatory": ["K.Wiersema-Leicester"], "mag": [16.808900833129883], "filter": ["V"], "catalog": ["APASS"], "caliberr": [0.009999999776482582]}