{"mjd": [56917.8407182, 56917.8407182, 56917.8407182, 56917.8407182], "magerr": [-1.0, -1.0, -1.0, -1.0], "alert_name": null, "observatory": ["Heather Campbell", "Heather Campbell", "Heather Campbell", "Heather Campbell"], "caliberr": [0.009999999776482582, 0.03769569844007492, 0.079482302069664, 0.1151840016245842], "mag": [19.57979965209961, 18.834400177001953, 21.05270004272461, 20.723600387573242], "catalog": ["USNO", "APASS", "APASS", "APASS"], "filter": ["B1pg", "g", "r", "i"]}