{"mjd": [57038.8595309], "magerr": [0.14390000700950623], "alert_name": null, "observatory": ["K.Wiersema-Leicester"], "caliberr": [0.06374180316925049], "mag": [18.190099716186523], "catalog": ["APASS"], "filter": ["V"]}