{"mjd": [57446.79811678], "magerr": [-1.0], "observatory": ["K.Wiersema-Leicester"], "mag": [18.979700088500977], "filter": ["B"], "catalog": ["APASS"], "caliberr": [0.07413829863071442]}