{"mjd": [56564.6015875, 56565.6088732, 56564.6063352, 56565.6131724, 56564.6097998, 56565.6147232, 56564.6125301, 56565.6070788, 56570.5854232, 56570.5863508], "magerr": [0.007000000216066837, 0.006000000052154064, 0.00800000037997961, 0.007000000216066837, 0.009999999776482582, 0.008999999612569809, 0.010999999940395355, 0.009999999776482582, 0.008999999612569809, 0.009999999776482582], "alert_name": null, "observatory": ["RTT150", "RTT150", "RTT150", "RTT150", "RTT150", "RTT150", "RTT150", "RTT150", "Irek Khamitov T60", "Irek Khamitov T60"], "caliberr": [0.04279020056128502, 0.05239719897508621, 0.009999999776482582, 0.023793699219822884, 0.03524930030107498, 0.04282980039715767, 0.01045290008187294, 0.03879860043525696, 0.10704900324344635, 0.05242040008306503], "mag": [14.702799797058105, 14.697400093078613, 14.257100105285645, 14.232000350952148, 14.225500106811523, 14.168399810791016, 13.967399597167969, 13.903400421142578, 14.940999984741211, 14.312000274658203], "catalog": ["SDSS", "SDSS", "SDSS", "SDSS", "SDSS", "SDSS", "SDSS", "SDSS", "SDSS", "SDSS"], "filter": ["g", "g", "r", "r", "i", "i", "z", "z", "g", "r"]}