{"mjd": [57161.760154, 57161.769579, 57161.762193, 57161.765368, 57185.050164, 57185.05356, 57185.055883, 57185.059116], "magerr": [0.04800000041723251, 0.018300000578165054, 0.04490000009536743, 0.053199999034404755, 0.05209999904036522, 0.05310000106692314, 0.05790000036358833, -1.0], "observatory": ["T100,Hasan Esenoglu", "T100,Hasan Esenoglu", "T100,Hasan Esenoglu", "T100,Hasan Esenoglu", "P.Wielgorski-Loiano", "P.Wielgorski-Loiano", "P.Wielgorski-Loiano", "P.Wielgorski-Loiano"], "mag": [18.337499618530273, 18.341400146484375, 18.543899536132812, 18.981300354003906, 19.36359977722168, 19.49519920349121, 19.37350082397461, 23.02989959716797], "filter": ["g", "g", "r", "i", "r", "r", "r", "i"], "catalog": ["SDSS", "SDSS", "SDSS", "SDSS", "SDSS", "SDSS", "SDSS", "SDSS"], "caliberr": [0.16329599916934967, 0.18613100051879883, 0.14122499525547028, 0.1798419952392578, 0.08540890365839005, 0.08515340089797974, 0.0703279972076416, 0.2549610137939453]}