{"mjd": [57038.8595309], "magerr": [0.14390000700950623], "observatory": ["K.Wiersema-Leicester"], "mag": [18.190099716186523], "filter": ["V"], "catalog": ["APASS"], "caliberr": [0.06374180316925049]}