{"mjd": [57465.16216, 57465.16363, 57465.1651], "magerr": [0.01720000058412552, 0.011500000022351742, 0.014399999752640724], "alert_name": null, "observatory": ["Bialkow, Z.Kolaczkow", "Bialkow, Z.Kolaczkow", "Bialkow, Z.Kolaczkow"], "caliberr": [0.0384053997695446, 0.09366189688444138, 0.10736799985170364], "mag": [16.074899673461914, 15.928500175476074, 15.711400032043457], "catalog": ["APASS", "APASS", "APASS"], "filter": ["V", "r", "i"]}