{"mjd": [56924.129996, 56927.063501, 56928.05485, 56924.13394, 56927.065033, 56928.056447, 56924.137802, 56927.066141, 56928.057558], "magerr": [0.008999999612569809, 0.014999999664723873, 0.01600000075995922, 0.009999999776482582, 0.019999999552965164, 0.017999999225139618, 0.008999999612569809, 0.01899999938905239, 0.01899999938905239], "alert_name": null, "observatory": ["Loiano,K.Ulaczyk", "Loiano,K.Ulaczyk", "Loiano,K.Ulaczyk", "Loiano,K.Ulaczyk", "Loiano,K.Ulaczyk", "Loiano,K.Ulaczyk", "Loiano,K.Ulaczyk", "Loiano,K.Ulaczyk", "Loiano,K.Ulaczyk"], "caliberr": [0.07578310370445251, 0.12961000204086304, 0.09138660132884979, 0.09622050076723099, 0.17709699273109436, 0.1323309987783432, 0.24437899887561798, 0.31525298953056335, 0.20914700627326965], "mag": [15.884200096130371, 15.679100036621094, 16.082500457763672, 16.005399703979492, 15.774299621582031, 16.125600814819336, 16.07539939880371, 15.906399726867676, 16.204599380493164], "catalog": ["SDSS", "SDSS", "SDSS", "SDSS", "SDSS", "SDSS", "SDSS", "SDSS", "SDSS"], "filter": ["g", "g", "g", "r", "r", "r", "i", "i", "i"]}