{"mjd": [57148.1404506, 57148.143269, 57148.1513876, 57148.1553777, 57148.1404506, 57148.143269, 57148.1513876, 57148.1553777], "magerr": [-1.0, 0.07639999687671661, 0.07169999927282333, 0.06710000336170197, 0.06759999692440033, 0.01889999955892563, 0.019200000911951065, 0.018400000408291817], "observatory": ["Anna Hourihane", "Anna Hourihane", "Anna Hourihane", "Anna Hourihane", "Anna Hourihane", "Anna Hourihane", "Anna Hourihane", "Anna Hourihane"], "mag": [19.148300170898438, 20.10420036315918, 20.102399826049805, 20.031299591064453, 18.520999908447266, 18.67770004272461, 18.59469985961914, 18.67460060119629], "filter": ["g", "g", "g", "g", "r", "r", "r", "r"], "catalog": ["SDSS", "SDSS", "SDSS", "SDSS", "SDSS", "SDSS", "SDSS", "SDSS"], "caliberr": [0.0989639014005661, 0.08226419985294342, 0.06407810002565384, 0.0772733986377716, 0.07819390296936035, 0.06606820225715637, 0.0718654990196228, 0.05499669909477234]}