{"mjd": [6214.7626, 6214.81591, 6214.7347, 6214.71], "magerr": [0.0019000000320374966, 0.002199999988079071, 0.002300000051036477, 0.004800000227987766], "observatory": ["admin", "admin", "admin", "admin"], "mag": [15.917799949645996, 16.08919906616211, 16.305099487304688, 16.345199584960938], "filter": ["B", "r", "V", "I"], "catalog": ["APASS", "APASS", "OGLE3", "OGLE3"], "caliberr": [0.016431700438261032, 0.16976700723171234, 0.1931769996881485, 0.13799500465393066]}