{"mjd": [57168.0799097801, 57168.0866411921, 57168.0833427083, 57125.433497, 57126.4285622, 57129.4269636, 57131.4170218, 57132.408217], "magerr": [0.013000000268220901, 0.013000000268220901, 0.014000000432133675, 0.015599999576807022, 0.005100000184029341, 0.0034000000450760126, 0.0012000000569969416, 0.023499999195337296], "alert_name": null, "observatory": ["LCOGT Gaia Alerts Gr", "LCOGT Gaia Alerts Gr", "LCOGT Gaia Alerts Gr", "Euler Geneva Group", "Euler Geneva Group", "Euler Geneva Group", "Euler Geneva Group", "Euler Geneva Group"], "caliberr": [0.032002098858356476, 0.030121799558401108, 0.06750620156526566, 0.06891419738531113, 0.0913442000746727, 0.07065919786691666, 0.020424600690603256, 0.029241399839520454], "mag": [17.374399185180664, 16.827600479125977, 16.775699615478516, 16.41510009765625, 16.35219955444336, 16.400699615478516, 16.424999237060547, 16.410499572753906], "catalog": ["APASS", "APASS", "APASS", "APASS", "APASS", "APASS", "APASS", "APASS"], "filter": ["g", "r", "i", "r", "r", "r", "r", "r"]}