{"mjd": [56604.914606, 56604.919907, 56604.920961], "magerr": [0.07499150186777115, 0.06441300362348557, 0.08627200126647949], "alert_name": null, "observatory": ["Stuart Littlefair, p", "Stuart Littlefair, p", "Stuart Littlefair, p"], "caliberr": [0.009999999776482582, 0.009999999776482582, 0.009999999776482582], "mag": [17.063899993896484, 17.086200714111328, 17.173999786376953], "catalog": ["APASS", "APASS", "APASS"], "filter": ["V", "V", "V"]}