{"mjd": [55638.31572, 55639.36358, 55640.30177, 55641.31753, 55642.35498, 55638.31837, 55639.36196, 55639.36623, 55640.30441, 55641.32017, 55642.35762, 55642.3597, 55638.31409, 55638.32044, 55639.3683, 55640.30015, 55640.30649, 55641.31591, 55641.32225, 55642.35336], "magerr": [-1.0, -1.0, -1.0, -1.0, -1.0, -1.0, -1.0, -1.0, -1.0, -1.0, -1.0, -1.0, -1.0, 0.11159999668598175, -1.0, -1.0, -1.0, -1.0, 0.04690000042319298, -1.0], "alert_name": null, "observatory": ["Alex Ball-SMARTS1.3", "Alex Ball-SMARTS1.3", "Alex Ball-SMARTS1.3", "Alex Ball-SMARTS1.3", "Alex Ball-SMARTS1.3", "Alex Ball-SMARTS1.3", "Alex Ball-SMARTS1.3", "Alex Ball-SMARTS1.3", "Alex Ball-SMARTS1.3", "Alex Ball-SMARTS1.3", "Alex Ball-SMARTS1.3", "Alex Ball-SMARTS1.3", "Alex Ball-SMARTS1.3", "Alex Ball-SMARTS1.3", "Alex Ball-SMARTS1.3", "Alex Ball-SMARTS1.3", "Alex Ball-SMARTS1.3", "Alex Ball-SMARTS1.3", "Alex Ball-SMARTS1.3", "Alex Ball-SMARTS1.3"], "caliberr": [0.04565209895372391, 0.05370650067925453, 0.04811429977416992, 0.06423240154981613, 0.03471570089459419, 0.055053699761629105, 0.06871639937162399, 0.05615140125155449, 0.0539981983602047, 0.06581079959869385, 0.05004839971661568, 0.0349872000515461, 0.0280006006360054, 0.05050810053944588, 0.03409770131111145, 0.04071030020713806, 0.039181601256132126, 0.034181900322437286, 0.04845200106501579, 0.03981409966945648], "mag": [22.06599998474121, 21.700599670410156, 21.62849998474121, 21.503000259399414, 21.704700469970703, 21.083799362182617, 21.090299606323242, 21.322900772094727, 21.27680015563965, 21.181499481201172, 20.994800567626953, 20.89739990234375, 21.11050033569336, 20.461700439453125, 21.025699615478516, 20.95319938659668, 20.97100067138672, 20.846599578857422, 19.002500534057617, 20.625200271606445], "catalog": ["APASS", "APASS", "APASS", "APASS", "APASS", "APASS", "APASS", "APASS", "APASS", "APASS", "APASS", "APASS", "APASS", "APASS", "APASS", "APASS", "APASS", "APASS", "APASS", "APASS"], "filter": ["B", "B", "B", "B", "B", "V", "V", "V", "V", "V", "V", "V", "r", "r", "r", "r", "r", "r", "r", "r"]}