{"mjd": [57160.4349251], "magerr": [-1.0], "alert_name": null, "observatory": ["Euler Geneva Group"], "caliberr": [0.025178799405694008], "mag": [23.263399124145508], "catalog": ["APASS"], "filter": ["r"]}