{"mjd": [57121.93226065, 57108.8765455, 57108.8800771, 57108.8836088, 57109.8325857, 57109.8361181, 57109.8396497, 57111.8326111, 57111.8361429, 57111.8396744, 57108.888095, 57108.8916265, 57108.8951582, 57109.8434853, 57109.8470169, 57109.8505487, 57111.8435171, 57111.8470487, 57111.8505804, 57108.8989467, 57108.9024785, 57108.90601, 57109.8543792, 57109.8579108, 57109.8614424, 57111.8544034, 57111.857935, 57111.8614673, 57108.9098582, 57108.9133898, 57108.9169215, 57109.8652684, 57109.8687999, 57109.8723314, 57111.8652794, 57111.8688116, 57111.8723431], "magerr": [-1.0, -1.0, -1.0, -1.0, -1.0, -1.0, -1.0, -1.0, -1.0, -1.0, -1.0, -1.0, -1.0, -1.0, -1.0, -1.0, -1.0, -1.0, -1.0, -1.0, -1.0, -1.0, -1.0, -1.0, -1.0, -1.0, -1.0, -1.0, -1.0, -1.0, -1.0, -1.0, -1.0, -1.0, -1.0, -1.0, -1.0], "alert_name": null, "observatory": ["K.Wiersema-Leicester", "ObsMontsec-Umut Burg", "ObsMontsec-Umut Burg", "ObsMontsec-Umut Burg", "ObsMontsec-Umut Burg", "ObsMontsec-Umut Burg", "ObsMontsec-Umut Burg", "ObsMontsec-Umut Burg", "ObsMontsec-Umut Burg", "ObsMontsec-Umut Burg", "ObsMontsec-Umut Burg", "ObsMontsec-Umut Burg", "ObsMontsec-Umut Burg", "ObsMontsec-Umut Burg", "ObsMontsec-Umut Burg", "ObsMontsec-Umut Burg", "ObsMontsec-Umut Burg", "ObsMontsec-Umut Burg", "ObsMontsec-Umut Burg", "ObsMontsec-Umut Burg", "ObsMontsec-Umut Burg", "ObsMontsec-Umut Burg", "ObsMontsec-Umut Burg", "ObsMontsec-Umut Burg", "ObsMontsec-Umut Burg", "ObsMontsec-Umut Burg", "ObsMontsec-Umut Burg", "ObsMontsec-Umut Burg", "ObsMontsec-Umut Burg", "ObsMontsec-Umut Burg", "ObsMontsec-Umut Burg", "ObsMontsec-Umut Burg", "ObsMontsec-Umut Burg", "ObsMontsec-Umut Burg", "ObsMontsec-Umut Burg", "ObsMontsec-Umut Burg", "ObsMontsec-Umut Burg"], "caliberr": [0.05183960124850273, 0.05122090131044388, 0.05445069819688797, 0.06419579684734344, 0.03746210038661957, 0.05884980037808418, 0.06021669879555702, 0.03624029830098152, 0.037312101572752, 0.03561989963054657, 0.07985159754753113, 0.05823659896850586, 0.05949399992823601, 0.04865109920501709, 0.04401230067014694, 0.04619840160012245, 0.03398749977350235, 0.04684560000896454, 0.049839701503515244, 0.02578119933605194, 0.025276800617575645, 0.023345500230789185, 0.05405249819159508, 0.055052898824214935, 0.06081319972872734, 0.040779899805784225, 0.02171570062637329, 0.04339209944009781, 0.07805480062961578, 0.07906190305948257, 0.07685430347919464, 0.24472500383853912, 0.24993400275707245, 0.24256399273872375, 0.13622400164604187, 0.06103119999170303, 0.11605499684810638], "mag": [18.2185001373291, 20.66670036315918, 20.040599822998047, 19.934600830078125, 19.33169937133789, 19.771900177001953, 19.436800003051758, 19.436800003051758, 19.36319923400879, 19.62849998474121, 19.851499557495117, 19.837799072265625, 19.82040023803711, 18.10930061340332, 18.9867000579834, 19.330799102783203, 19.2455997467041, 19.21809959411621, 19.147199630737305, 19.87350082397461, 19.94179916381836, 20.005399703979492, 18.011600494384766, 19.264799118041992, 17.453100204467773, 18.583599090576172, 17.707300186157227, 18.624500274658203, 19.62339973449707, 19.079700469970703, 19.68899917602539, 16.793899536132812, 17.748699188232422, 16.861299514770508, 18.521299362182617, 15.665599822998047, 16.306299209594727], "catalog": ["APASS", "APASS", "APASS", "APASS", "APASS", "APASS", "APASS", "APASS", "APASS", "APASS", "APASS", "APASS", "APASS", "APASS", "APASS", "APASS", "APASS", "APASS", "APASS", "APASS", "APASS", "APASS", "APASS", "APASS", "APASS", "APASS", "APASS", "APASS", "APASS", "APASS", "APASS", "APASS", "APASS", "APASS", "APASS", "APASS", "APASS"], "filter": ["V", "B", "B", "B", "B", "B", "B", "B", "B", "B", "V", "V", "V", "V", "V", "V", "V", "V", "V", "r", "r", "r", "r", "r", "r", "r", "r", "r", "i", "i", "i", "i", "i", "i", "i", "i", "i"]}