{"mjd": [57085.8635178, 57085.8635178, 57085.8635178, 57084.8425, 57084.8344, 57083.83587789], "magerr": [0.08540000021457672, 0.020800000056624413, 0.018300000578165054, 0.06700000166893005, 0.19589999318122864, 0.10170000046491623], "observatory": ["Heather Campbell", "Heather Campbell", "Heather Campbell", "JureJapelj_Vega_Slov", "JureJapelj_Vega_Slov", "K.Wiersema-Leicester"], "mag": [16.904199600219727, 18.12929916381836, 18.308000564575195, 17.8799991607666, 18.747699737548828, 17.944700241088867], "filter": ["B", "g", "r", "r", "i", "V"], "catalog": ["APASS", "APASS", "APASS", "APASS", "APASS", "APASS"], "caliberr": [0.3214229941368103, 0.014960399828851223, 0.057087499648332596, 0.050880201160907745, 0.07639490067958832, 0.03515639901161194]}