{"mjd": [57128.074869456, 57128.0866235764, 57137.643, 57137.647, 57141.598, 57113.659, 57117.618, 57121.706, 57129.642, 57137.645, 57141.596, 57113.656, 57113.661, 57117.615, 57117.62, 57121.703, 57121.708, 57129.639, 57129.644, 57141.593, 57147.1435737, 57147.1455048, 57147.1541448, 57147.1435737, 57147.1489311, 57147.1524069, 57147.1558827, 57147.1593584, 57147.1489311, 57147.1524069, 57147.1558827, 57147.1593584], "magerr": [0.06369999796152115, 0.15469999611377716, 0.01759999990463257, 0.022099999710917473, 0.03229999914765358, 0.023399999365210533, 0.07429999858140945, 0.0406000018119812, 0.027400000020861626, 0.027499999850988388, 0.05999999865889549, 0.019200000911951065, 0.033900000154972076, 0.04560000076889992, 0.05649999901652336, 0.025699999183416367, 0.04439999908208847, 0.01850000023841858, 0.02810000069439411, 0.03020000085234642, -1.0, -1.0, -1.0, -1.0, -1.0, -1.0, -1.0, -1.0, 0.06319999694824219, 0.0689999982714653, 0.06909999996423721, 0.061500001698732376], "alert_name": null, "observatory": ["Werner Zeilinger, 1.", "Werner Zeilinger, 1.", "Heather Campbell", "Heather Campbell", "Heather Campbell", "Heather Campbell", "Heather Campbell", "Heather Campbell", "Heather Campbell", "Heather Campbell", "Heather Campbell", "Heather Campbell", "Heather Campbell", "Heather Campbell", "Heather Campbell", "Heather Campbell", "Heather Campbell", "Heather Campbell", "Heather Campbell", "Heather Campbell", "Anna Hourihane", "Anna Hourihane", "Anna Hourihane", "Anna Hourihane", "Anna Hourihane", "Anna Hourihane", "Anna Hourihane", "Anna Hourihane", "Anna Hourihane", "Anna Hourihane", "Anna Hourihane", "Anna Hourihane"], "caliberr": [0.14147700369358063, 0.1748189926147461, 0.06467639654874802, 0.0973270982503891, 0.11946900188922882, 0.03757769986987114, 0.03469580039381981, 0.0389740988612175, 0.038022998720407486, 0.043280500918626785, 0.04679470136761665, 0.0184004008769989, 0.09468860179185867, 0.01618099957704544, 0.14969199895858765, 0.03210980072617531, 0.09001100063323975, 0.034731701016426086, 0.0922027975320816, 0.07298500090837479, 0.06912410259246826, 0.07047849893569946, 0.060828499495983124, 0.04182970151305199, 0.07721640169620514, 0.06603950262069702, 0.07673949748277664, 0.0861515998840332, 0.07329189777374268, 0.06649529933929443, 0.06738770008087158, 0.06308600306510925], "mag": [19.28420066833496, 20.166099548339844, 19.401399612426758, 19.322599411010742, 19.332799911499023, 19.003000259399414, 19.454700469970703, 19.512500762939453, 19.963600158691406, 20.279399871826172, 20.521099090576172, 18.743799209594727, 19.409700393676758, 18.855899810791016, 19.13990020751953, 19.06170082092285, 19.587499618530273, 19.223499298095703, 19.459699630737305, 19.584699630737305, 21.00749969482422, 20.652099609375, 22.919599533081055, 19.344100952148438, 20.988000869750977, 21.01810073852539, 20.944299697875977, 20.849199295043945, 19.736000061035156, 19.80120086669922, 19.843700408935547, 19.771799087524414], "catalog": ["SDSS", "SDSS", "SDSS", "SDSS", "SDSS", "APASS", "APASS", "APASS", "APASS", "APASS", "APASS", "APASS", "APASS", "APASS", "APASS", "APASS", "APASS", "APASS", "APASS", "APASS", "SDSS", "SDSS", "SDSS", "SDSS", "SDSS", "SDSS", "SDSS", "SDSS", "SDSS", "SDSS", "SDSS", "SDSS"], "filter": ["r", "i", "r", "i", "i", "g", "g", "g", "g", "g", "g", "r", "r", "r", "r", "r", "r", "r", "r", "r", "u", "u", "u", "g", "g", "g", "g", "g", "r", "r", "r", "r"]}