{"mjd": [57113.65, 57117.609, 57121.691, 57129.625, 57137.658, 57141.587, 57113.647, 57113.652, 57117.606, 57117.611, 57121.688, 57121.693, 57129.622, 57129.627, 57137.655, 57141.584, 57137.66, 57141.589, 57133.93975972, 57148.1886864, 57148.1824864, 57148.1886864, 57148.1824864, 57148.1886864], "magerr": [0.06509999930858612, 0.14730000495910645, 0.06109999865293503, 0.0333000011742115, 0.03319999948143959, 0.0729999989271164, 0.032499998807907104, 0.03139999881386757, 0.05609999969601631, 0.051600001752376556, 0.0340999998152256, 0.03849999979138374, 0.02979999966919422, 0.033799998462200165, 0.02500000037252903, 0.041099999099969864, 0.03629999980330467, 0.05040000006556511, 0.19359999895095825, -1.0, -1.0, 0.05999999865889549, -1.0, 0.03519999980926514], "observatory": ["Heather Campbell", "Heather Campbell", "Heather Campbell", "Heather Campbell", "Heather Campbell", "Heather Campbell", "Heather Campbell", "Heather Campbell", "Heather Campbell", "Heather Campbell", "Heather Campbell", "Heather Campbell", "Heather Campbell", "Heather Campbell", "Heather Campbell", "Heather Campbell", "Heather Campbell", "Heather Campbell", "K.Wiersema-Leicester", "Anna Hourihane", "Anna Hourihane", "Anna Hourihane", "Anna Hourihane", "Anna Hourihane"], "mag": [19.595199584960938, 20.431699752807617, 19.6919002532959, 19.93400001525879, 20.010499954223633, 19.87339973449707, 18.8705997467041, 18.997400283813477, 18.90690040588379, 18.85449981689453, 19.157899856567383, 19.20210075378418, 19.35219955444336, 19.407699584960938, 19.369400024414062, 19.574899673461914, 19.218399047851562, 19.366500854492188, 19.537200927734375, 22.315399169921875, 19.584299087524414, 20.145200729370117, 20.94930076599121, 19.535200119018555], "filter": ["g", "g", "g", "g", "g", "g", "r", "r", "r", "r", "r", "r", "r", "r", "r", "r", "i", "i", "V", "B1pg", "g", "g", "r", "r"], "catalog": ["APASS", "APASS", "APASS", "APASS", "APASS", "APASS", "APASS", "APASS", "APASS", "APASS", "APASS", "APASS", "APASS", "APASS", "APASS", "APASS", "APASS", "APASS", "APASS", "USNO", "APASS", "APASS", "APASS", "APASS"], "caliberr": [0.009999999776482582, 0.009999999776482582, 0.009999999776482582, 0.013547699898481369, 0.01703069917857647, 0.012827799655497074, 0.020196199417114258, 0.05122090131044388, 0.026558799669146538, 0.05092040076851845, 0.0451957993209362, 0.07797549664974213, 0.021353399381041527, 0.06916140019893646, 0.07167600095272064, 0.051415201276540756, 0.15022000670433044, 0.1307390034198761, 0.02064020000398159, 0.20438100397586823, 0.009999999776482582, 0.1307860016822815, 0.036673400551080704, 0.18261900544166565]}