{"mjd": [56918.2236105, 56917.2528036, 56918.1908895, 56917.0906172, 56917.0906172, 56917.2326576, 56917.2528036, 56918.119265, 56918.1908895, 56918.2236105, 56918.119265, 56918.2236105, 56918.119265], "magerr": [0.022600000724196434, 0.021900000050663948, 0.015200000256299973, 0.01600000075995922, 0.060600001364946365, 0.053599998354911804, 0.06639999896287918, 0.060499999672174454, 0.0689999982714653, 0.09870000183582306, 0.017500000074505806, 0.024900000542402267, 0.016300000250339508], "alert_name": null, "observatory": ["Heather Campbell", "Heather Campbell", "Heather Campbell", "Heather Campbell", "Heather Campbell", "Heather Campbell", "Heather Campbell", "Heather Campbell", "Heather Campbell", "Heather Campbell", "Heather Campbell", "Heather Campbell", "Heather Campbell"], "caliberr": [0.41290900111198425, 0.45320001244544983, 0.43603000044822693, 0.42559298872947693, 0.38675400614738464, 0.3171370029449463, 0.35656899213790894, 0.34762999415397644, 0.29757198691368103, 0.317236989736557, 0.14313900470733643, 0.12476299703121185, 0.255282998085022], "mag": [19.449800491333008, 19.082500457763672, 19.603099822998047, 18.936599731445312, 17.912500381469727, 17.81879997253418, 17.367799758911133, 18.068099975585938, 18.15880012512207, 18.34980010986328, 19.642000198364258, 19.66710090637207, 19.111000061035156], "catalog": ["USNO", "USNO", "USNO", "USNO", "APASS", "APASS", "APASS", "APASS", "APASS", "APASS", "APASS", "APASS", "APASS"], "filter": ["B1pg", "B2pg", "B2pg", "R1pg", "B", "B", "B", "B", "B", "B", "V", "V", "r"]}