{"mjd": [57261.95143634], "magerr": [-1.0], "observatory": ["K.Wiersema-Leicester"], "mag": [19.1299991607666], "filter": ["r"], "catalog": ["APASS"], "caliberr": [0.05890839919447899]}