{"mjd": [56055.0720663741, 56062.9862923026, 56055.0629028603, 56062.977147758, 56062.9826216102, 56055.0683052316], "magerr": [0.0027000000700354576, 0.002300000051036477, 0.005100000184029341, 0.0019000000320374966, 0.0017000000225380063, 0.0024999999441206455], "observatory": ["RichardAndersonEuler", "RichardAndersonEuler", "RichardAndersonEuler", "RichardAndersonEuler", "RichardAndersonEuler", "RichardAndersonEuler"], "mag": [16.061399459838867, 16.171499252319336, 16.94969940185547, 17.06130027770996, 16.42970085144043, 16.08769989013672], "filter": ["i", "i", "B", "B", "r", "i"], "catalog": ["SDSS", "SDSS", "APASS", "APASS", "APASS", "APASS"], "caliberr": [0.11483000218868256, 0.09811069816350937, 0.055991001427173615, 0.04596570134162903, 0.10608000308275223, 0.10515700280666351]}