{"mjd": [55867.0305, 55867.03425, 55867.03857, 55793.30538, 55793.30105, 55793.29729], "magerr": [-1.0, 0.15189999341964722, -1.0, -1.0, 0.12639999389648438, 0.12370000034570694], "observatory": ["Alex Ball-SMARTS1.3", "Alex Ball-SMARTS1.3", "Alex Ball-SMARTS1.3", "Alex Ball-SMARTS1.3", "Alex Ball-SMARTS1.3", "Alex Ball-SMARTS1.3"], "mag": [22.79210090637207, 21.342500686645508, 22.104000091552734, 22.970699310302734, 20.29960060119629, 20.41010093688965], "filter": ["B1pg", "B1pg", "B2pg", "B", "V", "r"], "catalog": ["USNO", "USNO", "USNO", "APASS", "APASS", "APASS"], "caliberr": [0.1364309936761856, 0.2541219890117645, 0.27112001180648804, 0.009999999776482582, 0.009999999776482582, 0.009999999776482582]}