{"mjd": [57354.1635793171, 57354.1678856597, 57354.1854043518, 57354.1723329861, 57354.1766410995], "magerr": [0.07599999755620956, 0.09000000357627869, 0.07000000029802322, 0.10400000214576721, 0.07400000095367432], "observatory": ["LCOGT Gaia Alerts Gr", "LCOGT Gaia Alerts Gr", "LCOGT Gaia Alerts Gr", "LCOGT Gaia Alerts Gr", "LCOGT Gaia Alerts Gr"], "mag": [19.364500045776367, 19.462099075317383, 19.134700775146484, 19.158000946044922, 19.031200408935547], "filter": ["g", "g", "r", "i", "i"], "catalog": ["APASS", "APASS", "APASS", "APASS", "APASS"], "caliberr": [0.03384660184383392, 0.02894599922001362, 0.01872280053794384, 0.05405789986252785, 0.05131790041923523]}