{"mjd": [55841.10353, 55873.12397, 55841.10785, 55853.10997, 55853.10564, 55841.09979, 55853.1019, 55873.12772], "magerr": [0.00839999970048666, 0.013299999758601189, 0.013000000268220901, 0.0027000000700354576, 0.002899999963119626, 0.011500000022351742, 0.003100000089034438, 0.021800000220537186], "observatory": ["Alex Ball-SMARTS1.3", "Alex Ball-SMARTS1.3", "Alex Ball-SMARTS1.3", "Alex Ball-SMARTS1.3", "Alex Ball-SMARTS1.3", "Alex Ball-SMARTS1.3", "Alex Ball-SMARTS1.3", "Alex Ball-SMARTS1.3"], "mag": [17.037200927734375, 16.79010009765625, 18.02239990234375, 16.877300262451172, 16.372400283813477, 17.074199676513672, 15.850500106811523, 16.38640022277832], "filter": ["r", "r", "B", "B", "V", "R1pg", "R1pg", "R1pg"], "catalog": ["SDSS", "SDSS", "SDSS", "SDSS", "SDSS", "USNO", "USNO", "USNO"], "caliberr": [0.22222399711608887, 0.21654999256134033, 0.09777790307998657, 0.15696699917316437, 0.11609599739313126, 0.2495180070400238, 0.1776680052280426, 0.4148310124874115]}