{"mjd": [56915.9600247, 56916.912453, 56915.9654202, 56916.9146152, 56915.9597625, 56915.9600247, 56915.9636822, 56915.9654202, 56916.912453, 56916.9146152, 56915.9597625, 56915.9600247, 56915.9636822, 56915.9654202, 56916.912453], "magerr": [-1.0, -1.0, -1.0, -1.0, -1.0, -1.0, -1.0, -1.0, -1.0, -1.0, -1.0, -1.0, -1.0, -1.0, -1.0], "observatory": ["Heather Campbell", "Heather Campbell", "Heather Campbell", "Heather Campbell", "Heather Campbell", "Heather Campbell", "Heather Campbell", "Heather Campbell", "Heather Campbell", "Heather Campbell", "Heather Campbell", "Heather Campbell", "Heather Campbell", "Heather Campbell", "Heather Campbell"], "mag": [19.995500564575195, 19.662900924682617, 22.206899642944336, 23.403600692749023, 22.546100616455078, 22.54949951171875, 24.047800064086914, 24.506900787353516, 22.65760040283203, 22.204700469970703, 24.39590072631836, 25.174699783325195, 27.777700424194336, 25.432899475097656, 24.817699432373047], "filter": ["B1pg", "B2pg", "B", "V", "g", "g", "g", "g", "g", "g", "r", "r", "r", "r", "r"], "catalog": ["USNO", "USNO", "APASS", "APASS", "APASS", "APASS", "APASS", "APASS", "APASS", "APASS", "APASS", "APASS", "APASS", "APASS", "APASS"], "caliberr": [0.12711399793624878, 0.3408850133419037, 0.23895800113677979, 0.058499399572610855, 0.009999999776482582, 0.009999999776482582, 0.009999999776482582, 0.009999999776482582, 0.009999999776482582, 0.009999999776482582, 0.03876790031790733, 0.03837589919567108, 0.050426799803972244, 0.04572410136461258, 0.0518651008605957]}