{"mjd": [56918.1271801, 56918.1271801, 56918.1271801, 56918.1271801, 56918.1271801, 56920.998714, 56927.054242, 56927.944823, 56920.991426, 56927.05647, 56927.947037, 56920.99536, 56927.058262, 56927.948832], "magerr": [-1.0, -1.0, 0.0015999999595806003, -1.0, -1.0, 0.009999999776482582, 0.00800000037997961, 0.010999999940395355, 0.10000000149011612, 0.017000000923871994, 0.014000000432133675, 0.010999999940395355, 0.014000000432133675, 0.010999999940395355], "observatory": ["Heather Campbell", "Heather Campbell", "Heather Campbell", "Heather Campbell", "Heather Campbell", "Loiano,K.Ulaczyk", "Loiano,K.Ulaczyk", "Loiano,K.Ulaczyk", "Loiano,K.Ulaczyk", "Loiano,K.Ulaczyk", "Loiano,K.Ulaczyk", "Loiano,K.Ulaczyk", "Loiano,K.Ulaczyk", "Loiano,K.Ulaczyk"], "mag": [22.350500106811523, 20.212099075317383, 14.222399711608887, 25.077699661254883, 24.719499588012695, 15.05739974975586, 15.152400016784668, 15.166600227355957, 19.394899368286133, 14.688799858093262, 14.74530029296875, 15.111100196838379, 15.028200149536133, 15.046299934387207], "filter": ["u", "g", "r", "g", "r", "g", "g", "g", "r", "r", "r", "i", "i", "i"], "catalog": ["SDSS", "APASS", "APASS", "PS1", "PS1", "SDSS", "SDSS", "SDSS", "SDSS", "SDSS", "SDSS", "SDSS", "SDSS", "SDSS"], "caliberr": [0.20051999390125275, 0.1246120035648346, 0.009999999776482582, 0.014792299829423428, 0.016635600477457047, 0.11669199913740158, 0.08416370302438736, 0.08043509721755981, 0.10985500365495682, 0.16253800690174103, 0.14267799258232117, 0.31451401114463806, 0.25058600306510925, 0.22367499768733978]}