{"mjd": [56917.1402991, 56918.1486295, 56917.1363324, 56917.1402991, 56918.1459699, 56917.1363324, 56917.1402991, 56918.1459699, 56918.1486295, 56918.1486295], "magerr": [-1.0, -1.0, -1.0, -1.0, -1.0, -1.0, -1.0, -1.0, -1.0, -1.0], "alert_name": null, "observatory": ["Heather Campbell", "Heather Campbell", "Heather Campbell", "Heather Campbell", "Heather Campbell", "Heather Campbell", "Heather Campbell", "Heather Campbell", "Heather Campbell", "Heather Campbell"], "caliberr": [0.14410999417304993, 0.10103800147771835, 0.11786899715662003, 0.07744500041007996, 0.07618360221385956, 0.1050489991903305, 0.09599090367555618, 0.08687900006771088, 0.015509000048041344, 0.07187800109386444], "mag": [23.869199752807617, 21.140600204467773, 24.424400329589844, 27.06049919128418, 24.107900619506836, 25.600000381469727, 27.265399932861328, 26.535499572753906, 24.522199630737305, 29.3612003326416], "catalog": ["SDSS", "SDSS", "SDSS", "SDSS", "SDSS", "SDSS", "SDSS", "SDSS", "APASS", "APASS"], "filter": ["u", "u", "g", "g", "g", "r", "r", "r", "g", "r"]}