{"mjd": [56915.9751726, 56915.9731038, 56915.9751726, 56915.9731038, 56915.9751726], "magerr": [-1.0, 0.13449999690055847, 0.12800000607967377, 0.11900000274181366, 0.10350000113248825], "observatory": ["Heather Campbell", "Heather Campbell", "Heather Campbell", "Heather Campbell", "Heather Campbell"], "mag": [22.50779914855957, 22.179500579833984, 21.996700286865234, 21.53619956970215, 21.263700485229492], "filter": ["u", "g", "g", "r", "r"], "catalog": ["SDSS", "APASS", "APASS", "APASS", "APASS"], "caliberr": [0.08816199749708176, 0.009999999776482582, 0.009999999776482582, 0.03189469873905182, 0.03592199832201004]}