{"mjd": [57264.21802375, 57264.2403172106, 57264.2255360764, 57264.2329302315], "magerr": [0.07699999958276749, 0.0689999982714653, 0.04800000041723251, 0.06400000303983688], "alert_name": null, "observatory": ["LCOGT Gaia Alerts Gr", "LCOGT Gaia Alerts Gr", "LCOGT Gaia Alerts Gr", "LCOGT Gaia Alerts Gr"], "caliberr": [0.0376272015273571, 0.04840660095214844, 0.03721949830651283, 0.138482004404068], "mag": [19.005699157714844, 18.958099365234375, 18.389299392700195, 18.30739974975586], "catalog": ["APASS", "APASS", "APASS", "APASS"], "filter": ["g", "g", "r", "i"]}