{"mjd": [57458.0073065625, 57458.0759859954, 57458.0807570139, 57458.0848505324, 57457.8283769, 57457.8319086, 57457.8354403, 57458.8363573, 57458.8398891, 57458.8434207, 57459.8364065, 57459.8399382, 57459.8434698, 57469.8365967, 57469.8401283, 57469.8436602, 57457.8391619, 57457.8426937, 57457.8462254, 57458.8511323, 57458.8546641, 57458.8581957, 57459.8518186, 57459.8553504, 57459.8588821, 57469.8473847, 57469.8509164, 57469.854448, 57457.8500681, 57457.8536, 57457.8571316, 57458.8659009, 57458.8694325, 57458.872964, 57459.8669816, 57459.8705132, 57459.874045, 57469.8582807, 57469.8618124, 57469.8653439, 57457.8609846, 57457.8645166, 57457.8680483, 57458.8815137, 57458.8850455, 57458.8885771, 57459.8821844, 57459.8857162, 57459.8892477, 57469.8691985, 57469.8727301, 57469.8762617], "magerr": [0.006899999920278788, 0.005400000140070915, 0.005400000140070915, 0.006899999920278788, 0.015799999237060547, 0.014999999664723873, 0.015399999916553497, 0.018400000408291817, 0.019200000911951065, 0.01889999955892563, 0.014800000004470348, 0.013799999840557575, 0.013000000268220901, 0.05079999938607216, 0.0575999990105629, -1.0, 0.012500000186264515, 0.013299999758601189, 0.012799999676644802, 0.01640000008046627, 0.017400000244379044, 0.018799999728798866, 0.010599999688565731, 0.010700000450015068, 0.010599999688565731, 0.04439999908208847, 0.04320000112056732, 0.03480000048875809, 0.010099999606609344, 0.009800000116229057, 0.00989999994635582, 0.017100000753998756, 0.01600000075995922, 0.014499999582767487, 0.008899999782443047, 0.008899999782443047, 0.00860000029206276, 0.02590000070631504, 0.030400000512599945, 0.046300001442432404, 0.014299999922513962, 0.015399999916553497, 0.01590000092983246, 0.015200000256299973, 0.01549999974668026, 0.022299999371170998, 0.011099999770522118, 0.010499999858438969, 0.010900000110268593, 0.04619999974966049, 0.04259999841451645, 0.042100001126527786], "observatory": ["LCOGT Gaia Alerts Gr", "LCOGT Gaia Alerts Gr", "LCOGT Gaia Alerts Gr", "LCOGT Gaia Alerts Gr", "ObsMontsec-Umut Burg", "ObsMontsec-Umut Burg", "ObsMontsec-Umut Burg", "ObsMontsec-Umut Burg", "ObsMontsec-Umut Burg", "ObsMontsec-Umut Burg", "ObsMontsec-Umut Burg", "ObsMontsec-Umut Burg", "ObsMontsec-Umut Burg", "ObsMontsec-Umut Burg", "ObsMontsec-Umut Burg", "ObsMontsec-Umut Burg", "ObsMontsec-Umut Burg", "ObsMontsec-Umut Burg", "ObsMontsec-Umut Burg", "ObsMontsec-Umut Burg", "ObsMontsec-Umut Burg", "ObsMontsec-Umut Burg", "ObsMontsec-Umut Burg", "ObsMontsec-Umut Burg", "ObsMontsec-Umut Burg", "ObsMontsec-Umut Burg", "ObsMontsec-Umut Burg", "ObsMontsec-Umut Burg", "ObsMontsec-Umut Burg", "ObsMontsec-Umut Burg", "ObsMontsec-Umut Burg", "ObsMontsec-Umut Burg", "ObsMontsec-Umut Burg", "ObsMontsec-Umut Burg", "ObsMontsec-Umut Burg", "ObsMontsec-Umut Burg", "ObsMontsec-Umut Burg", "ObsMontsec-Umut Burg", "ObsMontsec-Umut Burg", "ObsMontsec-Umut Burg", "ObsMontsec-Umut Burg", "ObsMontsec-Umut Burg", "ObsMontsec-Umut Burg", "ObsMontsec-Umut Burg", "ObsMontsec-Umut Burg", "ObsMontsec-Umut Burg", "ObsMontsec-Umut Burg", "ObsMontsec-Umut Burg", "ObsMontsec-Umut Burg", "ObsMontsec-Umut Burg", "ObsMontsec-Umut Burg", "ObsMontsec-Umut Burg"], "mag": [17.444900512695312, 17.32710075378418, 17.06920051574707, 16.993499755859375, 17.660400390625, 17.636199951171875, 17.648500442504883, 17.737499237060547, 17.72480010986328, 17.756200790405273, 17.744800567626953, 17.72719955444336, 17.73430061340332, 18.075199127197266, 17.878599166870117, 19.24570083618164, 17.15369987487793, 17.17460060119629, 17.2091007232666, 17.166200637817383, 17.19409942626953, 17.17009925842285, 17.132699966430664, 17.12649917602539, 17.148799896240234, 17.149200439453125, 17.14150047302246, 17.085399627685547, 17.133899688720703, 17.115400314331055, 17.13089942932129, 17.171100616455078, 17.105499267578125, 17.134700775146484, 17.052000045776367, 17.065200805664062, 17.076499938964844, 16.982500076293945, 16.968599319458008, 17.031700134277344, 16.971599578857422, 16.90570068359375, 16.93269920349121, 17.009000778198242, 17.040599822998047, 17.176300048828125, 16.930099487304688, 16.922800064086914, 16.92919921875, 16.7992000579834, 16.72570037841797, 16.754499435424805], "filter": ["g", "g", "r", "i", "B", "B", "B", "B", "B", "B", "B", "B", "B", "B", "B", "B", "V", "V", "V", "V", "V", "V", "V", "V", "V", "V", "V", "V", "r", "r", "r", "r", "r", "r", "r", "r", "r", "r", "r", "r", "i", "i", "i", "i", "i", "i", "i", "i", "i", "i", "i", "i"], "catalog": ["APASS", "PS1", "PS1", "PS1", "APASS", "APASS", "APASS", "APASS", "APASS", "APASS", "APASS", "APASS", "APASS", "APASS", "APASS", "APASS", "APASS", "APASS", "APASS", "APASS", "APASS", "APASS", "APASS", "APASS", "APASS", "APASS", "APASS", "APASS", "APASS", "APASS", "APASS", "APASS", "APASS", "APASS", "APASS", "APASS", "APASS", "APASS", "APASS", "APASS", "APASS", "APASS", "APASS", "APASS", "APASS", "APASS", "APASS", "APASS", "APASS", "APASS", "APASS", "APASS"], "caliberr": [0.047463398426771164, 0.04461359977722168, 0.038777001202106476, 0.045534901320934296, 0.05215710029006004, 0.05535750091075897, 0.054600998759269714, 0.058210499584674835, 0.05735410004854202, 0.05738089978694916, 0.05698170140385628, 0.056179698556661606, 0.05978279933333397, 0.06567329913377762, 0.06062199920415878, 0.06531880050897598, 0.04665080085396767, 0.04040519893169403, 0.043318599462509155, 0.0343937985599041, 0.032144300639629364, 0.03375770151615143, 0.05575039982795715, 0.05732849985361099, 0.05510599911212921, 0.03832300007343292, 0.04260300099849701, 0.04123130068182945, 0.047586098313331604, 0.04968620091676712, 0.045351799577474594, 0.02898089960217476, 0.03636930137872696, 0.03883890062570572, 0.042945701628923416, 0.040262799710035324, 0.044690001755952835, 0.036938101053237915, 0.04545829817652702, 0.04575049877166748, 0.08491840213537216, 0.08034779876470566, 0.08017399907112122, 0.08480340242385864, 0.08120200037956238, 0.07162559777498245, 0.11296100169420242, 0.11823700368404388, 0.11344300210475922, 0.07988789677619934, 0.08381570130586624, 0.08127850294113159]}