{"mjd": [56600.899421], "magerr": [0.07848530262708664], "alert_name": null, "observatory": ["Stuart Littlefair, p"], "caliberr": [0.07529120147228241], "mag": [17.313400268554688], "catalog": ["APASS"], "filter": ["V"]}