{"mjd": [57096.92728, 57096.928738, 57190.909352, 57190.911157, 57190.91294, 57190.914734, 57190.895023, 57190.896817, 57190.898611, 57190.900405, 57190.902188, 57190.903981, 57190.905775, 57190.907569, 57193.895706, 57193.8975, 57193.899282, 57193.901076, 57193.90287, 57193.904664, 57193.906458, 57193.910035, 57193.908252, 57193.911829, 57193.913623, 57193.915417, 57097.901794, 57097.903252, 57097.904711, 57200.896435, 57097.906169, 57097.909074, 57200.898218, 57097.910556, 57200.900012, 57200.901806, 57109.985255, 57109.98669, 57109.989583, 57109.99103, 57109.99537, 57109.992465, 57201.896458, 57130.081806, 57130.083252, 57130.084699, 57130.086169, 57130.089063, 57130.090509, 57130.087616, 57127.919097, 57127.920532, 57130.091944, 57130.093391, 57130.09485, 57127.91765, 57127.921991, 57127.924873, 57127.923426, 57127.927766, 57127.926331, 57127.929213, 57128.869826, 57128.871273, 57128.872708, 57128.874155, 57128.875602, 57128.879942, 57128.877049, 57128.878507, 57136.908657, 57120.886019, 57136.910104, 57136.912998, 57136.914433, 57136.91588, 57136.917326, 57136.918773, 57136.921667, 57136.920208, 57136.923113, 57136.92456, 57120.875903, 57120.878796, 57120.880243, 57120.88169, 57120.883125, 57135.900313, 57120.884572, 57120.887465, 57120.891806, 57135.887303, 57135.893079, 57135.895972, 57120.888924, 57120.890359, 57135.890185, 57135.891632, 57135.894525, 57135.897407, 57134.905671, 57134.908553, 57135.898854, 57134.907106, 57134.910012, 57134.912894, 57134.91434, 57135.901759, 57134.911447, 57135.903194, 57134.915787, 57134.918681, 57134.921562, 57134.917222, 57134.920127, 57121.876019, 57121.881806, 57121.883241, 57121.877465, 57121.880359, 57121.884699, 57121.886134, 57121.887581, 57121.889039, 57122.91162, 57122.913067, 57122.914514, 57122.915961, 57122.917407, 57123.898067, 57123.899502, 57123.900949, 57123.902396, 57123.903843, 57123.905278, 57123.906736, 57123.908183, 57123.90963, 57171.892963, 57171.894398, 57171.895845, 57091.967269, 57091.97015, 57091.971597, 57091.973044, 57091.974479, 57091.975937, 57091.977373, 57091.978819, 57091.980266, 57091.981713, 57091.98316, 57095.938657, 57093.913426, 57093.916343, 57095.940104, 57093.914884, 57095.941562, 57093.917801, 57093.919259, 57093.920706, 57093.922188, 57093.923646, 57093.926551, 57095.943021, 57095.944479, 57095.950324, 57095.945938, 57095.947407, 57095.948866, 57096.917072, 57096.919977, 57096.921435, 57096.922894, 57096.924352], "magerr": [0.02042360045015812, 0.021031999960541725, 0.05796850100159645, 0.1183290034532547, 0.11914700269699097, 0.1238349974155426, 0.10977700352668762, 0.10778000205755234, 0.11980099976062775, 0.07014010101556778, 0.09221020340919495, 0.062711201608181, 0.05841020122170448, 0.05628399923443794, 0.16249099373817444, 0.1649080067873001, 0.11180400103330612, 0.07051730155944824, 0.06772519648075104, 0.07727739959955215, 0.06545349955558777, 0.0544125996530056, 0.061220601201057434, 0.10809899866580963, 0.11590699851512909, 0.13161000609397888, 0.03255150094628334, 0.03853389993309975, 0.02729780040681362, -1.0, 0.062234800308942795, 0.09822650253772736, -1.0, 0.03336530178785324, -1.0, -1.0, 0.0410861000418663, 0.03939969837665558, 0.08134309947490692, 0.08071299642324448, 0.044963300228118896, 0.08205650001764297, -1.0, 0.05187249928712845, 0.05288210138678551, 0.05175580084323883, 0.033834099769592285, 0.03923359885811806, 0.10437600314617157, 0.03634820133447647, 0.036952801048755646, 0.04467809945344925, 0.07706979662179947, 0.07765190303325653, 0.08338630199432373, 0.03693779930472374, 0.08190950006246567, 0.0708416998386383, 0.08484630286693573, 0.04202859848737717, 0.036724500358104706, 0.04132619872689247, 0.031511299312114716, 0.031176500022411346, 0.032871801406145096, 0.07298819720745087, 0.060829199850559235, 0.03258730098605156, 0.06607159972190857, 0.035128701478242874, 0.050583600997924805, 0.05400260165333748, 0.05827450007200241, 0.02879280038177967, 0.030401499941945076, 0.028795000165700912, 0.058298300951719284, 0.06146720051765442, 0.03598780184984207, 0.059401098638772964, 0.03502830117940903, 0.03497299924492836, 0.03201049938797951, 0.03339039906859398, 0.02234729938209057, 0.022884700447320938, 0.023139899596571922, 0.033522799611091614, 0.053217798471450806, 0.05582280084490776, 0.028047699481248856, 0.04706690087914467, 0.02897859923541546, 0.07157090306282043, 0.02500469982624054, 0.02457280084490776, 0.04836520180106163, 0.030054999515414238, 0.030424000695347786, 0.07494570314884186, 0.05644389986991882, 0.05025549978017807, 0.06489119678735733, 0.049412500113248825, 0.02905469946563244, 0.029320400208234787, 0.06578530371189117, 0.030425600707530975, 0.025648200884461403, 0.029872799292206764, 0.049692898988723755, 0.030830999836325645, 0.031667500734329224, 0.06745590269565582, 0.03152339905500412, 0.0408610999584198, 0.02356019988656044, 0.023808099329471588, 0.03484319895505905, 0.02357799932360649, 0.049912501126527786, 0.04725240170955658, 0.05456859990954399, 0.02482829988002777, 0.03157399967312813, 0.031214499846100807, 0.03393330052495003, 0.0642177015542984, 0.07178449630737305, 0.022970400750637054, 0.02291250042617321, 0.02290330082178116, 0.04790569841861725, 0.04835759848356247, 0.04822779819369316, 0.02299799956381321, 0.022824300453066826, 0.023720599710941315, 0.09520959854125977, 0.06889849901199341, 0.06842180341482162, 0.02618190087378025, 0.026125499978661537, 0.022631099447607994, 0.0251436997205019, 0.021514900028705597, 0.023106899112462997, 0.02295609936118126, 0.021833399310708046, 0.057183001190423965, 0.06419169902801514, 0.049106698483228683, 0.025083299726247787, 0.019109200686216354, 0.019961999729275703, 0.029478900134563446, 0.020767800509929657, 0.020557399839162827, 0.04592199996113777, 0.05195539817214012, 0.05016870051622391, 0.021880799904465675, 0.0229933001101017, 0.021187899634242058, 0.04805000126361847, 0.04438890144228935, 0.027620699256658554, 0.045782700181007385, 0.024208100512623787, 0.025384899228811264, 0.021723700687289238, 0.027013199403882027, 0.05752599984407425, 0.055192701518535614, 0.05842050164937973], "alert_name": null,