{"mjd": [57077.1034567, 57077.1069733, 57077.1104905, 57078.9809407, 57078.9844576, 57078.9879747, 57080.0930287, 57080.0965457, 57080.1000624, 57084.0003556, 57084.0038725, 57084.0073893, 57077.1142672, 57077.1177841, 57077.1213008, 57079.0056559, 57079.0091732, 57079.0126898, 57080.1037524, 57080.1072743, 57080.1107915, 57081.004125, 57081.0076418, 57081.0111587, 57084.0211942, 57084.0247108, 57084.0282278, 57077.1251237, 57077.12864, 57077.1321571, 57079.0301988, 57079.0337159, 57080.1149735, 57080.1184907, 57081.0249033, 57081.0284203, 57081.0319372, 57084.042005, 57084.045522, 57084.0490387, 57086.00347, 57086.0069869, 57086.010504, 57077.1359807, 57077.139498, 57077.1430146, 57084.0629357, 57084.0664525, 57084.0699696, 57086.0448834, 57086.0484002, 57086.0519169], "magerr": [0.025699999183416367, 0.02539999969303608, 0.025699999183416367, -1.0, 0.03629999980330467, 0.0364999994635582, 0.01860000006854534, 0.017400000244379044, 0.018799999728798866, 0.04580000042915344, 0.045899998396635056, 0.03539999946951866, 0.009800000116229057, 0.009800000116229057, 0.009700000286102295, 0.015599999576807022, 0.014100000262260437, 0.012799999676644802, 0.0066999997943639755, 0.006800000090152025, 0.006800000090152025, 0.019099999219179153, 0.01759999990463257, 0.01640000008046627, 0.00989999994635582, 0.010400000028312206, 0.010099999606609344, 0.00419999985024333, 0.00419999985024333, 0.00419999985024333, 0.005499999970197678, 0.011500000022351742, 0.0034000000450760126, 0.004699999932199717, 0.008200000040233135, 0.007400000002235174, 0.0071000000461936, 0.0038999998942017555, 0.004000000189989805, 0.009100000374019146, 0.013199999928474426, 0.013100000098347664, 0.013700000010430813, 0.0026000000070780516, 0.0027000000700354576, 0.0026000000070780516, 0.002099999925121665, 0.002099999925121665, 0.0020000000949949026, 0.004800000227987766, 0.004600000102072954, 0.004399999976158142], "observatory": ["ObsMontsec-Umut Burg", "ObsMontsec-Umut Burg", "ObsMontsec-Umut Burg", "ObsMontsec-Umut Burg", "ObsMontsec-Umut Burg", "ObsMontsec-Umut Burg", "ObsMontsec-Umut Burg", "ObsMontsec-Umut Burg", "ObsMontsec-Umut Burg", "ObsMontsec-Umut Burg", "ObsMontsec-Umut Burg", "ObsMontsec-Umut Burg", "ObsMontsec-Umut Burg", "ObsMontsec-Umut Burg", "ObsMontsec-Umut Burg", "ObsMontsec-Umut Burg", "ObsMontsec-Umut Burg", "ObsMontsec-Umut Burg", "ObsMontsec-Umut Burg", "ObsMontsec-Umut Burg", "ObsMontsec-Umut Burg", "ObsMontsec-Umut Burg", "ObsMontsec-Umut Burg", "ObsMontsec-Umut Burg", "ObsMontsec-Umut Burg", "ObsMontsec-Umut Burg", "ObsMontsec-Umut Burg", "ObsMontsec-Umut Burg", "ObsMontsec-Umut Burg", "ObsMontsec-Umut Burg", "ObsMontsec-Umut Burg", "ObsMontsec-Umut Burg", "ObsMontsec-Umut Burg", "ObsMontsec-Umut Burg", "ObsMontsec-Umut Burg", "ObsMontsec-Umut Burg", "ObsMontsec-Umut Burg", "ObsMontsec-Umut Burg", "ObsMontsec-Umut Burg", "ObsMontsec-Umut Burg", "ObsMontsec-Umut Burg", "ObsMontsec-Umut Burg", "ObsMontsec-Umut Burg", "ObsMontsec-Umut Burg", "ObsMontsec-Umut Burg", "ObsMontsec-Umut Burg", "ObsMontsec-Umut Burg", "ObsMontsec-Umut Burg", "ObsMontsec-Umut Burg", "ObsMontsec-Umut Burg", "ObsMontsec-Umut Burg", "ObsMontsec-Umut Burg"], "mag": [17.898700714111328, 17.942399978637695, 17.939800262451172, 20.236400604248047, 18.123600006103516, 18.18239974975586, 17.94860076904297, 17.943899154663086, 17.957799911499023, 17.91390037536621, 17.949899673461914, 17.95009994506836, 16.601900100708008, 16.55769920349121, 16.568300247192383, 16.612699508666992, 16.577299118041992, 16.572099685668945, 16.5674991607666, 16.546300888061523, 16.54990005493164, 16.54599952697754, 16.57379913330078, 16.55970001220703, 16.522199630737305, 16.553300857543945, 16.510499954223633, 15.836199760437012, 15.832599639892578, 15.82289981842041, 15.822799682617188, 15.852499961853027, 15.80270004272461, 15.814399719238281, 15.828900337219238, 15.808500289916992, 15.819100379943848, 15.811200141906738, 15.808300018310547, 15.850299835205078, 15.852700233459473, 15.821499824523926, 15.884200096130371, 14.773200035095215, 14.767399787902832, 14.769100189208984, 14.730799674987793, 14.735799789428711, 14.723099708557129, 14.79259967803955, 14.794699668884277, 14.791099548339844], "filter": ["B", "B", "B", "B", "B", "B", "B", "B", "B", "B", "B", "B", "V", "V", "V", "V", "V", "V", "V", "V", "V", "V", "V", "V", "V", "V", "V", "r", "r", "r", "r", "r", "r", "r", "r", "r", "r", "r", "r", "r", "r", "r", "r", "i", "i", "i", "i", "i", "i", "i", "i", "i"], "catalog": ["APASS", "APASS", "APASS", "APASS", "APASS", "APASS", "APASS", "APASS", "APASS", "APASS", "APASS", "APASS", "APASS", "APASS", "APASS", "APASS", "APASS", "APASS", "APASS", "APASS", "APASS", "APASS", "APASS", "APASS", "APASS", "APASS", "APASS", "APASS", "APASS", "APASS", "APASS", "APASS", "APASS", "APASS", "APASS", "APASS", "APASS", "APASS", "APASS", "APASS", "APASS", "APASS", "APASS", "APASS", "APASS", "APASS", "APASS", "APASS", "APASS", "APASS", "APASS", "APASS"], "caliberr": [0.03576530143618584, 0.028925500810146332, 0.03315449878573418, 0.02981569990515709, 0.03789199888706207, 0.03197669982910156, 0.031889598816633224, 0.03933349996805191, 0.03428659960627556, 0.042792901396751404, 0.03400370106101036, 0.029509399086236954, 0.009999999776482582, 0.03997969999909401, 0.039861299097537994, 0.04112059995532036, 0.04432529956102371, 0.04461279883980751, 0.039945900440216064, 0.03974359855055809, 0.03803180158138275, 0.009999999776482582, 0.03758250176906586, 0.03823639824986458, 0.03582509979605675, 0.037312500178813934, 0.03629330173134804, 0.009999999776482582, 0.009999999776482582, 0.009999999776482582, 0.08633840084075928, 0.07503189891576767, 0.02712639980018139, 0.019500400871038437, 0.07706870138645172, 0.021178800612688065, 0.023983800783753395, 0.021206099539995193, 0.02191160060465336, 0.08005739748477936, 0.06459999829530716, 0.009999999776482582, 0.0527275986969471, 0.045444898307323456, 0.04643470048904419, 0.044773101806640625, 0.13248200714588165, 0.11810799688100815, 0.1321610063314438, 0.060169100761413574, 0.06793390214443207, 0.06049270182847977]}