{"mjd": [57244.9030697918, 57244.9110070602, 57245.8419261575, 57246.85020787, 57246.85815255, 57244.905966898, 57244.9139060187, 57245.8368855324, 57246.85259155, 57246.86053056, 57244.9078240739, 57244.9157629628, 57245.83943773, 57245.84737616, 57246.85427535, 57246.86221458], "magerr": [0.014000000432133675, 0.006000000052154064, 0.00800000037997961, 0.00800000037997961, 0.007000000216066837, 0.004999999888241291, 0.006000000052154064, 0.007000000216066837, 0.006000000052154064, 0.006000000052154064, 0.013000000268220901, 0.004999999888241291, 0.007000000216066837, 0.009999999776482582, 0.006000000052154064, 0.007000000216066837], "alert_name": null, "observatory": ["OHP_MPawlak", "OHP_MPawlak", "OHP_MPawlak", "OHP_MPawlak", "OHP_MPawlak", "OHP_MPawlak", "OHP_MPawlak", "OHP_MPawlak", "OHP_MPawlak", "OHP_MPawlak", "OHP_MPawlak", "OHP_MPawlak", "OHP_MPawlak", "OHP_MPawlak", "OHP_MPawlak", "OHP_MPawlak"], "caliberr": [0.08793529868125916, 0.07449910044670105, 0.0978797972202301, 0.09709490090608597, 0.09197259694337845, 0.03838929906487465, 0.04103820025920868, 0.10762500017881393, 0.07705940306186676, 0.0721931979060173, 0.028223000466823578, 0.017045199871063232, 0.07088430225849152, 0.03820030018687248, 0.026232000440359116, 0.03177180141210556], "mag": [16.710599899291992, 16.414499282836914, 16.369300842285156, 16.36949920654297, 16.3710994720459, 16.141700744628906, 16.21269989013672, 16.111099243164062, 16.08049964904785, 16.08049964904785, 16.521400451660156, 16.167200088500977, 16.20870018005371, 16.277299880981445, 16.113000869750977, 16.17259979248047], "catalog": ["APASS", "APASS", "APASS", "APASS", "APASS", "APASS", "APASS", "APASS", "APASS", "APASS", "APASS", "APASS", "APASS", "APASS", "APASS", "APASS"], "filter": ["B", "B", "B", "B", "B", "V", "V", "V", "V", "V", "r", "r", "r", "r", "r", "r"]}