{"mjd": [56917.8629161, 56918.1314185, 56918.1933081], "magerr": [-1.0, 0.04910000041127205, -1.0], "observatory": ["Heather Campbell", "Heather Campbell", "Heather Campbell"], "mag": [21.286800384521484, 22.014400482177734, 22.902299880981445], "filter": ["B1pg", "B1pg", "B1pg"], "catalog": ["USNO", "USNO", "USNO"], "caliberr": [0.49160200357437134, 0.4682070016860962, 0.47672000527381897]}