{"mjd": [57106.1032632986, 57105.0540529745, 57106.0915072685, 57128.0550418866, 57085.1673319, 57085.1673319, 57085.1673319, 57070.754, 57082.651, 57070.76, 57082.654, 57082.658, 57070.757, 57133.95831609, 57069.2522921, 57067.2967194, 57068.278884, 57069.247082, 57069.2522921, 57067.2967194, 57068.278884, 57069.247082, 57069.2522921], "magerr": [0.1965000033378601, 0.0746999979019165, 0.12919999659061432, -1.0, -1.0, 0.13500000536441803, 0.0551999993622303, 0.009999999776482582, 0.08699999749660492, 0.01080000028014183, 0.04349999874830246, 0.03929999843239784, 0.01940000057220459, -1.0, 0.058400001376867294, 0.10729999840259552, 0.010599999688565731, 0.0066999997943639755, 0.007000000216066837, 0.11500000208616257, 0.012400000356137753, 0.008899999782443047, 0.00930000003427267], "alert_name": null, "observatory": ["Werner Zeilinger, 1.", "Werner Zeilinger, 1.", "Werner Zeilinger, 1.", "Werner Zeilinger, 1.", "Heather Campbell", "Heather Campbell", "Heather Campbell", "Heather Campbell", "Heather Campbell", "Heather Campbell", "Heather Campbell", "Heather Campbell", "Heather Campbell", "K.Wiersema-Leicester", "Mercator Geneva Grou", "Mercator Geneva Grou", "Mercator Geneva Grou", "Mercator Geneva Grou", "Mercator Geneva Grou", "Mercator Geneva Grou", "Mercator Geneva Grou", "Mercator Geneva Grou", "Mercator Geneva Grou"], "caliberr": [0.22545099258422852, 0.4770579934120178, 0.21420100331306458, 0.18709200620651245, 0.1707880049943924, 0.11040099710226059, 0.12034399807453156, 0.009999999776482582, 0.009999999776482582, 0.017646299675107002, 0.06750159710645676, 0.026044299826025963, 0.051356200128793716, 0.06329750269651413, 0.09326440095901489, 0.16985400021076202, 0.12873099744319916, 0.13388100266456604, 0.15477900207042694, 0.15778499841690063, 0.1474969983100891, 0.12534800171852112, 0.15408700704574585], "mag": [21.571399688720703, 19.698299407958984, 20.491899490356445, 22.328699111938477, 24.65920066833496, 20.79560089111328, 19.457199096679688, 19.155799865722656, 20.36319923400879, 18.85420036315918, 19.718900680541992, 19.571800231933594, 19.155799865722656, 19.980499267578125, 20.356399536132812, 18.829999923706055, 18.995399475097656, 19.06410026550293, 19.064300537109375, 18.850400924682617, 18.796199798583984, 18.870399475097656, 18.823999404907227], "catalog": ["SDSS", "SDSS", "SDSS", "SDSS", "SDSS", "SDSS", "SDSS", "APASS", "APASS", "APASS", "APASS", "APASS", "APASS", "APASS", "SDSS", "SDSS", "SDSS", "SDSS", "SDSS", "SDSS", "SDSS", "SDSS", "SDSS"], "filter": ["g", "r", "r", "r", "u", "g", "r", "g", "g", "r", "r", "r", "i", "V", "u", "g", "g", "g", "g", "r", "r", "r", "r"]}