{"mjd": [57085.849542, 57085.849542, 57068.349, 57070.343, 57082.379, 57082.385, 57068.352, 57068.355, 57082.382], "magerr": [0.04360000044107437, 0.028200000524520874, 0.009399999864399433, 0.01140000019222498, 0.03849999979138374, 0.025800000876188278, 0.012600000016391277, 0.011300000362098217, 0.02459999918937683], "observatory": ["Heather Campbell", "Heather Campbell", "Heather Campbell", "Heather Campbell", "Heather Campbell", "Heather Campbell", "Heather Campbell", "Heather Campbell", "Heather Campbell"], "mag": [17.716100692749023, 17.551799774169922, 17.908300399780273, 17.896900177001953, 18.046600341796875, 17.561399459838867, 17.152099609375, 17.219100952148438, 17.274700164794922], "filter": ["g", "r", "g", "g", "g", "r", "i", "i", "i"], "catalog": ["SDSS", "SDSS", "APASS", "APASS", "APASS", "APASS", "APASS", "APASS", "APASS"], "caliberr": [0.18980999290943146, 0.15417900681495667, 0.009999999776482582, 0.07185229659080505, 0.017311999574303627, 0.009999999776482582, 0.04151970148086548, 0.01797349937260151, 0.009999999776482582]}