{"mjd": [57438.761014, 57438.765619, 57449.870958, 57449.872401], "magerr": [0.08959999680519104, 0.07729999721050262, -1.0, -1.0], "observatory": ["T100,Hasan Esenoglu", "T100,Hasan Esenoglu", "Liam Hardy pt5m", "Liam Hardy pt5m"], "mag": [19.147300720214844, 18.87969970703125, 17.963699340820312, 18.335899353027344], "filter": ["g", "r", "B", "B"], "catalog": ["APASS", "APASS", "APASS", "APASS"], "caliberr": [0.07036860287189484, 0.07793980091810226, 0.19918599724769592, 0.13918599486351013]}