{"mjd": [56594.913808, 56594.914873, 56595.90625, 56595.907326, 56595.908403, 56595.909468, 56595.910544, 56595.91162, 56595.912697, 56595.913762], "magerr": [-1.0, -1.0, -1.0, -1.0, -1.0, -1.0, -1.0, -1.0, -1.0, -1.0], "alert_name": null, "observatory": ["Stuart Littlefair, p", "Stuart Littlefair, p", "Stuart Littlefair, p", "Stuart Littlefair, p", "Stuart Littlefair, p", "Stuart Littlefair, p", "Stuart Littlefair, p", "Stuart Littlefair, p", "Stuart Littlefair, p", "Stuart Littlefair, p"], "caliberr": [0.04067390039563179, 0.04473799839615822, 0.036564700305461884, 0.033459700644016266, 0.034799300134181976, 0.03418949991464615, 0.031209299340844154, 0.03682050108909607, 0.03649450093507767, 0.036954499781131744], "mag": [18.815000534057617, 18.804500579833984, 18.711200714111328, 18.595399856567383, 18.54669952392578, 18.235200881958008, 18.51569938659668, 18.033899307250977, 18.01129913330078, 17.699100494384766], "catalog": ["APASS", "APASS", "APASS", "APASS", "APASS", "APASS", "APASS", "APASS", "APASS", "APASS"], "filter": ["V", "V", "V", "V", "V", "V", "V", "V", "V", "V"]}