{"mjd": [56960.031921, 56960.033877, 56960.03566, 56960.037442, 56960.039398, 56960.041181, 56960.020509, 56960.022465, 56960.024606, 56960.026389, 56960.028345, 56960.030127, 57035.8588173148, 57035.8393048032], "magerr": [0.11767300218343735, 0.1059110015630722, 0.07448399811983109, 0.12804099917411804, 0.09225030243396759, 0.15343399345874786, -1.0, -1.0, -1.0, -1.0, -1.0, -1.0, 0.04010000079870224, 0.06809999793767929], "alert_name": null, "observatory": ["Stuart Littlefair, p", "Stuart Littlefair, p", "Stuart Littlefair, p", "Stuart Littlefair, p", "Stuart Littlefair, p", "Stuart Littlefair, p", "Stuart Littlefair, p", "Stuart Littlefair, p", "Stuart Littlefair, p", "Stuart Littlefair, p", "Stuart Littlefair, p", "Stuart Littlefair, p", "Werner Zeilinger, 1.", "Werner Zeilinger, 1."], "caliberr": [0.12232500314712524, 0.12038599699735641, 0.114656001329422, 0.11815900355577469, 0.14045700430870056, 0.12913799285888672, 0.17565199732780457, 0.05854380130767822, 0.07576920092105865, 0.05537309870123863, 0.05439690127968788, 0.06620699912309647, 0.06570799648761749, 0.009999999776482582], "mag": [18.398799896240234, 18.44529914855957, 18.450199127197266, 17.458200454711914, 17.186399459838867, 17.612899780273438, 19.458900451660156, 19.07029914855957, 19.113500595092773, 19.301700592041016, 19.255399703979492, 19.39940071105957, 18.495899200439453, 18.180200576782227], "catalog": ["SDSS", "SDSS", "SDSS", "SDSS", "SDSS", "SDSS", "APASS", "APASS", "APASS", "APASS", "APASS", "APASS", "APASS", "APASS"], "filter": ["R", "R", "R", "I", "I", "I", "B", "B", "B", "V", "V", "V", "r", "i"]}