{"mjd": [56919.2608701, 56919.2608701, 56919.2608701], "magerr": [0.08449999988079071, 0.05339999869465828, -1.0], "alert_name": null, "observatory": ["Mercator, Lovro Pala", "Mercator, Lovro Pala", "Mercator, Lovro Pala"], "caliberr": [0.009999999776482582, 0.05228450149297714, 0.2133380025625229], "mag": [17.61090087890625, 17.481300354003906, 19.356599807739258], "catalog": ["APASS", "APASS", "APASS"], "filter": ["g", "r", "i"]}