{"mjd": [56920.979379, 56923.982363, 56920.963462, 56923.988738, 56920.971205, 56923.994002], "magerr": [0.057999998331069946, 0.08100000023841858, 0.06300000101327896, -1.0, -1.0, -1.0], "observatory": ["Loiano,K.Ulaczyk", "Loiano,K.Ulaczyk", "Loiano,K.Ulaczyk", "Loiano,K.Ulaczyk", "Loiano,K.Ulaczyk", "Loiano,K.Ulaczyk"], "mag": [21.002599716186523, 21.0137996673584, 20.743099212646484, 22.77280044555664, 22.041500091552734, 22.049699783325195], "filter": ["g", "g", "r", "r", "i", "i"], "catalog": ["APASS", "APASS", "APASS", "APASS", "APASS", "APASS"], "caliberr": [0.04311680048704147, 0.0938095971941948, 0.032053399831056595, 0.07481899857521057, 0.03909770026803017, 0.09551549702882767]}