{"mjd": [57475.0320643, 57475.0355961, 57475.0391277, 57478.1376264, 57480.1167988, 57480.1203306, 57480.1238622, 57481.1225423, 57481.126074, 57481.1296056, 57475.0549383, 57475.0584699, 57475.0620016, 57480.1282835, 57480.1318152, 57480.1353468, 57481.1333304, 57481.1368619, 57481.1403935, 57475.0720864, 57475.0756185, 57475.07915, 57478.1413477, 57478.1448793, 57478.1484108, 57480.1390695, 57480.1426013, 57480.1461331, 57481.1441154, 57481.1476471, 57481.1511788, 57475.0828703, 57475.0864021, 57475.0899337, 57480.1499123, 57480.1534439, 57480.1569756, 57481.155027, 57481.1585587, 57481.1620904], "magerr": [0.03929999843239784, 0.043699998408555984, 0.04830000177025795, -1.0, 0.019099999219179153, 0.01850000023841858, 0.01810000091791153, 0.0142000000923872, 0.013899999670684338, 0.013899999670684338, -1.0, -1.0, -1.0, 0.01549999974668026, 0.015599999576807022, 0.015799999237060547, 0.012600000016391277, 0.012500000186264515, 0.012400000356137753, 0.033799998462200165, 0.03420000150799751, 0.0284000001847744, -1.0, -1.0, -1.0, 0.013199999928474426, 0.013000000268220901, 0.013399999588727951, 0.010599999688565731, 0.010400000028312206, 0.010599999688565731, 0.043800000101327896, 0.044599998742341995, 0.036400001496076584, 0.016499999910593033, 0.01720000058412552, 0.016699999570846558, 0.01590000092983246, 0.01600000075995922, 0.01600000075995922], "alert_name": null, "observatory": ["ObsMontsec-Umut Burg", "ObsMontsec-Umut Burg", "ObsMontsec-Umut Burg", "ObsMontsec-Umut Burg", "ObsMontsec-Umut Burg", "ObsMontsec-Umut Burg", "ObsMontsec-Umut Burg", "ObsMontsec-Umut Burg", "ObsMontsec-Umut Burg", "ObsMontsec-Umut Burg", "ObsMontsec-Umut Burg", "ObsMontsec-Umut Burg", "ObsMontsec-Umut Burg", "ObsMontsec-Umut Burg", "ObsMontsec-Umut Burg", "ObsMontsec-Umut Burg", "ObsMontsec-Umut Burg", "ObsMontsec-Umut Burg", "ObsMontsec-Umut Burg", "ObsMontsec-Umut Burg", "ObsMontsec-Umut Burg", "ObsMontsec-Umut Burg", "ObsMontsec-Umut Burg", "ObsMontsec-Umut Burg", "ObsMontsec-Umut Burg", "ObsMontsec-Umut Burg", "ObsMontsec-Umut Burg", "ObsMontsec-Umut Burg", "ObsMontsec-Umut Burg", "ObsMontsec-Umut Burg", "ObsMontsec-Umut Burg", "ObsMontsec-Umut Burg", "ObsMontsec-Umut Burg", "ObsMontsec-Umut Burg", "ObsMontsec-Umut Burg", "ObsMontsec-Umut Burg", "ObsMontsec-Umut Burg", "ObsMontsec-Umut Burg", "ObsMontsec-Umut Burg", "ObsMontsec-Umut Burg"], "caliberr": [0.03778240084648132, 0.047998201102018356, 0.0568121001124382, 0.2543169856071472, 0.08325120061635971, 0.05924370139837265, 0.046416398137807846, 0.05315529927611351, 0.055821001529693604, 0.05505349859595299, 0.03381529822945595, 0.026944700628519058, 0.027330800890922546, 0.03429789841175079, 0.035241998732089996, 0.03596159815788269, 0.032162100076675415, 0.031469300389289856, 0.03333749994635582, 0.044411901384592056, 0.042409300804138184, 0.04526330158114433, 0.046358101069927216, 0.09827370196580887, 0.07382229715585709, 0.0336126983165741, 0.03371509909629822, 0.035281598567962646, 0.051540300250053406, 0.053554099053144455, 0.04565630108118057, 0.06131080165505409, 0.05908710137009621, 0.0650549978017807, 0.05817199870944023, 0.05999179929494858, 0.058842599391937256, 0.08102569729089737, 0.07884889841079712, 0.07636179774999619], "mag": [17.715200424194336, 17.78190040588379, 17.708799362182617, 17.879100799560547, 17.769800186157227, 17.71649932861328, 17.761499404907227, 17.918500900268555, 17.94300079345703, 17.910999298095703, 17.725500106811523, 18.10099983215332, 18.690000534057617, 17.39539909362793, 17.405799865722656, 17.346500396728516, 17.520599365234375, 17.56209945678711, 17.55419921875, 17.52560043334961, 17.488399505615234, 17.5492000579834, 18.730899810791016, 17.688800811767578, 14.612500190734863, 17.282899856567383, 17.24720001220703, 17.28890037536621, 17.487300872802734, 17.530000686645508, 17.486099243164062, 17.495800018310547, 17.573699951171875, 17.462299346923828, 17.035200119018555, 17.16830062866211, 17.033300399780273, 17.384000778198242, 17.3262996673584, 17.29800033569336], "catalog": ["APASS", "APASS", "APASS", "APASS", "APASS", "APASS", "APASS", "APASS", "APASS", "APASS", "APASS", "APASS", "APASS", "APASS", "APASS", "APASS", "APASS", "APASS", "APASS", "APASS", "APASS", "APASS", "APASS", "APASS", "APASS", "APASS", "APASS", "APASS", "APASS", "APASS", "APASS", "APASS", "APASS", "APASS", "APASS", "APASS", "APASS", "APASS", "APASS", "APASS"], "filter": ["B", "B", "B", "B", "B", "B", "B", "B", "B", "B", "V", "V", "V", "V", "V", "V", "V", "V", "V", "r", "r", "r", "r", "r", "r", "r", "r", "r", "r", "r", "r", "i", "i", "i", "i", "i", "i", "i", "i", "i"]}