{"mjd": [56541.8, 56541.82], "magerr": [-1.0, -1.0], "observatory": ["Stuart Littlefair, p", "Stuart Littlefair, p"], "mag": [16.532699584960938, 16.668800354003906], "filter": ["i", "i"], "catalog": ["APASS", "APASS"], "caliberr": [0.0961776003241539, 0.08294569700956345]}