{"mjd": [56066.2841370106, 56063.18414994, 56066.2750416696, 56063.1896262169, 56066.2804757953, 56063.1933620572], "magerr": [0.07540000230073929, 0.11420000344514847, 0.10620000213384628, 0.05260000005364418, 0.04820000007748604, 0.07599999755620956], "alert_name": null, "observatory": ["RichardAndersonEuler", "RichardAndersonEuler", "RichardAndersonEuler", "RichardAndersonEuler", "RichardAndersonEuler", "RichardAndersonEuler"], "caliberr": [0.09018869698047638, 0.06301789730787277, 0.06456030160188675, 0.02297079935669899, 0.031655099242925644, 0.06666719913482666], "mag": [20.087799072265625, 22.682100296020508, 22.07659912109375, 20.355499267578125, 20.32710075378418, 20.42340087890625], "catalog": ["SDSS", "APASS", "APASS", "APASS", "APASS", "APASS"], "filter": ["i", "B", "B", "r", "r", "i"]}