{"mjd": [55945.0596965812, 55945.0550972931, 55945.051950443, 55945.1702673, 55945.1779464036, 55945.1734150797, 55843.2139099999], "magerr": [0.001500000013038516, 0.0019000000320374966, 0.0010999999940395355, 0.0012000000569969416, 0.0015999999595806003, 0.0019000000320374966, 0.004699999932199717], "observatory": ["RichardAndersonEuler", "RichardAndersonEuler", "RichardAndersonEuler", "RichardAndersonEuler", "RichardAndersonEuler", "RichardAndersonEuler", "Alex Ball-SMARTS1.3"], "mag": [18.49209976196289, 15.981900215148926, 16.08609962463379, 16.107200622558594, 16.7544002532959, 15.979100227355957, 15.789199829101562], "filter": ["u", "i", "R", "R", "B", "i", "R1pg"], "catalog": ["SDSS", "SDSS", "SDSS", "SDSS", "APASS", "APASS", "USNO"], "caliberr": [0.009999999776482582, 0.09215819835662842, 0.10802000015974045, 0.07586739957332611, 0.10001900047063828, 0.06649769842624664, 0.30397701263427734]}