{"mjd": [57085.2744951, 57070.675, 57068.652, 57068.656, 57068.659, 57070.672, 57070.678, 57082.509, 57082.512, 57082.515, 57083.95121505], "magerr": [0.02969999983906746, 0.01769999973475933, 0.014399999752640724, 0.014999999664723873, 0.0142000000923872, 0.01759999990463257, 0.01730000041425228, 0.0421999990940094, 0.018400000408291817, 0.026799999177455902, 0.12049999833106995], "alert_name": null, "observatory": ["Heather Campbell", "Heather Campbell", "Heather Campbell", "Heather Campbell", "Heather Campbell", "Heather Campbell", "Heather Campbell", "Heather Campbell", "Heather Campbell", "Heather Campbell", "K.Wiersema-Leicester"], "caliberr": [0.1238429993391037, 0.009999999776482582, 0.009999999776482582, 0.009999999776482582, 0.009999999776482582, 0.009999999776482582, 0.009999999776482582, 0.009999999776482582, 0.009999999776482582, 0.009999999776482582, 0.02912439964711666], "mag": [18.69179916381836, 19.750099182128906, 19.794200897216797, 19.307899475097656, 19.64539909362793, 19.957599639892578, 19.745399475097656, 19.530099868774414, 19.135299682617188, 19.45599937438965, 19.51110076904297], "catalog": ["SDSS", "APASS", "APASS", "APASS", "APASS", "APASS", "APASS", "APASS", "APASS", "APASS", "APASS"], "filter": ["r", "B", "g", "g", "g", "g", "g", "g", "g", "g", "V"]}