{"mjd": [56949.9134722222], "magerr": [0.11569999903440475], "observatory": ["Montarrenti Observat"], "mag": [18.322099685668945], "filter": ["r"], "catalog": ["APASS"], "caliberr": [0.08753880113363266]}