{"mjd": [57068.711, 57070.687, 57082.613, 57093.67, 57095.624, 57097.635, 57068.709, 57070.685, 57082.611, 57093.678, 57095.631, 57097.643, 57068.707, 57070.683, 57082.609, 57093.674, 57095.627, 57097.639, 57091.647, 57067.2587591, 57067.2669434, 57067.2704174, 57068.2209236, 57068.2879962, 57069.2703319, 57067.2587591, 57067.2669434, 57067.2704174, 57068.2105015, 57068.2139755, 57068.2174495, 57068.2209236, 57068.2879962, 57069.2703319], "magerr": [-1.0, -1.0, -1.0, -1.0, -1.0, -1.0, -1.0, -1.0, -1.0, -1.0, -1.0, -1.0, -1.0, -1.0, -1.0, -1.0, -1.0, -1.0, -1.0, -1.0, -1.0, -1.0, -1.0, -1.0, -1.0, -1.0, -1.0, -1.0, -1.0, -1.0, -1.0, -1.0, -1.0, -1.0], "alert_name": null, "observatory": ["Heather Campbell", "Heather Campbell", "Heather Campbell", "Heather Campbell", "Heather Campbell", "Heather Campbell", "Heather Campbell", "Heather Campbell", "Heather Campbell", "Heather Campbell", "Heather Campbell", "Heather Campbell", "Heather Campbell", "Heather Campbell", "Heather Campbell", "Heather Campbell", "Heather Campbell", "Heather Campbell", "Heather Campbell", "Mercator Geneva Grou", "Mercator Geneva Grou", "Mercator Geneva Grou", "Mercator Geneva Grou", "Mercator Geneva Grou", "Mercator Geneva Grou", "Mercator Geneva Grou", "Mercator Geneva Grou", "Mercator Geneva Grou", "Mercator Geneva Grou", "Mercator Geneva Grou", "Mercator Geneva Grou", "Mercator Geneva Grou", "Mercator Geneva Grou", "Mercator Geneva Grou"], "caliberr": [0.1349799931049347, 0.08192349970340729, 0.13030299544334412, 0.18070200085639954, 0.17248700559139252, 0.17543700337409973, 0.13659599423408508, 0.18467800319194794, 0.1932470053434372, 0.1384509950876236, 0.20845399796962738, 0.1993580013513565, 0.03969940170645714, 0.19787900149822235, 0.07255169749259949, 0.22763800621032715, 0.19545400142669678, 0.19740599393844604, 0.2619900107383728, 0.2532980144023895, 0.18787799775600433, 0.19667600095272064, 0.2058510035276413, 0.20325900614261627, 0.16777700185775757, 0.30175599455833435, 0.24878400564193726, 0.18425999581813812, 0.19125300645828247, 0.20449300110340118, 0.24432800710201263, 0.23316800594329834, 0.2262440025806427, 0.24561099708080292], "mag": [23.049800872802734, 23.38050079345703, 22.83769989013672, 23.569900512695312, 23.489700317382812, 24.029699325561523, 22.92650032043457, 22.377300262451172, 22.584199905395508, 22.682199478149414, 23.136600494384766, 23.56920051574707, 23.046300888061523, 23.276500701904297, 22.284700393676758, 22.56559944152832, 23.499799728393555, 24.238399505615234, 22.97450065612793, 23.15559959411621, 24.059600830078125, 24.152000427246094, 29.243799209594727, 22.947200775146484, 23.981399536132812, 22.922500610351562, 23.531400680541992, 23.406600952148438, 23.354000091552734, 24.320199966430664, 23.411300659179688, 23.498199462890625, 23.2810001373291, 23.608699798583984], "catalog": ["SDSS", "SDSS", "SDSS", "SDSS", "SDSS", "SDSS", "SDSS", "SDSS", "SDSS", "SDSS", "SDSS", "SDSS", "APASS", "APASS", "APASS", "APASS", "APASS", "APASS", "APASS", "SDSS", "SDSS", "SDSS", "SDSS", "SDSS", "SDSS", "SDSS", "SDSS", "SDSS", "SDSS", "SDSS", "SDSS", "SDSS", "SDSS", "SDSS"], "filter": ["r", "r", "r", "r", "r", "r", "i", "i", "i", "i", "i", "i", "r", "r", "r", "r", "r", "r", "i", "g", "g", "g", "g", "g", "g", "r", "r", "r", "r", "r", "r", "r", "r", "r"]}