{"mjd": [57099.3936595], "magerr": [-1.0], "observatory": ["Euler Geneva Group"], "mag": [26.28059959411621], "filter": ["r"], "catalog": ["APASS"], "caliberr": [0.05441949889063835]}