{"mjd": [57143.459, 57139.536, 57139.532, 57141.561, 57141.557, 57141.553, 57139.54, 57137.62, 57137.612, 57137.616, 57135.651, 57135.647, 57135.643, 57131.52, 57131.516, 57113.634, 57113.63, 57113.626, 57131.512, 57125.601, 57125.597, 57129.604, 57129.6, 57129.596, 57127.614, 57127.61, 57127.606, 57125.605, 57117.594, 57117.591, 57117.587, 57109.733, 57123.554, 57123.55, 57123.546, 57121.682, 57121.675, 57121.679, 57109.729, 57109.725, 57065.775, 57081.707, 57081.709, 57081.705, 57079.711, 57059.688, 57079.713, 57079.709, 57077.753, 57069.761, 57077.755, 57065.773, 57077.757, 57069.765, 57069.763, 57057.756, 57059.692, 57059.69, 57057.76, 57057.758, 57055.694, 57055.692, 57055.69, 57053.767, 57053.765, 57053.763, 57051.789, 57051.787, 57051.785, 57058.1789, 57058.180347, 57058.181794, 57058.183241, 57058.186123, 57058.187569, 57058.189016, 57058.190463, 57058.19191, 57058.193345, 57058.194792], "magerr": [0.07479999959468842, 0.05249999836087227, 0.04580000042915344, 0.04910000041127205, 0.06419999897480011, 0.0494999997317791, 0.03970000147819519, 0.03200000151991844, 0.030899999663233757, 0.031300000846385956, 0.035999998450279236, 0.032600000500679016, 0.026499999687075615, 0.047200001776218414, 0.024399999529123306, 0.03970000147819519, 0.05810000002384186, 0.042500000447034836, 0.025100000202655792, 0.025800000876188278, 0.0284000001847744, 0.0430000014603138, -1.0, 0.03620000183582306, 0.03319999948143959, -1.0, 0.022700000554323196, 0.03189999982714653, 0.08669999986886978, 0.08940000087022781, 0.07460000365972519, 0.02759999968111515, 0.039500001817941666, 0.03790000081062317, 0.03449999913573265, 0.05849999934434891, 0.060600001364946365, 0.06849999725818634, 0.016499999910593033, 0.019600000232458115, 0.032099999487400055, 0.03779999911785126, 0.02710000053048134, 0.03150000050663948, 0.061400000005960464, 0.1014999970793724, 0.03799999877810478, 0.03550000116229057, 0.07240000367164612, 0.02370000071823597, 0.0608999989926815, 0.04729999974370003, 0.027300000190734863, 0.018400000408291817, 0.02370000071823597, 0.07370000332593918, 0.045499999076128006, 0.03420000150799751, 0.040800001472234726, 0.03310000151395798, 0.03889999911189079, 0.03709999844431877, 0.08829999715089798, 0.013199999928474426, 0.016100000590085983, 0.01759999990463257, 0.013500000350177288, 0.014100000262260437, 0.018400000408291817, -1.0, -1.0, -1.0, -1.0, -1.0, -1.0, -1.0, -1.0, -1.0, -1.0, -1.0], "alert_name": null, "observatory": ["Heather Campbell", "Heather Campbell", "Heather Campbell", "Heather Campbell", "Heather Campbell", "Heather Campbell", "Heather Campbell", "Heather Campbell", "Heather Campbell", "Heather Campbell", "Heather Campbell", "Heather Campbell", "Heather Campbell", "Heather Campbell", "Heather Campbell", "Heather Campbell", "Heather Campbell", "Heather Campbell", "Heather Campbell", "Heather Campbell", "Heather Campbell", "Heather Campbell", "Heather Campbell", "Heather Campbell", "Heather Campbell", "Heather Campbell", "Heather Campbell", "Heather Campbell", "Heather Campbell", "Heather Campbell", "Heather Campbell", "Heather Campbell", "Heather Campbell", "Heather Campbell", "Heather Campbell", "Heather Campbell", "Heather Campbell", "Heather Campbell", "Heather Campbell", "Heather Campbell", "Heather Campbell", "Heather Campbell", "Heather Campbell", "Heather Campbell", "Heather Campbell", "Heather Campbell", "Heather Campbell", "Heather Campbell", "Heather Campbell", "Heather Campbell", "Heather Campbell", "Heather Campbell", "Heather Campbell", "Heather Campbell", "Heather Campbell", "Heather Campbell", "Heather Campbell", "Heather Campbell", "Heather Campbell", "Heather Campbell", "Heather Campbell", "Heather Campbell", "Heather Campbell", "Heather Campbell", "Heather Campbell", "Heather Campbell", "Heather Campbell", "Heather Campbell", "Heather Campbell", "Liam Hardy pt5m", "Liam Hardy pt5m", "Liam Hardy pt5m", "Liam Hardy pt5m", "Liam Hardy pt5m", "Liam Hardy pt5m", "Liam Hardy pt5m", "Liam Hardy pt5m", "Liam Hardy pt5m", "Liam Hardy pt5m", "Liam Hardy pt5m"], "caliberr": [0.0515763983130455, 0.07358229905366898, 0.05619949847459793, 0.10615400224924088, 0.04010380059480667, 0.08892469853162766, 0.11335600167512894, 0.08531299978494644, 0.08498010039329529, 0.04073579981923103, 0.10230600088834763, 0.08645229786634445, 0.04636729881167412, 0.13369199633598328, 0.05472489818930626, 0.1205729991197586, 0.04158199951052666, 0.04994039982557297, 0.025798700749874115, 0.058780599385499954, 0.07238060235977173, 0.14070799946784973, 0.0580114983022213, 0.054344698786735535, 0.10789799690246582, 0.08846619725227356, 0.08865019679069519, 0.07621390372514725, 0.22423399984836578, 0.040437001734972, 0.11560799926519394, 0.12347099930047989, 0.09888549894094467, 0.039443399757146835, 0.025383099913597107, 0.14676199853420258, 0.024454399943351746, 0.05081519857048988, 0.07588999718427658, 0.04571180045604706, 0.13764700293540955, 0.11004199832677841, 0.04593149945139885, 0.03318540006875992, 0.06877309828996658, 0.05606180056929588, 0.03311600163578987, 0.03438759967684746, 0.03603050112724304, 0.042729999870061874, 0.08007659763097763, 0.06565649807453156, 0.021199099719524384, 0.06420090049505234, 0.09452740103006363, 0.04169299826025963, 0.01717660017311573, 0.0970941036939621, 0.016380900517106056, 0.11740200221538544, 0.018368899822235107, 0.08672399818897247, 0.052299100905656815, 0.029316900297999382, 0.10480999946594238, 0.043188899755477905, 0.02477790042757988, 0.11015000194311142, 0.04475649818778038, 0.06235229969024658, 0.009999999776482582, 0.14379499852657318, 0.10397499799728394, 0.13606500625610352, 0.07270310074090958, 0.08807480335235596, 0.11268900334835052, 0.10499200224876404, 0.09467580169439316, 0.06874369829893112], "mag": [19.648700714111328, 20.192399978637695, 19.819599151611328, 19.77199935913086, 20.236799240112305, 19.756999969482422, 19.055200576782227, 18.939699172973633, 19.899999618530273, 20.092100143432617, 19.0762996673584, 20.086599349975586, 19.173200607299805, 19.277999877929688, 19.40570068359375, 19.06920051574707, 19.36949920654297, 19.061100006103516, 19.185199737548828, 20.073400497436523, 19.72170066833496, 19.508399963378906, 24.094200134277344, 19.53660011291504, 19.238399505615234, 24.20359992980957, 19.051300048828125, 18.945999145507812, 20.42970085144043, 19.437400817871094, 19.263999938964844, 18.84939956665039, 19.025800704956055, 19.721900939941406, 19.08769989013672, 19.079999923706055, 19.30389976501465, 19.67449951171875, 19.396699905395508, 18.99209976196289, 18.501699447631836, 18.725900650024414, 18.796199798583984, 19.422100067138672, 19.30699920654297, 19.652999877929688, 18.873300552368164, 19.45240020751953, 20.024799346923828, 19.29210090637207, 18.871599197387695, 19.14229965209961, 18.67970085144043, 18.61520004272461, 18.55500030517578, 19.088899612426758, 18.527000427246094, 18.373300552368164, 18.58099937438965, 18.39229965209961, 18.433399200439453, 18.32159996032715, 19.133499145507812, 18.26919937133789, 18.18600082397461, 18.86870002746582, 18.175500869750977, 18.119199752807617, 18.79990005493164, 18.03380012512207, 17.81679916381836, 17.915800094604492, 17.7268009185791, 17.447200775146484, 17.906700134277344, 18.134899139404297, 17.15019989013672, 15.892600059509277, 16.13960075378418, 16.568099975585938],