{"mjd": [57261.95143634], "magerr": [-1.0], "alert_name": null, "observatory": ["K.Wiersema-Leicester"], "caliberr": [0.05890839919447899], "mag": [19.1299991607666], "catalog": ["APASS"], "filter": ["r"]}