{"mjd": [57122.4106882, 57125.3962578, 57126.4000477, 57131.4263913, 57132.3797192, 57133.3781242, 57154.4346467, 57156.3182376, 57159.3860155], "magerr": [0.013000000268220901, 0.01510000042617321, 0.011699999682605267, 0.03400000184774399, 0.03519999980926514, 0.016599999740719795, 0.06129999831318855, 0.03669999912381172, 0.03440000116825104], "alert_name": null, "observatory": ["Euler Geneva Group", "Euler Geneva Group", "Euler Geneva Group", "Euler Geneva Group", "Euler Geneva Group", "Euler Geneva Group", "Euler Geneva Group", "Euler Geneva Group", "Euler Geneva Group"], "caliberr": [0.21352000534534454, 0.19102199375629425, 0.22491900622844696, 0.19536399841308594, 0.09881079941987991, 0.17343999445438385, 0.19851399958133698, 0.1834920048713684, 0.16739100217819214], "mag": [18.91699981689453, 19.172399520874023, 19.179899215698242, 19.49049949645996, 19.571800231933594, 19.5310001373291, 20.354900360107422, 20.25200080871582, 20.48780059814453], "catalog": ["APASS", "APASS", "APASS", "APASS", "APASS", "APASS", "APASS", "APASS", "APASS"], "filter": ["r", "r", "r", "r", "r", "r", "r", "r", "r"]}