{"mjd": [56166.375185], "magerr": [0.07840000092983246], "observatory": ["Montarrenti Observat"], "mag": [17.41699981689453], "filter": ["R1pg"], "catalog": ["USNO"], "caliberr": [0.2792870104312897]}