{"mjd": [56816.139549, 56816.143252, 56816.124537, 56816.128241, 56816.131956, 56816.135833], "magerr": [0.10079599916934967, 0.08177570253610611, -1.0, -1.0, 0.0970211997628212, 0.0940810963511467], "observatory": ["Stuart Littlefair, p", "Stuart Littlefair, p", "Stuart Littlefair, p", "Stuart Littlefair, p", "Stuart Littlefair, p", "Stuart Littlefair, p"], "mag": [19.324199676513672, 19.505300521850586, 20.644399642944336, 20.75670051574707, 19.23080062866211, 19.478700637817383], "filter": ["R", "R", "B", "B", "V", "V"], "catalog": ["SDSS", "SDSS", "APASS", "APASS", "APASS", "APASS"], "caliberr": [0.15419499576091766, 0.1790280044078827, 0.019053200259804726, 0.009999999776482582, 0.009999999776482582, 0.009999999776482582]}