{"mjd": [57444.2547238426], "magerr": [0.019899999722838402], "observatory": ["LCOGT Gaia Alerts Gr"], "mag": [16.32469940185547], "filter": ["i"], "catalog": ["APASS"], "caliberr": [0.13365299999713898]}