{"mjd": [55945.04483347, 55945.16323976, 55945.0364210196, 55945.1548465, 55945.03958844, 55945.158001735], "magerr": [0.012199999764561653, 0.014800000004470348, 0.006599999964237213, 0.004800000227987766, 0.007199999876320362, 0.00800000037997961], "observatory": ["RichardAndersonEuler", "RichardAndersonEuler", "RichardAndersonEuler", "RichardAndersonEuler", "RichardAndersonEuler", "RichardAndersonEuler"], "mag": [18.94409942626953, 18.93429946899414, 17.628400802612305, 17.900299072265625, 17.45789909362793, 17.43910026550293], "filter": ["B", "B", "r", "r", "i", "i"], "catalog": ["APASS", "APASS", "APASS", "APASS", "APASS", "APASS"], "caliberr": [0.11165200173854828, 0.030904000625014305, 0.41093501448631287, 0.041713498532772064, 0.10305099934339523, 0.05765629932284355]}