{"mjd": [57108.731183125, 57108.7399678935, 57108.7361542708, 57100.9855824], "magerr": [0.054999999701976776, 0.03700000047683716, 0.05999999865889549, 0.012600000016391277], "alert_name": null, "observatory": ["LCOGT Gaia Alerts Gr", "LCOGT Gaia Alerts Gr", "LCOGT Gaia Alerts Gr", "Euler Geneva Group"], "caliberr": [0.018736399710178375, 0.06722469627857208, 0.049023400992155075, 0.04905559867620468], "mag": [18.79490089416504, 18.212600708007812, 18.13330078125, 18.000099182128906], "catalog": ["APASS", "APASS", "APASS", "APASS"], "filter": ["g", "r", "i", "r"]}