{"mjd": [57073.0776157454, 57073.0899536982, 57073.0652777776, 57073.0714351833, 57073.0837731436, 57073.0961111113, 57073.0745138898, 57073.0868518576, 57073.0991782472, 57073.0683564767, 57073.0806944445, 57073.0930324122, 57086.1303575, 57086.1303575, 57051.757, 57053.771, 57055.727, 57057.729, 57059.658, 57069.769, 57077.748, 57095.754, 57051.759, 57053.773, 57055.729, 57057.731, 57059.66, 57069.771, 57077.75, 57079.706, 57095.75, 57051.758, 57053.772, 57055.728, 57057.73, 57059.659, 57069.77, 57077.749, 57079.705, 57095.758, 57057.165914, 57052.194537, 57052.195972, 57055.240394, 57055.241829, 57055.243275, 57057.167361, 57057.168808, 57055.244722, 57055.246169, 57055.247604, 57057.171701, 57057.173137, 57057.174583, 57055.231725, 57055.23316, 57055.234606, 57055.236053, 57055.2375, 57055.238947, 57057.158692, 57057.163032, 57057.164468, 57096.0314514, 57096.0349681, 57096.0384853, 57096.0538555, 57096.0573725, 57096.0608893, 57096.0781789, 57096.0816958, 57096.0852128, 57096.1025819, 57096.1060992, 57096.1096161], "magerr": [-1.0, -1.0, -1.0, -1.0, -1.0, -1.0, -1.0, -1.0, -1.0, -1.0, -1.0, -1.0, -1.0, -1.0, -1.0, -1.0, -1.0, -1.0, -1.0, -1.0, -1.0, -1.0, -1.0, -1.0, -1.0, -1.0, -1.0, -1.0, -1.0, -1.0, -1.0, -1.0, -1.0, -1.0, -1.0, -1.0, -1.0, -1.0, -1.0, -1.0, -1.0, -1.0, -1.0, -1.0, -1.0, -1.0, -1.0, -1.0, -1.0, -1.0, -1.0, -1.0, -1.0, -1.0, -1.0, -1.0, -1.0, -1.0, -1.0, -1.0, -1.0, -1.0, -1.0, -1.0, -1.0, -1.0, -1.0, -1.0, -1.0, -1.0, -1.0, -1.0, -1.0, -1.0, -1.0], "observatory": ["Goran Damljanovic, A", "Goran Damljanovic, A", "Goran Damljanovic, A", "Goran Damljanovic, A", "Goran Damljanovic, A", "Goran Damljanovic, A", "Goran Damljanovic, A", "Goran Damljanovic, A", "Goran Damljanovic, A", "Goran Damljanovic, A", "Goran Damljanovic, A", "Goran Damljanovic, A", "Heather Campbell", "Heather Campbell", "Heather Campbell", "Heather Campbell", "Heather Campbell", "Heather Campbell", "Heather Campbell", "Heather Campbell", "Heather Campbell", "Heather Campbell", "Heather Campbell", "Heather Campbell", "Heather Campbell", "Heather Campbell", "Heather Campbell", "Heather Campbell", "Heather Campbell", "Heather Campbell", "Heather Campbell", "Heather Campbell", "Heather Campbell", "Heather Campbell", "Heather Campbell", "Heather Campbell", "Heather Campbell", "Heather Campbell", "Heather Campbell", "Heather Campbell", "Liam Hardy pt5m", "Liam Hardy pt5m", "Liam Hardy pt5m", "Liam Hardy pt5m", "Liam Hardy pt5m", "Liam Hardy pt5m", "Liam Hardy pt5m", "Liam Hardy pt5m", "Liam Hardy pt5m", "Liam Hardy pt5m", "Liam Hardy pt5m", "Liam Hardy pt5m", "Liam Hardy pt5m", "Liam Hardy pt5m", "Liam Hardy pt5m", "Liam Hardy pt5m", "Liam Hardy pt5m", "Liam Hardy pt5m", "Liam Hardy pt5m", "Liam Hardy pt5m", "Liam Hardy pt5m", "Liam Hardy pt5m", "Liam Hardy pt5m", "ObsMontsec-Umut Burg", "ObsMontsec-Umut Burg", "ObsMontsec-Umut Burg", "ObsMontsec-Umut Burg", "ObsMontsec-Umut Burg", "ObsMontsec-Umut Burg", "ObsMontsec-Umut Burg", "ObsMontsec-Umut Burg", "ObsMontsec-Umut Burg", "ObsMontsec-Umut Burg", "ObsMontsec-Umut Burg", "ObsMontsec-Umut Burg"], "mag": [17.9685001373291, 18.209800720214844, 18.327999114990234, 18.919300079345703, 19.191699981689453, 19.183399200439453, 17.96649932861328, 17.82110023498535, 18.035200119018555, 18.78809928894043, 19.2460994720459, 19.216100692749023, 22.938600540161133, 26.415800094604492, 22.96619987487793, 22.891300201416016, 21.71310043334961, 20.627899169921875, 21.09119987487793, 22.977100372314453, 20.79759979248047, 23.489599227905273, 22.74329948425293, 22.54829978942871, 21.986400604248047, 21.207700729370117, 21.027999877929688, 22.462600708007812, 19.45669937133789, 22.114700317382812, 23.1466007232666, 22.13719940185547, 22.00029945373535, 21.738800048828125, 21.66200065612793, 20.94729995727539, 22.29450035095215, 19.592199325561523, 21.991500854492188, 22.982099533081055, 18.284700393676758, 19.366100311279297, 19.87459945678711, 19.2637996673584, 19.292499542236328, 19.513999938964844, 18.43560028076172, 18.61709976196289, 18.371700286865234, 18.16670036315918, 18.34600067138672, 17.68560028076172, 17.898799896240234, 17.97640037536621, 19.171499252319336, 18.709699630737305, 18.94260025024414, 19.04360008239746, 19.3843994140625, 19.009000778198242, 17.824600219726562, 18.614200592041016, 18.345699310302734, 20.79800033569336, 20.767099380493164, 20.70330047607422, 20.197999954223633, 20.685800552368164, 20.564599990844727, 20.902999877929688, 20.62190055847168, 20.977500915527344, 20.384899139404297, 20.670499801635742, 20.448400497436523], "filter": ["g", "g", "B", "R", "R", "R", "I", "I", "I", "V", "V", "V", "g", "r", "g", "g", "g", "g", "g", "g", "g", "g", "r", "r", "r", "r", "r", "r", "r", "r", "r", "i", "i", "i", "i", "i", "i", "i", "i", "i", "V", "R", "R", "R", "R", "R", "R", "R", "I", "I", "I", "I", "I", "I", "B", "B", "B", "V", "V", "V", "V", "V", "V", "B", "B", "B", "V", "V", "V", "r", "r", "r", "i", "i", "i"], "catalog": ["SDSS", "SDSS", "SDSS", "SDSS", "SDSS", "SDSS", "SDSS", "SDSS", "SDSS", "APASS", "APASS", "APASS", "SDSS", "SDSS", "APASS", "APASS", "APASS", "APASS", "APASS", "APASS", "APASS", "APASS", "APASS", "APASS", "APASS", "APASS", "APASS", "APASS", "APASS", "APASS", "APASS", "APASS", "APASS", "APASS", "APASS", "APASS", "APASS", "APASS", "APASS", "APASS", "SDSS", "SDSS", "SDSS", "SDSS", "SDSS", "SDSS", "SDSS", "SDSS", "SDSS", "SDSS", "SDSS", "SDSS", "SDSS", "SDSS", "APASS", "APASS", "APASS", "APASS", "APASS", "APASS", "APASS", "APASS", "APASS", "APASS", "APASS", "APASS", "APASS", "APASS", "APASS", "APASS", "APASS", "APASS", "APASS", "APASS", "APASS"], "caliberr": [0.08524110168218613, 0.08852709829807281, 0.09038220345973969, 0.09892410039901733, 0.09671010076999664, 0.10194899886846542, 0.08914630115032196, 0.09350690245628357, 0.10200200229883194, 0.06580960005521774, 0.06321830302476883, 0.06310150027275085, 0.1552879959344864, 0.13206100463867188, 0.04299990087747574, 0.054171398282051086, 0.044715799391269684, 0.07116139680147171, 0.03804979845881462, 0.04343630000948906, 0.08484070003032684, 0.0427699014544487, 0.026723699644207954, 0.07249069958925247, 0.044523999094963074, 0.06892610341310501, 0.04740310087800026, 0.030894700437784195, 0.09312760084867477, 0.020015899091959, 0.02948799915611744, 0.09772170335054398, 0.09419179707765579, 0.08169320225715637, 0.09640359878540039, 0.0927485004067421, 0.09679249674081802, 0.08441600203514099, 0.05427649989724159, 0.10429300367832184, 0.038192201405763626, 0.1828240007162094, 0.09172569960355759, 0.14058899879455566, 0.11614599823951721, 0.13390100002288818, 0.1694989949464798, 0.12315800040960312, 0.2153709977865219, 0.09904880076646805, 0.11840000003576279, 0.13114500045776367, 0.12285199761390686, 0.06616540253162384, 0.009999999776482582, 0.03045620024204254, 0.009999999776482582, 0.1706179976463318, 0.073928102850914, 0.06542620062828064, 0.06676050275564194, 0.009999999776482582, 0.11058899760246277, 0.06008810177445412, 0.023896999657154083, 0.06794530153274536, 0.06689699739217758, 0.06438980251550674, 0.06629510223865509, 0.06167399883270264, 0.06104850023984909, 0.06219039857387543, 0.1144149973988533, 0.10789000242948532, 0.10650099813938141]}