{"mjd": [2456496.84725405, 2456476.46078706, 2456476.46160883, 2456476.46244216, 2456477.41751152, 2456477.41833335, 2456477.41916663, 2456477.52982639, 2456477.53064815, 2456477.53148148, 2456482.35701388, 2456482.36281252, 2456482.36399311, 2456482.36516208, 2456483.56800926, 2456483.56953704, 2456483.57105324, 2456484.53336805, 2456484.53454861, 2456484.53571759, 2456486.48118061, 2456486.48234957, 2456486.4835301, 2456487.48998839, 2456487.49116898, 2456487.49233794, 2456488.41824073, 2456488.41940975, 2456488.42059022], "magerr": [0.007000000216066837, 0.017999999225139618, 0.017999999225139618, 0.017999999225139618, 0.026000000536441803, 0.02199999988079071, 0.02199999988079071, 0.01899999938905239, 0.01899999938905239, 0.019999999552965164, 0.01899999938905239, 0.010999999940395355, 0.012000000104308128, 0.009999999776482582, 0.012000000104308128, 0.009999999776482582, 0.010999999940395355, 0.014999999664723873, 0.014999999664723873, 0.014999999664723873, 0.014000000432133675, 0.01600000075995922, 0.013000000268220901, 0.012000000104308128, 0.010999999940395355, 0.013000000268220901, 0.014000000432133675, 0.014999999664723873, 0.013000000268220901], "alert_name": null, "observatory": ["Krzysztof Ulaczyk, O", "Krzysztof Ulaczyk, O", "Krzysztof Ulaczyk, O", "Krzysztof Ulaczyk, O", "Krzysztof Ulaczyk, O", "Krzysztof Ulaczyk, O", "Krzysztof Ulaczyk, O", "Krzysztof Ulaczyk, O", "Krzysztof Ulaczyk, O", "Krzysztof Ulaczyk, O", "Krzysztof Ulaczyk, O", "Krzysztof Ulaczyk, O", "Krzysztof Ulaczyk, O", "Krzysztof Ulaczyk, O", "Krzysztof Ulaczyk, O", "Krzysztof Ulaczyk, O", "Krzysztof Ulaczyk, O", "Krzysztof Ulaczyk, O", "Krzysztof Ulaczyk, O", "Krzysztof Ulaczyk, O", "Krzysztof Ulaczyk, O", "Krzysztof Ulaczyk, O", "Krzysztof Ulaczyk, O", "Krzysztof Ulaczyk, O", "Krzysztof Ulaczyk, O", "Krzysztof Ulaczyk, O", "Krzysztof Ulaczyk, O", "Krzysztof Ulaczyk, O", "Krzysztof Ulaczyk, O"], "caliberr": [0.15751799941062927, 0.09903880208730698, 0.12262599915266037, 0.12657199800014496, 0.0731273964047432, 0.07378820329904556, 0.08251970261335373, 0.06472130119800568, 0.0681828036904335, 0.06229240074753761, 0.060687001794576645, 0.0726006031036377, 0.05939440056681633, 0.06202850118279457, 0.057691700756549835, 0.06319549679756165, 0.06607790291309357, 0.05832099914550781, 0.05997280031442642, 0.07499910145998001, 0.07023560255765915, 0.08551710098981857, 0.05767359957098961, 0.05926020070910454, 0.060746900737285614, 0.06178060173988342, 0.05757410079240799, 0.060209501534700394, 0.06253519654273987], "mag": [15.802300453186035, 16.428300857543945, 16.452499389648438, 16.472200393676758, 16.252199172973633, 16.352100372314453, 16.31329917907715, 16.39780044555664, 16.417600631713867, 16.40839958190918, 15.812199592590332, 15.806500434875488, 15.821100234985352, 15.802200317382812, 15.730199813842773, 15.727299690246582, 15.728599548339844, 15.736000061035156, 15.72700023651123, 15.767900466918945, 15.726300239562988, 15.70680046081543, 15.758600234985352, 15.768799781799316, 15.769399642944336, 15.786999702453613, 15.76509952545166, 15.777400016784668, 15.785300254821777], "catalog": ["USNO", "APASS", "APASS", "APASS", "APASS", "APASS", "APASS", "APASS", "APASS", "APASS", "APASS", "APASS", "APASS", "APASS", "APASS", "APASS", "APASS", "APASS", "APASS", "APASS", "APASS", "APASS", "APASS", "APASS", "APASS", "APASS", "APASS", "APASS", "APASS"], "filter": ["Ipg", "i", "i", "i", "i", "i", "i", "i", "i", "i", "i", "i", "i", "i", "i", "i", "i", "i", "i", "i", "i", "i", "i", "i", "i", "i", "i", "i", "i"]}