{"mjd": [55841.06663, 55841.05857, 55841.06231], "magerr": [-1.0, -1.0, -1.0], "alert_name": null, "observatory": ["Alex Ball-SMARTS1.3", "Alex Ball-SMARTS1.3", "Alex Ball-SMARTS1.3"], "caliberr": [0.029558099806308746, 0.03866950049996376, 0.034223198890686035], "mag": [22.98870086669922, 21.569299697875977, 21.682899475097656], "catalog": ["APASS", "APASS", "APASS"], "filter": ["B", "i", "i"]}