{"mjd": [56917.916329, 56917.92152, 56917.936115, 56926.927331, 56926.940464, 56926.953603, 56927.856647, 56927.869784, 56927.882926, 56917.925944, 56926.931984, 56926.945123, 56926.958267, 56927.861303, 56927.874446, 56927.887582, 56917.930288, 56926.935856, 56926.948991, 56926.962134, 56927.865167, 56927.878311, 56927.891439], "magerr": [-1.0, 0.04699999839067459, 0.039000000804662704, 0.032999999821186066, 0.03799999877810478, 0.03500000014901161, 0.03099999949336052, 0.03099999949336052, 0.029999999329447746, 0.01899999938905239, 0.01600000075995922, 0.017999999225139618, 0.017999999225139618, 0.01600000075995922, 0.01600000075995922, 0.017000000923871994, 0.017999999225139618, 0.017999999225139618, 0.02199999988079071, 0.017999999225139618, 0.014999999664723873, 0.014999999664723873, 0.014999999664723873], "alert_name": null, "observatory": ["Loiano,K.Ulaczyk", "Loiano,K.Ulaczyk", "Loiano,K.Ulaczyk", "Loiano,K.Ulaczyk", "Loiano,K.Ulaczyk", "Loiano,K.Ulaczyk", "Loiano,K.Ulaczyk", "Loiano,K.Ulaczyk", "Loiano,K.Ulaczyk", "Loiano,K.Ulaczyk", "Loiano,K.Ulaczyk", "Loiano,K.Ulaczyk", "Loiano,K.Ulaczyk", "Loiano,K.Ulaczyk", "Loiano,K.Ulaczyk", "Loiano,K.Ulaczyk", "Loiano,K.Ulaczyk", "Loiano,K.Ulaczyk", "Loiano,K.Ulaczyk", "Loiano,K.Ulaczyk", "Loiano,K.Ulaczyk", "Loiano,K.Ulaczyk", "Loiano,K.Ulaczyk"], "caliberr": [0.030876100063323975, 0.09864059835672379, 0.03631569817662239, 0.05593990162014961, 0.06136230006814003, 0.04870939999818802, 0.053196199238300323, 0.07706049829721451, 0.07430150359869003, 0.07855889946222305, 0.057054001837968826, 0.07563839852809906, 0.06930740177631378, 0.0541594997048378, 0.08065900206565857, 0.07529330253601074, 0.16909900307655334, 0.1300390064716339, 0.15041400492191315, 0.1263989955186844, 0.1247669979929924, 0.15627999603748322, 0.15468500554561615], "mag": [22.45439910888672, 20.867700576782227, 20.786300659179688, 20.725000381469727, 20.780000686645508, 20.699399948120117, 20.795299530029297, 20.757699966430664, 20.73889923095703, 19.19729995727539, 19.228200912475586, 19.16629981994629, 19.19219970703125, 19.200899124145508, 19.23859977722168, 19.235599517822266, 18.188199996948242, 18.164199829101562, 18.152799606323242, 18.09869956970215, 18.194000244140625, 18.18939971923828, 18.199499130249023], "catalog": ["APASS", "APASS", "APASS", "APASS", "APASS", "APASS", "APASS", "APASS", "APASS", "APASS", "APASS", "APASS", "APASS", "APASS", "APASS", "APASS", "APASS", "APASS", "APASS", "APASS", "APASS", "APASS", "APASS"], "filter": ["g", "g", "g", "g", "g", "g", "g", "g", "g", "r", "r", "r", "r", "r", "r", "r", "i", "i", "i", "i", "i", "i", "i"]}