{"mjd": [57038.98730463, 57038.98409404], "magerr": [0.06589999794960022, 0.050200000405311584], "observatory": ["K.Wiersema-Leicester", "K.Wiersema-Leicester"], "mag": [17.967300415039062, 17.20989990234375], "filter": ["B", "V"], "catalog": ["APASS", "APASS"], "caliberr": [0.06574790179729462, 0.04418469965457916]}