{"mjd": [57441.3925307, 57442.3980955], "magerr": [0.02979999966919422, 0.03759999945759773], "alert_name": null, "observatory": ["Euler Geneva Group", "Euler Geneva Group"], "caliberr": [0.20424500107765198, 0.042906101793050766], "mag": [19.428499221801758, 19.512800216674805], "catalog": ["APASS", "APASS"], "filter": ["r", "r"]}