{"mjd": [56604.060822, 56604.061921, 56604.062373, 56604.063472, 56604.253206, 56604.065208, 56604.254942, 56604.06566, 56604.067847, 56604.25603, 56604.066296, 56604.256493, 56604.066759, 56604.257118, 56604.259132, 56604.067396, 56604.257581, 56604.068947, 56604.259583, 56604.070683, 56604.260231, 56604.071134, 56604.260683, 56604.261319, 56604.261782, 56604.263507, 56604.26625, 56604.266713, 56604.267164, 56604.269907, 56604.27037, 56604.270822, 56604.273565, 56604.274028, 56604.274479, 56604.277222, 56604.277685, 56604.278137, 56604.208935, 56604.210035, 56604.210486, 56604.211134, 56604.211586, 56604.212222, 56604.212685, 56604.214421, 56604.215509, 56604.215972, 56604.216609, 56604.21706, 56604.217697, 56604.21816, 56604.219896, 56604.220984, 56604.221447, 56604.222083, 56604.222535, 56604.223634, 56604.22537, 56604.225822, 56604.226458, 56604.226921, 56604.227558, 56604.228009, 56604.229109, 56604.230845, 56604.231933, 56604.232396, 56604.234132, 56604.23522, 56604.235683, 56604.236319, 56604.236771, 56604.237419, 56604.23787, 56604.239606, 56604.240694, 56604.241157, 56604.241794, 56604.242257, 56604.242894, 56604.243345, 56604.246181, 56604.246632, 56604.247269, 56604.247731, 56604.249468, 56604.250556, 56604.251019, 56604.251655, 56604.252106, 56604.252743], "magerr": [0.04003030061721802, 0.04097690060734749, 0.042129598557949066, 0.04324990138411522, 0.040429700165987015, 0.04071969911456108, 0.0405924990773201, 0.0366894006729126, 0.03984589874744415, 0.04514180123806, 0.04075409844517708, 0.04640749841928482, 0.03849849849939346, 0.04619169980287552, 0.04296800121665001, 0.038538701832294464, 0.04478679969906807, 0.03859410062432289, 0.043116699904203415, 0.03964250162243843, 0.04184820130467415, 0.037617798894643784, 0.04320650175213814, 0.04589010030031204, 0.041229501366615295, 0.04330400004982948, 0.04094339907169342, 0.04334719851613045, 0.047195300459861755, 0.04088360071182251, 0.04292840138077736, 0.045961398631334305, 0.08493019640445709, 0.08099990338087082, 0.07811640202999115, 0.12055300176143646, -1.0, -1.0, 0.04529900103807449, 0.04269839823246002, 0.04266100004315376, 0.04383710026741028, 0.044367700815200806, 0.04382599890232086, 0.04279410094022751, 0.05117940157651901, 0.0507935993373394, 0.05981919914484024, 0.05218710005283356, 0.05232299864292145, 0.0536326989531517, 0.04939350113272667, 0.05050000175833702, 0.051136698573827744, 0.05513710156083107, 0.052301499992609024, 0.04899130016565323, 0.04608520120382309, 0.05081930011510849, 0.04504460096359253, 0.048414599150419235, 0.045740898698568344, 0.04557019844651222, 0.04829740151762962, 0.04949060082435608, 0.04764489829540253, 0.05176429823040962, 0.05353590101003647, 0.0484590008854866, 0.04733999818563461, 0.044181399047374725, 0.04362659901380539, 0.04558220133185387, 0.04733080044388771, 0.04598839953541756, 0.04400169849395752, 0.04586229845881462, 0.045760300010442734, 0.049521200358867645, 0.042774498462677, 0.044499799609184265, 0.0453220009803772, 0.045514900237321854, 0.04514969885349274, 0.04132850095629692, 0.04475000128149986, 0.04541900008916855, 0.04766630008816719, 0.050658099353313446, 0.041763801127672195, 0.04437730088829994, 0.04050479829311371], "alert_name": null, "observatory": ["Stuart Littlefair, p", "Stuart Littlefair, p", "Stuart Littlefair, p", "Stuart Littlefair, p", "Stuart Littlefair, p", "Stuart Littlefair, p", "Stuart Littlefair, p", "Stuart Littlefair, p", "Stuart Littlefair, p", "Stuart Littlefair, p", "Stuart Littlefair, p", "Stuart Littlefair, p", "Stuart Littlefair, p", "Stuart Littlefair, p", "Stuart Littlefair, p", "Stuart Littlefair, p", "Stuart Littlefair, p", "Stuart Littlefair, p", "Stuart Littlefair, p", "Stuart Littlefair, p", "Stuart Littlefair, p", "Stuart Littlefair, p", "Stuart Littlefair, p", "Stuart Littlefair, p", "Stuart Littlefair, p", "Stuart Littlefair, p", "Stuart Littlefair, p", "Stuart Littlefair, p", "Stuart Littlefair, p", "Stuart Littlefair, p", "Stuart Littlefair, p", "Stuart Littlefair, p", "Stuart Littlefair, p", "Stuart Littlefair, p", "Stuart Littlefair, p", "Stuart Littlefair, p", "Stuart Littlefair, p", "Stuart Littlefair, p", "Stuart Littlefair, p", "Stuart Littlefair, p", "Stuart Littlefair, p", "Stuart Littlefair, p", "Stuart Littlefair, p", "Stuart Littlefair, p", "Stuart Littlefair, p", "Stuart Littlefair, p", "Stuart Littlefair, p", "Stuart Littlefair, p", "Stuart Littlefair, p", "Stuart Littlefair, p", "Stuart Littlefair, p", "Stuart Littlefair, p", "Stuart Littlefair, p", "Stuart Littlefair, p", "Stuart Littlefair, p", "Stuart Littlefair, p", "Stuart Littlefair, p", "Stuart Littlefair, p", "Stuart Littlefair, p", "Stuart Littlefair, p", "Stuart Littlefair, p", "Stuart Littlefair, p", "Stuart Littlefair, p", "Stuart Littlefair, p", "Stuart Littlefair, p", "Stuart Littlefair, p", "Stuart Littlefair, p", "Stuart Littlefair, p", "Stuart Littlefair, p", "Stuart Littlefair, p", "Stuart Littlefair, p", "Stuart Littlefair, p", "Stuart Littlefair, p", "Stuart Littlefair, p", "Stuart Littlefair, p", "Stuart Littlefair, p", "Stuart Littlefair, p", "Stuart Littlefair, p", "Stuart Littlefair, p", "Stuart Littlefair, p", "Stuart Littlefair, p", "Stuart Littlefair, p", "Stuart Littlefair, p", "Stuart Littlefair, p", "Stuart Littlefair, p", "Stuart Littlefair, p", "Stuart Littlefair, p", "Stuart Littlefair, p", "Stuart Littlefair, p", "Stuart Littlefair, p", "Stuart Littlefair, p", "Stuart Littlefair, p"], "caliberr": [0.10073799639940262, 0.1044669970870018, 0.1430860012769699, 0.12498299777507782, 0.07008639723062515, 0.13917900621891022, 0.063264399766922, 0.1119770035147667, 0.1130639985203743, 0.08912680298089981, 0.11395599693059921, 0.09645330160856247, 0.08953569829463959, 0.09612800180912018, 0.06955070048570633, 0.12266500294208527, 0.08407849818468094, 0.11996199935674667, 0.11661499738693237, 0.08083190023899078, 0.07791029661893845, 0.1271969974040985, 0.08450879901647568, 0.09707839787006378, 0.07117920368909836, 0.06482010334730148, 0.08073540031909943, 0.09496810287237167, 0.0378200002014637, 0.06033850088715553, 0.11059899628162384, 0.08259709924459457, 0.10709699988365173, 0.11208199709653854, 0.12064699828624725, 0.1853799968957901, 0.1338600069284439, 0.17305299639701843, 0.08686160296201706, 0.04664529860019684, 0.08373480290174484, 0.080623097717762, 0.09390389919281006, 0.08193880319595337, 0.08218420296907425, 0.0868225023150444, 0.08137959986925125, 0.06682589650154114, 0.06597679853439331, 0.07865790277719498, 0.07036689668893814, 0.09975399821996689, 0.1068589985370636, 0.0618537999689579, 0.09900540113449097, 0.08552700281143188, 0.07618609815835953, 0.10908699780702591, 0.09604810178279877, 0.0925649031996727, 0.07610739767551422, 0.08541560173034668, 0.10851000249385834, 0.052310001105070114, 0.0799821987748146, 0.04967230185866356, 0.07923699915409088, 0.12768900394439697, 0.10273800045251846, 0.11349300295114517, 0.07922559976577759, 0.09849409759044647, 0.0849786028265953, 0.09013819694519043, 0.08958330005407333, 0.10652299970388412, 0.10508599877357483, 0.10995499789714813, 0.10997799783945084, 0.09188950061798096, 0.11890300363302231, 0.04115059971809387, 0.06566350162029266, 0.08882179856300354, 0.07377160340547562, 0.05544830113649368, 0.061414800584316254, 0.06825090199708939, 0.11403699964284897, 0.11402499675750732, 0.09445419907569885, 0.07454969733953476],