{"mjd": [57351.715530243, 57351.7275189468, 57351.7200121991, 57351.7319741088, 57351.7237627662, 57351.7357244213], "magerr": [0.12999999523162842, 0.12800000607967377, 0.12399999797344208, 0.14300000667572021, -1.0, -1.0], "observatory": ["LCOGT Gaia Alerts Gr", "LCOGT Gaia Alerts Gr", "LCOGT Gaia Alerts Gr", "LCOGT Gaia Alerts Gr", "LCOGT Gaia Alerts Gr", "LCOGT Gaia Alerts Gr"], "mag": [18.98590087890625, 18.7091007232666, 18.64590072631836, 19.00079917907715, 18.912900924682617, 19.01219940185547], "filter": ["g", "g", "r", "r", "i", "i"], "catalog": ["APASS", "APASS", "APASS", "APASS", "APASS", "APASS"], "caliberr": [0.02915319986641407, 0.026842499151825905, 0.03465089946985245, 0.03188509866595268, 0.06753409653902054, 0.06780900061130524]}