{"mjd": [57133.4289223, 57102.4154598, 57125.4255385, 57126.4193933, 57129.41778, 57132.3990858], "magerr": [-1.0, 0.006500000134110451, 0.012299999594688416, 0.006099999882280827, -1.0, 0.008200000040233135], "alert_name": null, "observatory": ["Euler Geneva Group", "Euler Geneva Group", "Euler Geneva Group", "Euler Geneva Group", "Euler Geneva Group", "Euler Geneva Group"], "caliberr": [0.13534300029277802, 0.11461500078439713, 0.20531800389289856, 0.009999999776482582, 0.11026299744844437, 0.0370338000357151], "mag": [18.099899291992188, 15.4350004196167, 16.698400497436523, 17.625, 19.582599639892578, 17.390300750732422], "catalog": ["USNO", "APASS", "APASS", "APASS", "APASS", "APASS"], "filter": ["R2pg", "r", "r", "r", "r", "r"]}