{"mjd": [57099.3936595], "magerr": [-1.0], "alert_name": null, "observatory": ["Euler Geneva Group"], "caliberr": [0.05441949889063835], "mag": [26.28059959411621], "catalog": ["APASS"], "filter": ["r"]}