{"mjd": [57181.83525, 57181.837088, 57181.838942, 57370.965412, 57370.975194, 57182.8796723, 57183.8784783, 57184.8771875, 57187.8820719, 57182.8796723, 57183.8784783, 57184.8771875, 57187.8820719, 57182.8796723, 57183.8784783, 57184.8771875, 57187.8820719, 57184.84254, 57181.84108, 57181.844764, 57181.846726, 57184.855826, 57184.858694, 57184.861028, 57184.838644, 57184.84088, 57181.848428, 57181.850007, 57181.850948, 57184.848277, 57184.850618, 57184.852958], "magerr": [0.03539999946951866, 0.04230000078678131, 0.022700000554323196, -1.0, -1.0, 0.04430000111460686, -1.0, 0.05869999900460243, 0.04560000076889992, 0.008799999952316284, 0.011800000444054604, 0.011500000022351742, 0.008200000040233135, 0.006800000090152025, 0.007899999618530273, 0.008899999782443047, 0.007499999832361937, 0.02710000053048134, 0.053599998354911804, 0.03929999843239784, 0.03449999913573265, 0.029999999329447746, 0.021299999207258224, 0.018799999728798866, 0.029200000688433647, 0.025299999862909317, 0.02810000069439411, 0.02500000037252903, 0.027799999341368675, 0.019099999219179153, 0.0215000007301569, 0.020600000396370888], "alert_name": null, "observatory": ["Loiano,M.Pawlak", "Loiano,M.Pawlak", "Loiano,M.Pawlak", "T100,Hasan Esenoglu", "T100,Hasan Esenoglu", "Mercator Geneva Grou", "Mercator Geneva Grou", "Mercator Geneva Grou", "Mercator Geneva Grou", "Mercator Geneva Grou", "Mercator Geneva Grou", "Mercator Geneva Grou", "Mercator Geneva Grou", "Mercator Geneva Grou", "Mercator Geneva Grou", "Mercator Geneva Grou", "Mercator Geneva Grou", "P.Wielgorski-Loiano", "P.Wielgorski-Loiano", "P.Wielgorski-Loiano", "P.Wielgorski-Loiano", "P.Wielgorski-Loiano", "P.Wielgorski-Loiano", "P.Wielgorski-Loiano", "P.Wielgorski-Loiano", "P.Wielgorski-Loiano", "P.Wielgorski-Loiano", "P.Wielgorski-Loiano", "P.Wielgorski-Loiano", "P.Wielgorski-Loiano", "P.Wielgorski-Loiano", "P.Wielgorski-Loiano"], "caliberr": [0.015414999797940254, 0.011760099790990353, 0.009999999776482582, 0.12158700078725815, 0.2681339979171753, 0.0171509999781847, 0.08421669900417328, 0.05384669825434685, 0.042935699224472046, 0.04152520000934601, 0.07924500107765198, 0.11205600202083588, 0.055688101798295975, 0.056474801152944565, 0.05671269819140434, 0.08607979863882065, 0.09265360236167908, 0.009999999776482582, 0.01785000041127205, 0.028760399669408798, 0.019259899854660034, 0.04834640026092529, 0.009999999776482582, 0.009999999776482582, 0.009999999776482582, 0.009999999776482582, 0.07372459769248962, 0.07899700105190277, 0.07675550132989883, 0.052599500864744186, 0.04973910003900528, 0.05333239957690239], "mag": [16.47369956970215, 16.6023006439209, 16.35650062561035, 25.412700653076172, 22.092500686645508, 17.687700271606445, 24.110200881958008, 17.960500717163086, 17.9148006439209, 16.913799285888672, 16.354400634765625, 16.88479995727539, 16.934200286865234, 16.543699264526367, 15.920100212097168, 16.62380027770996, 16.59269905090332, 16.38409996032715, 17.359899520874023, 16.938800811767578, 16.93320083618164, 17.07360076904297, 17.01420021057129, 16.95870018005371, 16.364099502563477, 16.306699752807617, 16.290199279785156, 16.127099990844727, 16.431100845336914, 15.860099792480469, 16.073200225830078, 16.05579948425293], "catalog": ["APASS", "APASS", "APASS", "APASS", "APASS", "SDSS", "SDSS", "SDSS", "SDSS", "SDSS", "SDSS", "SDSS", "SDSS", "SDSS", "SDSS", "SDSS", "SDSS", "USNO", "APASS", "APASS", "APASS", "APASS", "APASS", "APASS", "APASS", "APASS", "APASS", "APASS", "APASS", "APASS", "APASS", "APASS"], "filter": ["r", "r", "r", "g", "i", "u", "u", "u", "u", "g", "g", "g", "g", "r", "r", "r", "r", "R2pg", "g", "g", "g", "g", "g", "g", "r", "r", "i", "i", "i", "i", "i", "i"]}