{"mjd": [56574.1368739, 56574.1400459, 56574.1504952, 56574.154024, 56574.1432372, 56574.146947], "magerr": [0.004243830218911171, 0.004255469888448715, 0.009229470044374466, 0.009369139559566975, 0.004714350216090679, 0.00466548977419734], "observatory": ["Stuart Littlefair, p", "Stuart Littlefair, p", "Stuart Littlefair, p", "Stuart Littlefair, p", "Stuart Littlefair, p", "Stuart Littlefair, p"], "mag": [14.718799591064453, 14.70419979095459, 15.685999870300293, 15.717599868774414, 14.959400177001953, 14.965299606323242], "filter": ["R", "R", "B", "B", "V", "V"], "catalog": ["SDSS", "SDSS", "APASS", "APASS", "APASS", "APASS"], "caliberr": [0.16534000635147095, 0.15334300696849823, 0.04103979840874672, 0.10117299854755402, 0.06348399817943573, 0.060678500682115555]}