{"mjd": [57160.966092, 57160.930532, 57164.100863], "magerr": [0.013000000268220901, 0.03700000047683716, 0.01119999960064888], "alert_name": null, "observatory": ["Loiano,M.Pawlak", "Loiano,M.Pawlak", "Euler Geneva Group"], "caliberr": [0.10029599815607071, 0.48412999510765076, 0.037094999104738235], "mag": [19.250499725341797, 18.91320037841797, 18.48150062561035], "catalog": ["SDSS", "SDSS", "APASS"], "filter": ["g", "I", "r"]}