{"mjd": [56063.9728966355, 56059.978949964, 56059.9735019207, 56063.9637415409, 56059.9827147126, 56063.9691711068], "magerr": [0.11710000038146973, 0.12070000171661377, 0.1542000025510788, -1.0, 0.1412999927997589, 0.16910000145435333], "alert_name": null, "observatory": ["RichardAndersonEuler", "RichardAndersonEuler", "RichardAndersonEuler", "RichardAndersonEuler", "RichardAndersonEuler", "RichardAndersonEuler"], "caliberr": [0.09144540131092072, 0.14797000586986542, 0.07298889756202698, 0.0838422030210495, 0.06713840365409851, 0.08956760168075562], "mag": [21.30340003967285, 21.63909912109375, 22.74959945678711, 25.964599609375, 21.55139923095703, 21.662700653076172], "catalog": ["SDSS", "SDSS", "APASS", "APASS", "APASS", "APASS"], "filter": ["i", "R", "B", "B", "r", "i"]}