{"mjd": [57160.4037481, 57164.3972601], "magerr": [0.007000000216066837, 0.008200000040233135], "alert_name": null, "observatory": ["Euler Geneva Group", "Euler Geneva Group"], "caliberr": [0.039222899824380875, 0.04534510150551796], "mag": [17.866899490356445, 17.895599365234375], "catalog": ["APASS", "APASS"], "filter": ["r", "r"]}