{"mjd": [55660.15623, 55660.16421, 55660.16975, 55660.1524], "magerr": [0.019899999722838402, 0.027300000190734863, 0.039900001138448715, 0.047600001096725464], "observatory": ["Alex Ball-SMARTS1.3", "Alex Ball-SMARTS1.3", "Alex Ball-SMARTS1.3", "Alex Ball-SMARTS1.3"], "mag": [20.054100036621094, 19.871999740600586, 20.295700073242188, 19.286500930786133], "filter": ["B", "g", "g", "i"], "catalog": ["APASS", "APASS", "APASS", "APASS"], "caliberr": [0.16285499930381775, 0.0872369036078453, 0.09740100055932999, 0.11799100041389465]}