{"mjd": [57438.738763, 57442.07376, 57438.743638, 57442.078593, 57438.748367, 57442.092716, 57446.9118691], "magerr": [0.08009999990463257, 0.051600001752376556, 0.039000000804662704, 0.02239999920129776, 0.06449999660253525, 0.04809999838471413, 0.053300000727176666], "alert_name": null, "observatory": ["T100,Hasan Esenoglu", "T100,Hasan Esenoglu", "T100,Hasan Esenoglu", "T100,Hasan Esenoglu", "T100,Hasan Esenoglu", "T100,Hasan Esenoglu", "K.Wiersema-Leicester"], "caliberr": [0.1127069965004921, 0.1021139994263649, 0.049765899777412415, 0.07465159893035889, 0.17229899764060974, 0.13791300356388092, 0.12170200049877167], "mag": [18.384199142456055, 18.51140022277832, 17.393199920654297, 17.46540069580078, 17.27739906311035, 17.868200302124023, 19.0137996673584], "catalog": ["APASS", "APASS", "APASS", "APASS", "APASS", "APASS", "APASS"], "filter": ["g", "g", "r", "r", "i", "i", "B"]}