{"mjd": [57161.016787, 57161.002454, 57160.993298, 57144.02958565, 57132.927036, 57132.967276, 57133.966819, 57134.000653, 57134.822967, 57132.946953, 57132.977284, 57133.977524, 57132.917125, 57132.937016, 57133.956788, 57133.990611, 57134.807924, 57134.838528, 57120.9914441, 57121.9436713, 57123.0053933, 57124.0414745, 57124.9351648, 57125.9786934, 57127.0904413, 57128.1362613, 57120.9914441, 57121.9436713, 57123.0053933, 57124.0414745, 57124.9351648, 57125.9786934, 57127.0904413, 57128.1362613, 57147.9626768, 57147.9657415, 57147.9706555, 57147.9732571, 57147.9626768, 57147.9657415, 57147.9706555, 57147.9732571], "magerr": [0.0, 0.04100000113248825, 0.05000000074505806, 0.1768999993801117, 0.004800000227987766, 0.004900000058114529, 0.0052999998442828655, 0.0052999998442828655, 0.011300000362098217, 0.004600000102072954, 0.005400000140070915, 0.004900000058114529, 0.008299999870359898, 0.008100000210106373, 0.008999999612569809, 0.009600000455975533, 0.008799999952316284, 0.006500000134110451, 0.005100000184029341, 0.003100000089034438, 0.003599999938160181, 0.003100000089034438, 0.0034000000450760126, 0.003599999938160181, 0.004100000020116568, 0.0031999999191612005, 0.004699999932199717, 0.003599999938160181, 0.003800000064074993, 0.003599999938160181, 0.004000000189989805, 0.0038999998942017555, 0.004699999932199717, 0.0034000000450760126, -1.0, 0.019700000062584877, 0.025499999523162842, 0.032999999821186066, 0.05000000074505806, 0.020600000396370888, 0.020999999716877937, 0.01759999990463257], "observatory": ["Loiano,M.Pawlak", "Loiano,M.Pawlak", "Loiano,M.Pawlak", "K.Wiersema-Leicester", "K.Ilkiewicz-Loiano", "K.Ilkiewicz-Loiano", "K.Ilkiewicz-Loiano", "K.Ilkiewicz-Loiano", "K.Ilkiewicz-Loiano", "K.Ilkiewicz-Loiano", "K.Ilkiewicz-Loiano", "K.Ilkiewicz-Loiano", "K.Ilkiewicz-Loiano", "K.Ilkiewicz-Loiano", "K.Ilkiewicz-Loiano", "K.Ilkiewicz-Loiano", "K.Ilkiewicz-Loiano", "K.Ilkiewicz-Loiano", "Mercator Geneva Grou", "Mercator Geneva Grou", "Mercator Geneva Grou", "Mercator Geneva Grou", "Mercator Geneva Grou", "Mercator Geneva Grou", "Mercator Geneva Grou", "Mercator Geneva Grou", "Mercator Geneva Grou", "Mercator Geneva Grou", "Mercator Geneva Grou", "Mercator Geneva Grou", "Mercator Geneva Grou", "Mercator Geneva Grou", "Mercator Geneva Grou", "Mercator Geneva Grou", "Anna Hourihane", "Anna Hourihane", "Anna Hourihane", "Anna Hourihane", "Anna Hourihane", "Anna Hourihane", "Anna Hourihane", "Anna Hourihane"], "mag": [17.600799560546875, 19.0846004486084, 19.128599166870117, 17.70669937133789, 17.932600021362305, 17.92169952392578, 17.960100173950195, 17.961200714111328, 17.980199813842773, 17.43000030517578, 17.438400268554688, 17.44610023498535, 17.594900131225586, 17.61210060119629, 17.575599670410156, 17.575899124145508, 17.49329948425293, 17.440399169921875, 17.628999710083008, 17.68939971923828, 17.773700714111328, 17.743099212646484, 17.769500732421875, 17.78230094909668, 18.333200454711914, 17.790800094604492, 17.331899642944336, 17.334699630737305, 17.362199783325195, 17.324800491333008, 17.354799270629883, 17.36840057373047, 17.86050033569336, 17.34939956665039, 19.48710060119629, 17.950599670410156, 17.99139976501465, 18.486299514770508, 17.95949935913086, 18.508399963378906, 17.740699768066406, 17.600299835205078], "filter": ["g", "r", "i", "r", "g", "g", "g", "g", "g", "r", "r", "r", "i", "i", "i", "i", "r", "r", "g", "g", "g", "g", "g", "g", "g", "g", "r", "r", "r", "r", "r", "r", "r", "r", "g", "g", "g", "g", "r", "r", "r", "r"], "catalog": ["SDSS", "SDSS", "SDSS", "APASS", "SDSS", "SDSS", "SDSS", "SDSS", "SDSS", "SDSS", "SDSS", "SDSS", "SDSS", "SDSS", "SDSS", "SDSS", "APASS", "APASS", "SDSS", "SDSS", "SDSS", "SDSS", "SDSS", "SDSS", "SDSS", "SDSS", "SDSS", "SDSS", "SDSS", "SDSS", "SDSS", "SDSS", "SDSS", "SDSS", "SDSS", "SDSS", "SDSS", "SDSS", "SDSS", "SDSS", "SDSS", "SDSS"], "caliberr": [0.3480460047721863, 0.36607998609542847, 0.384319007396698, 0.009999999776482582, 0.1368979960680008, 0.20653800666332245, 0.16258899867534637, 0.13234800100326538, 0.13229799270629883, 0.22596700489521027, 0.22482100129127502, 0.17137299478054047, 0.24785199761390686, 0.21197499334812164, 0.1655610054731369, 0.19356800615787506, 0.11682400107383728, 0.11074300110340118, 0.1228410005569458, 0.13100899755954742, 0.12873800098896027, 0.19877299666404724, 0.17172500491142273, 0.3081510066986084, 0.15009400248527527, 0.13902699947357178, 0.13079500198364258, 0.14403900504112244, 0.15427400171756744, 0.1397310048341751, 0.18183200061321259, 0.19687899947166443, 0.1420460045337677, 0.19128300249576569, 0.08304540067911148, 0.10144100338220596, 0.06031249836087227, 0.07953210175037384, 0.10846299678087234, 0.09850239753723145, 0.09513779729604721, 0.09789720177650452]}