{"mjd": [57423.8639598121, 57423.8674915, 57423.8713320429, 57423.874863693, 57423.878395387, 57423.882113718, 57423.8856453639, 57423.8891770612, 57417.9015266, 57417.9050583, 57417.9085899, 57417.9123111, 57417.9158428, 57417.9193744, 57417.9232094, 57417.9267409, 57417.9302724, 57417.9341272, 57417.9376588, 57417.9411904, 57418.8547294, 57418.858261, 57418.8617926, 57418.8655132, 57419.8593324, 57418.8690448, 57418.8725771, 57418.876429, 57418.8799606, 57418.883493, 57418.8872166, 57418.8907482, 57418.8942799, 57419.8628641, 57419.8663957, 57419.879555, 57419.8830867, 57419.8866183, 57419.9008641, 57419.9043957, 57419.9079273, 57419.9230671, 57419.9265988, 57419.9301305, 57420.8544908, 57420.8580228, 57420.8615545, 57420.8652746, 57420.8688064, 57420.8723382, 57420.8761791, 57420.8797107, 57420.8832425, 57420.8869658, 57420.8904974, 57420.8940291, 57434.8536789, 57434.8572107, 57434.8607425, 57434.8644623, 57434.8679941, 57434.8715256, 57434.875363, 57434.8788947, 57434.8824264, 57434.8862758, 57434.893339, 57434.8898074, 57421.8608702, 57421.864402, 57421.8573385, 57421.8681216, 57421.8716532, 57421.8751847, 57421.8790291, 57421.8825608, 57421.8860925, 57421.8898139, 57421.8933456, 57421.8968772, 57422.8496682, 57422.8531999, 57422.8567315, 57422.860451, 57422.8639827, 57422.8675144, 57422.8713593, 57422.874891, 57422.8784227, 57422.8825169, 57422.8860487, 57422.8895802, 57421.885519, 57421.89326, 57421.90036, 57421.907462, 57421.914563, 57423.8496437091, 57423.85317537, 57423.8567070309, 57423.8604281368], "magerr": [-1.0, -1.0, 0.055399999022483826, 0.04479999840259552, 0.057500001043081284, 0.0617000013589859, 0.03550000116229057, 0.02930000051856041, 0.025299999862909317, 0.025299999862909317, 0.026000000536441803, 0.016300000250339508, 0.01590000092983246, 0.014399999752640724, 0.009800000116229057, 0.00989999994635582, 0.010099999606609344, 0.01119999960064888, 0.012299999594688416, 0.029100000858306885, -1.0, -1.0, -1.0, 0.017100000753998756, 0.021400000900030136, 0.013899999670684338, 0.0142000000923872, 0.011900000274181366, 0.011800000444054604, 0.012299999594688416, 0.0142000000923872, 0.014700000174343586, 0.013799999840557575, 0.01979999989271164, 0.02319999970495701, 0.013199999928474426, 0.012799999676644802, 0.01269999984651804, 0.008899999782443047, 0.008999999612569809, 0.008799999952316284, 0.01080000028014183, 0.010900000110268593, 0.010599999688565731, 0.031700000166893005, 0.029500000178813934, 0.02459999918937683, 0.01510000042617321, 0.015200000256299973, 0.014000000432133675, 0.01140000019222498, 0.01209999993443489, 0.010700000450015068, 0.012400000356137753, 0.012000000104308128, 0.011599999852478504, -1.0, -1.0, -1.0, -1.0, -1.0, -1.0, -1.0, -1.0, -1.0, -1.0, -1.0, -1.0, -1.0, -1.0, -1.0, 0.013299999758601189, 0.012000000104308128, 0.011699999682605267, 0.009800000116229057, 0.009700000286102295, 0.009399999864399433, 0.011099999770522118, 0.01209999993443489, 0.01269999984651804, 0.02199999988079071, 0.021299999207258224, 0.020800000056624413, 0.013299999758601189, 0.013500000350177288, 0.013299999758601189, 0.009200000204145908, 0.009399999864399433, 0.00930000003427267, 0.01140000019222498, 0.011099999770522118, 0.01140000019222498, -1.0, -1.0, -1.0, -1.0, -1.0, -1.0, -1.0, -1.0, -1.0], "alert_name": null, "observatory": ["ObsMontsec-Umut Burg", "ObsMontsec-Umut Burg", "ObsMontsec-Umut Burg", "ObsMontsec-Umut Burg", "ObsMontsec-Umut Burg", "ObsMontsec-Umut Burg", "ObsMontsec-Umut Burg", "ObsMontsec-Umut Burg", "ObsMontsec-Umut Burg", "ObsMontsec-Umut Burg", "ObsMontsec-Umut Burg", "ObsMontsec-Umut Burg", "ObsMontsec-Umut Burg", "ObsMontsec-Umut Burg", "ObsMontsec-Umut Burg", "ObsMontsec-Umut Burg", "ObsMontsec-Umut Burg", "ObsMontsec-Umut Burg", "ObsMontsec-Umut Burg", "ObsMontsec-Umut Burg", "ObsMontsec-Umut Burg", "ObsMontsec-Umut Burg", "ObsMontsec-Umut Burg", "ObsMontsec-Umut Burg", "ObsMontsec-Umut Burg", "ObsMontsec-Umut Burg", "ObsMontsec-Umut Burg", "ObsMontsec-Umut Burg", "ObsMontsec-Umut Burg", "ObsMontsec-Umut Burg", "ObsMontsec-Umut Burg", "ObsMontsec-Umut Burg", "ObsMontsec-Umut Burg", "ObsMontsec-Umut Burg", "ObsMontsec-Umut Burg", "ObsMontsec-Umut Burg", "ObsMontsec-Umut Burg", "ObsMontsec-Umut Burg", "ObsMontsec-Umut Burg", "ObsMontsec-Umut Burg", "ObsMontsec-Umut Burg", "ObsMontsec-Umut Burg", "ObsMontsec-Umut Burg", "ObsMontsec-Umut Burg", "ObsMontsec-Umut Burg", "ObsMontsec-Umut Burg", "ObsMontsec-Umut Burg", "ObsMontsec-Umut Burg", "ObsMontsec-Umut Burg", "ObsMontsec-Umut Burg", "ObsMontsec-Umut Burg", "ObsMontsec-Umut Burg", "ObsMontsec-Umut Burg", "ObsMontsec-Umut Burg", "ObsMontsec-Umut Burg", "ObsMontsec-Umut Burg", "ObsMontsec-Umut Burg", "ObsMontsec-Umut Burg", "ObsMontsec-Umut Burg", "ObsMontsec-Umut Burg", "ObsMontsec-Umut Burg", "ObsMontsec-Umut Burg", "ObsMontsec-Umut Burg", "ObsMontsec-Umut Burg", "ObsMontsec-Umut Burg", "ObsMontsec-Umut Burg", "ObsMontsec-Umut Burg", "ObsMontsec-Umut Burg", "ObsMontsec-Umut Burg", "ObsMontsec-Umut Burg", "ObsMontsec-Umut Burg", "ObsMontsec-Umut Burg", "ObsMontsec-Umut Burg", "ObsMontsec-Umut Burg", "ObsMontsec-Umut Burg", "ObsMontsec-Umut Burg", "ObsMontsec-Umut Burg", "ObsMontsec-Umut Burg", "ObsMontsec-Umut Burg", "ObsMontsec-Umut Burg", "ObsMontsec-Umut Burg", "ObsMontsec-Umut Burg", "ObsMontsec-Umut Burg", "ObsMontsec-Umut Burg", "ObsMontsec-Umut Burg", "ObsMontsec-Umut Burg", "ObsMontsec-Umut Burg", "ObsMontsec-Umut Burg", "ObsMontsec-Umut Burg", "ObsMontsec-Umut Burg", "ObsMontsec-Umut Burg", "ObsMontsec-Umut Burg", "OmicronC2PU JPRivet", "OmicronC2PU JPRivet", "OmicronC2PU JPRivet", "OmicronC2PU JPRivet", "OmicronC2PU JPRivet", "ObsMontsec-Umut Burg", "ObsMontsec-Umut Burg", "ObsMontsec-Umut Burg", "ObsMontsec-Umut Burg"], "caliberr": [0.059379298239946365, 0.034465398639440536, 0.03665279969573021, 0.027423299849033356, 0.03153060004115105, 0.09890510141849518, 0.12278299778699875, 0.13492299616336823, 0.06620679795742035, 0.06417849659919739, 0.056147199124097824, 0.10321500152349472, 0.07845160365104675, 0.08557750284671783, 0.0320620983839035, 0.045631200075149536, 0.031145300716161728, 0.13335999846458435, 0.15653599798679352, 0.08866330236196518, 0.06880559772253036, 0.06755190342664719, 0.0660971999168396, 0.055869199335575104, 0.07110589742660522, 0.05584010109305382, 0.05379239842295647, 0.033726900815963745, 0.03277650102972984, 0.031517401337623596, 0.11483199894428253, 0.11507099866867065, 0.12270200252532959, 0.07198440283536911, 0.07067789882421494, 0.10183999687433243, 0.09730859845876694, 0.1010190024971962, 0.035982899367809296, 0.034878600388765335, 0.03826950117945671, 0.1412229984998703, 0.13845199346542358, 0.14641700685024261, 0.06843940168619156, 0.07532770186662674, 0.07432790100574493, 0.11919999867677689, 0.12175499647855759, 0.12117400020360947, 0.030849600210785866, 0.034290801733732224, 0.15065599977970123, 0.1616870015859604, 0.1732569932937622, 0.17404000461101532, 0.08879230171442032, 0.0882543995976448, 0.08312679827213287, 0.05489959940314293, 0.042410898953676224, 0.038790199905633926, 0.029789600521326065, 0.017374500632286072, 0.020488599315285683, 0.4050140082836151, 0.4265249967575073, 0.41199299693107605, 0.06889060139656067, 0.06912969797849655, 0.06846330314874649, 0.04960880056023598, 0.05322340130805969, 0.055274199694395065, 0.0351128987967968, 0.03098529949784279, 0.0313321016728878, 0.0751480981707573, 0.07594189792871475, 0.08236079663038254, 0.06887610256671906, 0.1092580035328865, 0.10117600113153458, 0.04606679826974869, 0.0635823979973793, 0.06664600223302841, 0.03338490054011345, 0.032043199986219406, 0.033106300979852676, 0.15218299627304077, 0.14139500260353088, 0.14169499278068542, 0.053824398666620255, 0.05262799933552742, 0.059498999267816544, 0.05816829949617386, 0.0594572015106678, 0.1040010005235672, 0.07097339630126953, 0.009999999776482582, 0.05532030016183853],