{"mjd": [55670.0778, 55670.08577, 55670.07397, 55670.09132], "magerr": [-1.0, -1.0, -1.0, -1.0], "alert_name": null, "observatory": ["Alex Ball-SMARTS1.3", "Alex Ball-SMARTS1.3", "Alex Ball-SMARTS1.3", "Alex Ball-SMARTS1.3"], "caliberr": [0.3363040089607239, 0.43855899572372437, 0.7090250253677368, 0.23011699318885803], "mag": [21.51689910888672, 21.914199829101562, 21.282699584960938, 21.17449951171875], "catalog": ["USNO", "USNO", "USNO", "USNO"], "filter": ["B2pg", "B2pg", "R1pg", "R1pg"]}