{"mjd": [56054.9605006576, 56059.958871603, 56054.9659834504, 56059.9643399715, 56059.968008697, 56054.9697085023], "magerr": [0.001500000013038516, 0.001500000013038516, 0.0007999999797903001, 0.0007999999797903001, 0.0007999999797903001, 0.0008999999845400453], "observatory": ["RichardAndersonEuler", "RichardAndersonEuler", "RichardAndersonEuler", "RichardAndersonEuler", "RichardAndersonEuler", "RichardAndersonEuler"], "mag": [15.876700401306152, 15.692899703979492, 15.440799713134766, 15.275500297546387, 15.25510025024414, 15.127799987792969], "filter": ["B", "B", "r", "r", "r", "i"], "catalog": ["APASS", "APASS", "APASS", "APASS", "APASS", "APASS"], "caliberr": [0.039952199906110764, 0.03846039995551109, 0.02722720056772232, 0.053467798978090286, 0.09184080362319946, 0.0924718976020813]}