{"mjd": [57121.90958889, 57122.9844308], "magerr": [-1.0, -1.0], "observatory": ["K.Wiersema-Leicester", "Euler Geneva Group"], "mag": [18.606399536132812, 29.737300872802734], "filter": ["V", "r"], "catalog": ["APASS", "APASS"], "caliberr": [0.04060490056872368, 0.07634489983320236]}