{"mjd": [55648.14047, 55654.07779, 55655.13775, 55655.15127, 55648.14844, 55654.08576, 55654.09131, 55655.14572, 55648.13664, 55648.15398, 55654.07397, 55655.13392], "magerr": [0.002199999988079071, 0.002400000113993883, 0.0024999999441206455, 0.005400000140070915, 0.003800000064074993, 0.0035000001080334187, 0.0052999998442828655, 0.003700000001117587, 0.004800000227987766, 0.00570000009611249, 0.005200000014156103, 0.005200000014156103], "observatory": ["Alex Ball-SMARTS1.3", "Alex Ball-SMARTS1.3", "Alex Ball-SMARTS1.3", "Alex Ball-SMARTS1.3", "Alex Ball-SMARTS1.3", "Alex Ball-SMARTS1.3", "Alex Ball-SMARTS1.3", "Alex Ball-SMARTS1.3", "Alex Ball-SMARTS1.3", "Alex Ball-SMARTS1.3", "Alex Ball-SMARTS1.3", "Alex Ball-SMARTS1.3"], "mag": [17.601900100708008, 17.591100692749023, 17.645000457763672, 17.712099075317383, 16.826400756835938, 16.781299591064453, 17.292400360107422, 16.787399291992188, 16.885400772094727, 16.804000854492188, 16.846200942993164, 16.906099319458008], "filter": ["B", "B", "B", "g", "r", "r", "r", "r", "i", "i", "i", "i"], "catalog": ["APASS", "APASS", "APASS", "APASS", "PS1", "PS1", "PS1", "PS1", "PS1", "PS1", "PS1", "PS1"], "caliberr": [0.009999999776482582, 0.009999999776482582, 0.009999999776482582, 0.01000010035932064, 0.11453700065612793, 0.1274469941854477, 0.04897509887814522, 0.11806800216436386, 0.08390049636363983, 0.08618660271167755, 0.0850725993514061, 0.07781080156564713]}