{"mjd": [56960.01147, 56960.012894, 56960.014329, 56960.015775, 56960.017199, 56960.018634, 56960.002755, 56960.00419, 56960.005718, 56960.007164, 56960.008588, 56960.010023, 57035.7638801042, 57035.7740201968, 57035.7837843981, 57035.8146744907, 56958.08725, 56959.01812, 56958.08198, 56958.08873, 56958.09424, 56959.02246, 56958.08321, 56958.09007, 56958.09559, 56959.02679, 56958.08443, 56958.0913, 56958.09682, 56959.03112, 56964.98177, 56964.98609, 56964.99042, 56959.97286, 56959.97721, 56959.98154, 56959.98587], "magerr": [0.05589580163359642, 0.05699700117111206, 0.0592833012342453, 0.11461400240659714, -1.0, 0.12335100024938583, -1.0, -1.0, -1.0, 0.0813312977552414, 0.08897989988327026, 0.1124430000782013, 0.03880000114440918, 0.02329999953508377, 0.02280000038444996, 0.026499999687075615, 0.09300000220537186, 0.09149999916553497, 0.07930000126361847, 0.10100000351667404, 0.08699999749660492, 0.05429999902844429, 0.0575999990105629, 0.057100001722574234, 0.053199999034404755, 0.0340999998152256, 0.057500001043081284, 0.0746999979019165, 0.059700001031160355, 0.04670000076293945, 0.07039999961853027, 0.0617000013589859, 0.057500001043081284, 0.12890000641345978, 0.06129999831318855, 0.03620000183582306, 0.03830000013113022], "alert_name": null, "observatory": ["Stuart Littlefair, p", "Stuart Littlefair, p", "Stuart Littlefair, p", "Stuart Littlefair, p", "Stuart Littlefair, p", "Stuart Littlefair, p", "Stuart Littlefair, p", "Stuart Littlefair, p", "Stuart Littlefair, p", "Stuart Littlefair, p", "Stuart Littlefair, p", "Stuart Littlefair, p", "Werner Zeilinger, 1.", "Werner Zeilinger, 1.", "Werner Zeilinger, 1.", "Werner Zeilinger, 1.", "Zbigniew Kolaczkowsk", "Zbigniew Kolaczkowsk", "Zbigniew Kolaczkowsk", "Zbigniew Kolaczkowsk", "Zbigniew Kolaczkowsk", "Zbigniew Kolaczkowsk", "Zbigniew Kolaczkowsk", "Zbigniew Kolaczkowsk", "Zbigniew Kolaczkowsk", "Zbigniew Kolaczkowsk", "Zbigniew Kolaczkowsk", "Zbigniew Kolaczkowsk", "Zbigniew Kolaczkowsk", "Zbigniew Kolaczkowsk", "Bialkow, Z.Kolaczkow", "Bialkow, Z.Kolaczkow", "Bialkow, Z.Kolaczkow", "Bialkow, A.Pigulski", "Bialkow, A.Pigulski", "Bialkow, A.Pigulski", "Bialkow, A.Pigulski"], "caliberr": [0.13971200585365295, 0.17243699729442596, 0.11695600301027298, 0.1149429976940155, 0.09412139654159546, 0.08969250321388245, 0.05705270171165466, 0.0939406007528305, 0.08242449909448624, 0.044286999851465225, 0.015798600390553474, 0.0367279015481472, 0.14143699407577515, 0.08964739739894867, 0.13773900270462036, 0.16988900303840637, 0.05360909923911095, 0.07152099907398224, 0.02602430060505867, 0.02785619907081127, 0.03862280026078224, 0.017005600035190582, 0.026529299095273018, 0.02422030083835125, 0.030446700751781464, 0.02614709921181202, 0.034696899354457855, 0.05083199962973595, 0.050480399280786514, 0.05102910101413727, 0.04614419862627983, 0.023490099236369133, 0.040775101631879807, 0.06494539976119995, 0.016088899224996567, 0.03378570079803467, 0.1051580011844635], "mag": [17.604400634765625, 17.743499755859375, 17.521499633789062, 17.199100494384766, 18.21380043029785, 17.064899444580078, 18.69849967956543, 19.045499801635742, 18.95009994506836, 18.1117000579834, 18.229299545288086, 18.35449981689453, 18.403499603271484, 17.691099166870117, 17.37459945678711, 17.344200134277344, 19.057899475097656, 19.34280014038086, 18.1914005279541, 18.288000106811523, 18.127899169921875, 18.104900360107422, 17.609699249267578, 17.59429931640625, 17.743999481201172, 17.631799697875977, 16.888599395751953, 17.31369972229004, 16.971900939941406, 17.47760009765625, 18.131799697875977, 17.755399703979492, 17.314300537109375, 19.40220069885254, 18.061500549316406, 17.76930046081543, 17.52199935913086], "catalog": ["SDSS", "SDSS", "SDSS", "SDSS", "SDSS", "SDSS", "APASS", "APASS", "APASS", "APASS", "APASS", "APASS", "SDSS", "SDSS", "SDSS", "SDSS", "APASS", "APASS", "APASS", "APASS", "APASS", "APASS", "APASS", "APASS", "APASS", "APASS", "APASS", "APASS", "APASS", "APASS", "APASS", "APASS", "APASS", "APASS", "APASS", "APASS", "APASS"], "filter": ["R", "R", "R", "I", "I", "I", "B", "B", "B", "V", "V", "V", "g", "r", "i", "i", "B", "B", "V", "V", "V", "V", "r", "r", "r", "r", "i", "i", "i", "i", "V", "r", "i", "B", "V", "r", "i"]}