{"mjd": [57086.2771006, 57086.2771006, 57051.735, 57069.738, 57099.738, 57051.733, 57053.756, 57055.681, 57057.69, 57059.663, 57065.764, 57069.736, 57077.706, 57091.709, 57095.722, 57099.734, 57051.737, 57053.76, 57055.685, 57057.694, 57059.666, 57065.768, 57069.74, 57077.71, 57079.674, 57091.705, 57095.718, 57095.726, 57099.731, 57053.758, 57055.683, 57057.692, 57059.664, 57065.766, 57077.708, 57091.713, 57055.222569, 57055.224016, 57055.225451, 57057.185162, 57057.186609, 57057.188044, 57059.276458, 57059.277894, 57059.27934, 57067.169062, 57067.170509, 57055.226898, 57055.228345, 57055.229792, 57057.189502, 57057.190937, 57057.192384, 57059.280787, 57059.282234, 57059.283681, 57055.215347, 57055.216782, 57059.267789, 57059.269236, 57059.270671, 57067.163275, 57055.218241, 57055.219676, 57055.221123, 57057.180833, 57059.272118, 57059.273565, 57059.275012, 57067.167616, 57051.3733079861, 57069.2864981, 57069.2864981], "magerr": [0.020099999383091927, 0.011900000274181366, 0.007899999618530273, 0.008200000040233135, -1.0, 0.005400000140070915, 0.005799999926239252, 0.021400000900030136, 0.023900000378489494, 0.02500000037252903, 0.013500000350177288, 0.007799999788403511, -1.0, 0.015399999916553497, 0.008299999870359898, -1.0, 0.005100000184029341, 0.0052999998442828655, 0.012000000104308128, 0.013799999840557575, 0.01489999983459711, 0.00930000003427267, 0.006200000178068876, -1.0, -1.0, 0.012000000104308128, 0.005900000222027302, -1.0, -1.0, 0.00839999970048666, 0.012799999676644802, 0.012299999594688416, 0.013399999588727951, -1.0, -1.0, 0.01489999983459711, 0.04247270151972771, 0.036131300032138824, 0.0378854013979435, 0.04649969935417175, 0.04612269997596741, 0.044274698942899704, 0.03689179942011833, 0.03907410055398941, 0.038603100925683975, -1.0, -1.0, 0.05698709934949875, 0.057037100195884705, 0.059766899794340134, 0.06645289808511734, 0.07181580364704132, -1.0, -1.0, -1.0, -1.0, -1.0, 0.09322810173034668, -1.0, 0.10628599673509598, 0.11142300069332123, -1.0, 0.05377089977264404, 0.055806200951337814, 0.049646999686956406, 0.07424099743366241, 0.05660270154476166, 0.06115870177745819, 0.053536999970674515, -1.0, 0.040800001472234726, 0.012600000016391277, 0.006099999882280827], "alert_name": null, "observatory": ["Heather Campbell", "Heather Campbell", "Heather Campbell", "Heather Campbell", "Heather Campbell", "Heather Campbell", "Heather Campbell", "Heather Campbell", "Heather Campbell", "Heather Campbell", "Heather Campbell", "Heather Campbell", "Heather Campbell", "Heather Campbell", "Heather Campbell", "Heather Campbell", "Heather Campbell", "Heather Campbell", "Heather Campbell", "Heather Campbell", "Heather Campbell", "Heather Campbell", "Heather Campbell", "Heather Campbell", "Heather Campbell", "Heather Campbell", "Heather Campbell", "Heather Campbell", "Heather Campbell", "Heather Campbell", "Heather Campbell", "Heather Campbell", "Heather Campbell", "Heather Campbell", "Heather Campbell", "Heather Campbell", "Liam Hardy pt5m", "Liam Hardy pt5m", "Liam Hardy pt5m", "Liam Hardy pt5m", "Liam Hardy pt5m", "Liam Hardy pt5m", "Liam Hardy pt5m", "Liam Hardy pt5m", "Liam Hardy pt5m", "Liam Hardy pt5m", "Liam Hardy pt5m", "Liam Hardy pt5m", "Liam Hardy pt5m", "Liam Hardy pt5m", "Liam Hardy pt5m", "Liam Hardy pt5m", "Liam Hardy pt5m", "Liam Hardy pt5m", "Liam Hardy pt5m", "Liam Hardy pt5m", "Liam Hardy pt5m", "Liam Hardy pt5m", "Liam Hardy pt5m", "Liam Hardy pt5m", "Liam Hardy pt5m", "Liam Hardy pt5m", "Liam Hardy pt5m", "Liam Hardy pt5m", "Liam Hardy pt5m", "Liam Hardy pt5m", "Liam Hardy pt5m", "Liam Hardy pt5m", "Liam Hardy pt5m", "Liam Hardy pt5m", "LCOGT Gaia Alerts Gr", "Mercator Geneva Grou", "Mercator Geneva Grou"], "caliberr": [0.1204259991645813, 0.1616089940071106, 0.16748900711536407, 0.1397860050201416, 0.21599599719047546, 0.011326099745929241, 0.01590830087661743, 0.009999999776482582, 0.009999999776482582, 0.01275159977376461, 0.012800999917089939, 0.012061599642038345, 0.0356190986931324, 0.014053399674594402, 0.0160652007907629, 0.021099599078297615, 0.06533580273389816, 0.06212969869375229, 0.06275530159473419, 0.06305979937314987, 0.06431669741868973, 0.16415700316429138, 0.057625800371170044, 0.04821790009737015, 0.05650709941983223, 0.07076580077409744, 0.05952979996800423, 0.11510500311851501, 0.045681100338697433, 0.0351720005273819, 0.03617269918322563, 0.038138099014759064, 0.03633259981870651, 0.05074650049209595, 0.026365499943494797, 0.15321999788284302, 0.11027800291776657, 0.10479599982500076, 0.053877800703048706, 0.09563100337982178, 0.1152229979634285, 0.14058999717235565, 0.0679055005311966, 0.06958939880132675, 0.11772000044584274, 0.10250700265169144, 0.07883290201425552, 0.06239509955048561, 0.09192349761724472, 0.11490599811077118, 0.10459200292825699, 0.08926519751548767, 0.11479700356721878, 0.12099900096654892, 0.0825318992137909, 0.11329499632120132, 0.30451899766921997, 0.13291099667549133, 0.1267080008983612, 0.20586399734020233, 0.23068900406360626, 0.11719600111246109, 0.1844629943370819, 0.17183899879455566, 0.18462499976158142, 0.1352050006389618, 0.40067800879478455, 0.20740200579166412, 0.3214299976825714, 0.18246300518512726, 0.03566199913620949, 0.16136400401592255, 0.13245800137519836], "mag": [17.061599731445312, 16.578899383544922, 16.518699645996094, 16.417200088500977, 23.24720001220703, 16.594499588012695, 16.73900032043457, 16.9330997467041, 16.78569984436035, 16.795299530029297, 16.736900329589844, 16.975799560546875, 23.40130043029785, 17.132999420166016, 17.39299964904785, 24.676599502563477, 16.15060043334961, 16.28700065612793, 16.415599822998047, 16.37980079650879, 16.443199157714844, 16.19809913635254, 16.419700622558594, 23.20789909362793, 23.008899688720703, 16.769899368286133, 16.98870086669922, 23.54789924621582, 23.815799713134766, 16.40559959411621, 16.25029945373535, 16.095800399780273, 16.11479949951172, 21.868200302124023, 22.302099227905273, 17.248300552368164, 16.208900451660156, 16.212200164794922, 16.138099670410156, 16.149499893188477, 16.171499252319336, 16.197799682617188, 16.170000076293945, 16.325300216674805, 16.30299949645996, 20.60890007019043, 19.95439910888672, 15.726400375366211, 15.802499771118164, 15.792799949645996, 15.78969955444336, 15.985899925231934, 17.90519905090332, 18.342199325561523, 18.276599884033203, 18.238300323486328, 18.57309913635254, 17.497400283813477, 18.822200775146484, 17.667999267578125, 17.624900817871094, 19.576499938964844, 16.598400115966797, 16.69230079650879, 16.43670082092285, 16.591100692749023, 16.392799377441406, 16.728599548339844, 16.555299758911133, 21.858800888061523, 16.887300491333008, 17.049800872802734, 16.464000701904297], "catalog": ["SDSS", "SDSS", "SDSS", "SDSS", "SDSS", "APASS", "APASS", "APASS", "APASS", "APASS", "APASS", "APASS", "APASS", "APASS", "APASS", "APASS", "APASS", "APASS", "APASS", "APASS", "APASS", "APASS", "APASS", "APASS", "APASS", "APASS", "APASS", "APASS", "APASS", "APASS", "APASS", "APASS", "APASS", "APASS", "APASS", "APASS", "SDSS", "SDSS", "SDSS", "SDSS", "SDSS", "SDSS", "SDSS", "SDSS", "SDSS", "SDSS", "SDSS", "SDSS", "SDSS", "SDSS", "SDSS", "SDSS", "SDSS", "SDSS", "SDSS", "SDSS", "APASS", "APASS", "APASS", "APASS", "APASS", "APASS", "APASS", "APASS", "APASS", "APASS", "APASS", "APASS", "APASS", "APASS", "APASS", "SDSS", "SDSS"], "filter": ["g", "r", "i", "i", "i", "g", "g", "g", "g", "g", "g", "g", "g", "g", "g", "g", "r", "r", "r", "r", "r", "r", "r", "r", "r", "r", "r", "r", "r", "i", "i", "i", "i", "i", "i", "i", "R", "R", "R", "R", "R", "R", "R", "R", "R", "R", "R", "I", "I", "I", "I", "I", "I", "I", "I", "I", "B", "B", "B", "B", "B", "B", "V", "V", "V", "V", "V", "V", "V", "V", "g", "g", "r"]}