{"mjd": [57095.872423, 57095.883298, 57095.911326, 57097.614, 57068.664, 57068.667, 57070.635, 57070.638, 57082.52, 57082.523, 57082.527, 57097.61, 57068.671, 57070.642, 57097.605, 57088.98317222], "magerr": [0.04039999842643738, 0.1517000049352646, 0.16529999673366547, 0.01940000057220459, 0.010999999940395355, 0.022299999371170998, 0.011599999852478504, 0.022299999371170998, 0.03869999945163727, 0.032099999487400055, 0.02930000051856041, 0.009600000455975533, 0.0142000000923872, 0.016100000590085983, 0.013100000098347664, 0.12610000371932983], "observatory": ["GiuseppeAltavillaLoi", "GiuseppeAltavillaLoi", "GiuseppeAltavillaLoi", "Heather Campbell", "Heather Campbell", "Heather Campbell", "Heather Campbell", "Heather Campbell", "Heather Campbell", "Heather Campbell", "Heather Campbell", "Heather Campbell", "Heather Campbell", "Heather Campbell", "Heather Campbell", "K.Wiersema-Leicester"], "mag": [19.288700103759766, 19.172000885009766, 18.981800079345703, 19.074499130249023, 19.127599716186523, 19.348600387573242, 19.071500778198242, 19.380399703979492, 19.121200561523438, 19.38520050048828, 19.245399475097656, 19.342300415039062, 18.960399627685547, 18.883499145507812, 19.107500076293945, 19.09000015258789], "filter": ["g", "r", "i", "i", "g", "g", "g", "g", "g", "g", "g", "g", "r", "r", "r", "V"], "catalog": ["SDSS", "SDSS", "APASS", "SDSS", "APASS", "APASS", "APASS", "APASS", "APASS", "APASS", "APASS", "APASS", "APASS", "APASS", "APASS", "APASS"], "caliberr": [0.24566200375556946, 0.2288309931755066, 0.07512030005455017, 0.14333899319171906, 0.013111700303852558, 0.1796090006828308, 0.009999999776482582, 0.020276499912142754, 0.03219529986381531, 0.14543700218200684, 0.10291299968957901, 0.06609410047531128, 0.04889719933271408, 0.06401970237493515, 0.12475000321865082, 0.054059699177742004]}