{"mjd": [56949.9108217591, 56949.911539352, 56949.9095833334, 56949.9095833334], "magerr": [0.04580000042915344, 0.04430000111460686, 0.040800001472234726, 0.040800001472234726], "alert_name": null, "observatory": ["Montarrenti Observat", "Montarrenti Observat", "Montarrenti Observat", "Montarrenti Observat"], "caliberr": [0.07077290117740631, 0.06608639657497406, 0.10360100120306015, 0.10360100120306015], "mag": [17.206300735473633, 17.147899627685547, 17.024200439453125, 17.024200439453125], "catalog": ["APASS", "APASS", "APASS", "APASS"], "filter": ["r", "r", "i", "i"]}