{"mjd": [57423.9598188, 57423.9668823, 57423.9633503, 57423.9894714, 57423.9930031, 57423.9965347, 57424.0117012, 57424.0152329, 57424.0187645, 57424.0340653, 57424.0375969, 57424.0411286, 57425.9078332, 57425.911365, 57425.9148965, 57425.9186265, 57425.9221581, 57425.9256897, 57425.9295133, 57425.9330449, 57425.9365764, 57425.9439544, 57425.947486, 57425.9404229, 57426.8922851, 57426.8958166, 57426.8993483, 57426.9030721, 57426.9101356, 57426.9139556, 57426.9174874, 57432.9729677, 57432.9764993, 57432.9800309, 57432.983752, 57432.9872837, 57432.9908153, 57432.998068, 57433.005323, 57433.0088545, 57433.0123861, 57432.9945363, 57435.9755496, 57435.9790814, 57435.9826131, 57435.986403, 57435.9899347, 57435.9934664, 57435.9972914, 57436.0008231, 57436.0043548, 57436.0081659, 57436.0116977, 57436.0152293, 57420.0591249, 57420.0626564, 57420.0661882, 57420.0815225, 57420.0850542, 57420.0885857, 57420.102429, 57420.1059608, 57421.0429185, 57420.1094924, 57420.1252133, 57420.128745, 57420.1322766, 57421.0393869, 57421.0464501, 57421.0501699, 57421.0537015, 57422.0337738, 57422.0373055, 57422.0408374, 57422.0445595, 57422.0480912, 57422.0516227, 57422.0553428, 57422.0588746, 57422.0624063, 57422.066127, 57422.0696587, 57422.0731906, 57422.9602031, 57422.9637347, 57422.9672663, 57422.9895738, 57423.0117277, 57422.9931054, 57423.0152594, 57423.018791, 57423.0340412, 57423.0375728, 57423.0411044], "magerr": [0.03790000081062317, 0.06239999830722809, 0.04690000042319298, 0.0348999984562397, 0.053599998354911804, 0.06379999965429306, 0.019999999552965164, 0.01899999938905239, 0.03099999949336052, 0.027499999850988388, 0.028699999675154686, 0.031700000166893005, 0.04390000179409981, 0.05119999870657921, 0.05079999938607216, 0.029100000858306885, 0.029200000688433647, 0.02889999933540821, 0.017000000923871994, 0.014800000004470348, 0.014399999752640724, 0.020400000736117363, 0.01889999955892563, 0.022199999541044235, -1.0, -1.0, -1.0, -1.0, -1.0, -1.0, -1.0, -1.0, -1.0, -1.0, -1.0, -1.0, -1.0, -1.0, -1.0, -1.0, -1.0, -1.0, -1.0, -1.0, -1.0, -1.0, -1.0, -1.0, -1.0, -1.0, -1.0, -1.0, -1.0, -1.0, 0.03610000014305115, 0.03310000151395798, 0.03449999913573265, 0.023800000548362732, 0.025299999862909317, 0.023399999365210533, 0.012400000356137753, 0.013000000268220901, -1.0, 0.013199999928474426, 0.020099999383091927, 0.021299999207258224, 0.023099999874830246, -1.0, -1.0, -1.0, -1.0, 0.03799999877810478, -1.0, 0.043699998408555984, 0.025299999862909317, 0.02449999935925007, 0.02539999969303608, 0.014299999922513962, 0.013899999670684338, 0.014600000344216824, 0.021199999377131462, 0.0215000007301569, 0.0215000007301569, 0.032999999821186066, 0.030300000682473183, 0.03060000017285347, 0.019999999552965164, 0.01140000019222498, 0.020800000056624413, 0.011699999682605267, 0.011300000362098217, 0.01860000006854534, 0.01759999990463257, 0.01940000057220459], "observatory": ["ObsMontsec-Umut Burg", "ObsMontsec-Umut Burg", "ObsMontsec-Umut Burg", "ObsMontsec-Umut Burg", "ObsMontsec-Umut Burg", "ObsMontsec-Umut Burg", "ObsMontsec-Umut Burg", "ObsMontsec-Umut Burg", "ObsMontsec-Umut Burg", "ObsMontsec-Umut Burg", "ObsMontsec-Umut Burg", "ObsMontsec-Umut Burg", "ObsMontsec-Umut Burg", "ObsMontsec-Umut Burg", "ObsMontsec-Umut Burg", "ObsMontsec-Umut Burg", "ObsMontsec-Umut Burg", "ObsMontsec-Umut Burg", "ObsMontsec-Umut Burg", "ObsMontsec-Umut Burg", "ObsMontsec-Umut Burg", "ObsMontsec-Umut Burg", "ObsMontsec-Umut Burg", "ObsMontsec-Umut Burg", "ObsMontsec-Umut Burg", "ObsMontsec-Umut Burg", "ObsMontsec-Umut Burg", "ObsMontsec-Umut Burg", "ObsMontsec-Umut Burg", "ObsMontsec-Umut Burg", "ObsMontsec-Umut Burg", "ObsMontsec-Umut Burg", "ObsMontsec-Umut Burg", "ObsMontsec-Umut Burg", "ObsMontsec-Umut Burg", "ObsMontsec-Umut Burg", "ObsMontsec-Umut Burg", "ObsMontsec-Umut Burg", "ObsMontsec-Umut Burg", "ObsMontsec-Umut Burg", "ObsMontsec-Umut Burg", "ObsMontsec-Umut Burg", "ObsMontsec-Umut Burg", "ObsMontsec-Umut Burg", "ObsMontsec-Umut Burg", "ObsMontsec-Umut Burg", "ObsMontsec-Umut Burg", "ObsMontsec-Umut Burg", "ObsMontsec-Umut Burg", "ObsMontsec-Umut Burg", "ObsMontsec-Umut Burg", "ObsMontsec-Umut Burg", "ObsMontsec-Umut Burg", "ObsMontsec-Umut Burg", "ObsMontsec-Umut Burg", "ObsMontsec-Umut Burg", "ObsMontsec-Umut Burg", "ObsMontsec-Umut Burg", "ObsMontsec-Umut Burg", "ObsMontsec-Umut Burg", "ObsMontsec-Umut Burg", "ObsMontsec-Umut Burg", "ObsMontsec-Umut Burg", "ObsMontsec-Umut Burg", "ObsMontsec-Umut Burg", "ObsMontsec-Umut Burg", "ObsMontsec-Umut Burg", "ObsMontsec-Umut Burg", "ObsMontsec-Umut Burg", "ObsMontsec-Umut Burg", "ObsMontsec-Umut Burg", "ObsMontsec-Umut Burg", "ObsMontsec-Umut Burg", "ObsMontsec-Umut Burg", "ObsMontsec-Umut Burg", "ObsMontsec-Umut Burg", "ObsMontsec-Umut Burg", "ObsMontsec-Umut Burg", "ObsMontsec-Umut Burg", "ObsMontsec-Umut Burg", "ObsMontsec-Umut Burg", "ObsMontsec-Umut Burg", "ObsMontsec-Umut Burg", "ObsMontsec-Umut Burg", "ObsMontsec-Umut Burg", "ObsMontsec-Umut Burg", "ObsMontsec-Umut Burg", "ObsMontsec-Umut Burg", "ObsMontsec-Umut Burg", "ObsMontsec-Umut Burg", "ObsMontsec-Umut Burg", "ObsMontsec-Umut Burg", "ObsMontsec-Umut Burg", "ObsMontsec-Umut Burg"], "mag": [19.11359977722168, 19.244699478149414, 19.06559944152832, 17.909500122070312, 18.05470085144043, 18.321300506591797, 17.582000732421875, 17.596799850463867, 17.608699798583984, 17.611299514770508, 17.68000030517578, 17.64889907836914, 19.16200065612793, 19.2450008392334, 19.26300048828125, 18.202600479125977, 18.22249984741211, 18.191600799560547, 17.633399963378906, 17.693199157714844, 17.71139907836914, 17.51180076599121, 17.516599655151367, 17.533300399780273, 20.009199142456055, 19.826499938964844, 19.530000686645508, 18.28689956665039, 18.65920066833496, 17.816099166870117, 17.816099166870117, 18.055400848388672, 18.86090087890625, 19.190200805664062, 18.438899993896484, 18.438899993896484, 18.438899993896484, 17.17970085144043, 18.263900756835938, 18.50659942626953, 18.769699096679688, 16.043800354003906, 18.448999404907227, 17.282400131225586, 16.3075008392334, 16.336700439453125, 16.9601993560791, 17.62660026550293, 18.289400100708008, 17.891700744628906, 18.197500228881836, 16.874300003051758, 16.407499313354492, 14.243200302124023, 18.868000030517578, 18.941299438476562, 19.005699157714844, 17.877500534057617, 17.86720085144043, 17.852800369262695, 17.458799362182617, 17.445499420166016, 19.166900634765625, 17.452999114990234, 17.139799118041992, 17.2185001373291, 17.21310043334961, 19.394500732421875, 18.578399658203125, 18.966800689697266, 18.61079978942871, 19.159700393676758, 20.886499404907227, 19.66629981994629, 17.973600387573242, 17.984500885009766, 18.01300048828125, 17.566699981689453, 17.587400436401367, 17.579500198364258, 17.31529998779297, 17.311199188232422, 17.19879913330078, 19.045499801635742, 19.079500198364258, 19.02050018310547, 18.014799118041992, 17.574199676513672, 18.048999786376953, 17.547100067138672, 17.569499969482422, 17.301300048828125, 17.301000595092773, 17.40019989013672], "filter": ["B", "B", "B", "V", "V", "V", "r", "r", "r", "i", "i", "i", "B", "B", "B", "V", "V", "V", "r", "r", "r", "i", "i", "i", "B", "B", "B", "V", "V", "r", "r", "B", "B", "B", "V", "V", "V", "r", "i", "i", "i", "r", "B", "B", "B", "V", "V", "V", "r", "r", "r", "i", "i", "i", "B", "B", "B", "V", "V", "V", "r", "r", "B", "r", "i", "i", "i", "B", "B", "V", "V", "B", "B", "B", "V", "V", "V", "r", "r", "r", "i", "i", "i", "B", "B", "B", "V", "r", "V", "r", "r", "i", "i", "i"],