{"mjd": [57086.1180044, 57086.1180044, 57068.732, 57070.725, 57078.707, 57082.625, 57068.734, 57068.736, 57070.729, 57078.709, 57078.711, 57082.627, 57082.629, 57070.727], "magerr": [0.06390000134706497, 0.02810000069439411, 0.007000000216066837, 0.006500000134110451, 0.013799999840557575, 0.03610000014305115, 0.016100000590085983, 0.008500000461935997, 0.007699999958276749, 0.03060000017285347, 0.014600000344216824, 0.026599999517202377, 0.02590000070631504, 0.015699999406933784], "alert_name": null, "observatory": ["Heather Campbell", "Heather Campbell", "Heather Campbell", "Heather Campbell", "Heather Campbell", "Heather Campbell", "Heather Campbell", "Heather Campbell", "Heather Campbell", "Heather Campbell", "Heather Campbell", "Heather Campbell", "Heather Campbell", "Heather Campbell"], "caliberr": [0.13830099999904633, 0.1960960030555725, 0.024441100656986237, 0.019716599956154823, 0.02693209983408451, 0.025930900126695633, 0.06634940207004547, 0.009999999776482582, 0.009999999776482582, 0.060227200388908386, 0.009999999776482582, 0.05939190089702606, 0.015043900348246098, 0.0864655002951622], "mag": [19.048099517822266, 18.340299606323242, 17.869600296020508, 17.93239974975586, 18.394100189208984, 18.720399856567383, 18.11669921875, 17.789600372314453, 17.83799934387207, 18.313899993896484, 18.033000946044922, 18.368200302124023, 18.13290023803711, 18.02039909362793], "catalog": ["SDSS", "SDSS", "APASS", "APASS", "APASS", "APASS", "APASS", "APASS", "APASS", "APASS", "APASS", "APASS", "APASS", "APASS"], "filter": ["g", "r", "g", "g", "g", "g", "r", "r", "r", "r", "r", "r", "r", "i"]}