{"mjd": [57168.1176552315, 57168.1221973958, 57168.1267329398], "magerr": [0.04699999839067459, 0.02199999988079071, 0.041999999433755875], "observatory": ["LCOGT Gaia Alerts Gr", "LCOGT Gaia Alerts Gr", "LCOGT Gaia Alerts Gr"], "mag": [17.32819938659668, 16.12019920349121, 16.241600036621094], "filter": ["R1pg", "J", "J"], "catalog": ["USNO", "2MASS", "2MASS"], "caliberr": [0.44376298785209656, 0.2705659866333008, 0.36371898651123047]}