{"mjd": [56917.187406, 56917.1900074, 56917.1926098, 56917.1952119, 56917.1854972, 56917.1854972, 56917.187406, 56917.1900074, 56917.1926098, 56917.1952119, 56917.1854972, 56917.187406, 56917.1926098, 56917.1900074, 56917.1952119], "magerr": [-1.0, -1.0, -1.0, -1.0, -1.0, -1.0, -1.0, -1.0, -1.0, -1.0, -1.0, -1.0, -1.0, -1.0, -1.0], "observatory": ["Heather Campbell", "Heather Campbell", "Heather Campbell", "Heather Campbell", "Heather Campbell", "Heather Campbell", "Heather Campbell", "Heather Campbell", "Heather Campbell", "Heather Campbell", "Heather Campbell", "Heather Campbell", "Heather Campbell", "Heather Campbell", "Heather Campbell"], "mag": [23.440900802612305, 21.21649932861328, 24.461999893188477, 21.563400268554688, 19.72640037536621, 22.873600006103516, 23.101499557495117, 23.095699310302734, 22.69029998779297, 24.0625, 24.925899505615234, 25.309499740600586, 26.20709991455078, 25.25480079650879, 25.743499755859375], "filter": ["B", "B", "B", "B", "V", "g", "g", "g", "g", "g", "r", "r", "r", "i", "i"], "catalog": ["APASS", "APASS", "APASS", "APASS", "APASS", "APASS", "APASS", "APASS", "APASS", "APASS", "APASS", "APASS", "APASS", "APASS", "APASS"], "caliberr": [0.1463029980659485, 0.17214900255203247, 0.16775700449943542, 0.1708489954471588, 0.25064098834991455, 0.009999999776482582, 0.009999999776482582, 0.009999999776482582, 0.009999999776482582, 0.009999999776482582, 0.03906409814953804, 0.0563059002161026, 0.051677901297807693, 0.01000010035932064, 0.009999999776482582]}