{"mjd": [55893.11467, 55893.11843], "magerr": [0.051500000059604645, 0.03790000081062317], "observatory": ["Alex Ball-SMARTS1.3", "Alex Ball-SMARTS1.3"], "mag": [19.9507999420166, 19.19099998474121], "filter": ["V", "i"], "catalog": ["APASS", "APASS"], "caliberr": [0.009999999776482582, 0.009999999776482582]}