{"mjd": [57436.3888445, 57438.3984647, 57439.3903189], "magerr": [0.012199999764561653, 0.03629999980330467, 0.03590000048279762], "alert_name": null, "observatory": ["Euler Geneva Group", "Euler Geneva Group", "Euler Geneva Group"], "caliberr": [0.0964374989271164, 0.10233999788761139, 0.21107299625873566], "mag": [19.134599685668945, 19.84950065612793, 20.39739990234375], "catalog": ["APASS", "APASS", "APASS"], "filter": ["r", "r", "r"]}