{"mjd": [57010.85022801], "magerr": [0.04879999905824661], "alert_name": null, "observatory": ["K.Wiersema-Leicester"], "caliberr": [0.03057670034468174], "mag": [16.623699188232422], "catalog": ["APASS"], "filter": ["r"]}