{"mjd": [55644.30599, 55644.31396, 55644.30217, 55644.31951], "magerr": [0.04010000079870224, 0.0333000011742115, 0.023000000044703484, 0.02930000051856041], "alert_name": null, "observatory": ["Alex Ball-SMARTS1.3", "Alex Ball-SMARTS1.3", "Alex Ball-SMARTS1.3", "Alex Ball-SMARTS1.3"], "caliberr": [0.10060100257396698, 0.046057701110839844, 0.0479619987308979, 0.04202819988131523], "mag": [18.696500778198242, 17.645700454711914, 17.587200164794922, 17.68709945678711], "catalog": ["APASS", "APASS", "APASS", "APASS"], "filter": ["B", "V", "r", "r"]}