{"mjd": [57187.8941447, 57187.8941447, 57187.8941447, 57195.9467129628, 57195.9503587964, 57195.935763889, 57195.9321296294, 57195.9284837963, 57195.9139004629, 57195.917534722, 57195.9430787037, 57195.9248495372, 57195.9102546298, 57195.9394328706, 57195.9211805556, 57177.99730139, 57181.928159, 57343.229614, 57343.235391, 57344.22814, 57344.229583, 57344.231026, 57344.232474, 57344.233917, 57344.23536, 57344.236809, 57344.238254, 57344.239697, 57181.925, 57181.926868, 57181.933375, 57181.935708, 57181.938767, 57181.942003, 57181.945034, 57182.832724, 57182.837447, 57182.84286, 57182.850705, 57182.85392, 57182.856715, 57182.860323, 57182.863962, 57182.866656, 57182.868996, 57184.904796, 57184.907452, 57184.907452, 57184.909782, 57184.913685, 57184.916664, 57184.918994, 57184.922741, 57184.927678, 57184.925341, 57181.930673, 57182.90162, 57184.8889028, 57184.8889028, 57184.8889028, 57182.907407, 57179.9032815, 57183.9026752, 57183.9026752, 57177.9088221, 57177.9088221, 57179.9032815, 57177.9088221, 57179.9032815, 57183.9026752, 57180.892721, 57180.892721, 57180.892721, 57181.892442, 57181.899664, 57181.902546, 57181.906887, 57182.909388, 57182.909388, 57182.909388], "magerr": [-1.0, 0.004600000102072954, 0.008700000122189522, 0.06719999760389328, 0.288100004196167, 0.10830000042915344, 0.0568000003695488, 0.07569999992847443, 0.0723000019788742, 0.053300000727176666, 0.09189999848604202, -1.0, 0.22589999437332153, -1.0, 0.10409999638795853, 0.07360000163316727, 0.020999999716877937, -1.0, -1.0, -1.0, -1.0, -1.0, -1.0, -1.0, -1.0, -1.0, -1.0, -1.0, 0.022299999371170998, 0.021400000900030136, 0.017899999395012856, 0.017899999395012856, 0.050999999046325684, 0.04170000180602074, 0.0414000004529953, -1.0, 0.04560000076889992, 0.07150000333786011, 0.07750000059604645, 0.049300000071525574, 0.03869999945163727, 0.043299999088048935, 0.023099999874830246, 0.024399999529123306, 0.02290000021457672, 0.01510000042617321, 0.014700000174343586, 0.014700000174343586, 0.014999999664723873, 0.03759999945759773, 0.04019999876618385, 0.03779999911785126, 0.022099999710917473, 0.0215000007301569, 0.022099999710917473, 0.017999999225139618, 0.041023798286914825, -1.0, 0.0066999997943639755, 0.003599999938160181, 0.14390400052070618, 0.00279999990016222, 0.004900000058114529, -1.0, 0.00419999985024333, 0.05820000171661377, 0.0026000000070780516, 0.003800000064074993, 0.05510000139474869, 0.005799999926239252, 0.0027000000700354576, 0.003100000089034438, 0.05829999968409538, 0.12533800303936005, 0.047176800668239594, 0.03867189958691597, 0.07932169735431671, 0.003800000064074993, 0.0031999999191612005, 0.08030000329017639], "alert_name": null, "observatory": ["Mercator Geneva Grou", "Mercator Geneva Grou", "Mercator Geneva Grou", "Goran Damljanovic, A", "Goran Damljanovic, A", "Goran Damljanovic, A", "Goran Damljanovic, A", "Goran Damljanovic, A", "Goran Damljanovic, A", "Goran Damljanovic, A", "Goran Damljanovic, A", "Goran Damljanovic, A", "Goran Damljanovic, A", "Goran Damljanovic, A", "Goran Damljanovic, A", "K.Wiersema-Leicester", "P.Wielgorski-Loiano", "Liam Hardy pt5m", "Liam Hardy pt5m", "Liam Hardy pt5m", "Liam Hardy pt5m", "Liam Hardy pt5m", "Liam Hardy pt5m", "Liam Hardy pt5m", "Liam Hardy pt5m", "Liam Hardy pt5m", "Liam Hardy pt5m", "Liam Hardy pt5m", "P.Wielgorski-Loiano", "P.Wielgorski-Loiano", "P.Wielgorski-Loiano", "P.Wielgorski-Loiano", "P.Wielgorski-Loiano", "P.Wielgorski-Loiano", "P.Wielgorski-Loiano", "P.Wielgorski-Loiano", "P.Wielgorski-Loiano", "P.Wielgorski-Loiano", "P.Wielgorski-Loiano", "P.Wielgorski-Loiano", "P.Wielgorski-Loiano", "P.Wielgorski-Loiano", "P.Wielgorski-Loiano", "P.Wielgorski-Loiano", "P.Wielgorski-Loiano", "P.Wielgorski-Loiano", "P.Wielgorski-Loiano", "P.Wielgorski-Loiano", "P.Wielgorski-Loiano", "P.Wielgorski-Loiano", "P.Wielgorski-Loiano", "P.Wielgorski-Loiano", "P.Wielgorski-Loiano", "P.Wielgorski-Loiano", "P.Wielgorski-Loiano", "P.Wielgorski-Loiano", "Liam Hardy pt5m", "Mercator Geneva Grou", "Mercator Geneva Grou", "Mercator Geneva Grou", "Liam Hardy pt5m", "Mercator Geneva Grou", "Mercator Geneva Grou", "Mercator Geneva Grou", "Mercator Geneva Grou", "Mercator Geneva Grou", "Mercator Geneva Grou", "Mercator Geneva Grou", "Mercator Geneva Grou", "Mercator Geneva Grou", "Mercator Geneva Grou", "Mercator Geneva Grou", "Mercator Geneva Grou", "Liam Hardy pt5m", "Liam Hardy pt5m", "Liam Hardy pt5m", "Liam Hardy pt5m", "Mercator Geneva Grou", "Mercator Geneva Grou", "Mercator Geneva Grou"], "caliberr": [0.05123259872198105, 0.11141200363636017, 0.1704690009355545, 0.08267900347709656, 0.009999999776482582, 0.009999999776482582, 0.06843390315771103, 0.10127899795770645, 0.08429910242557526, 0.11971700191497803, 0.0817527025938034, 0.08043889701366425, 0.10655300319194794, 0.11510799825191498, 0.15831699967384338, 0.023159600794315338, 0.4664590060710907, 0.08652350306510925, 0.10711299628019333, 0.0637291967868805, 0.009999999776482582, 0.09333959966897964, 0.10298100113868713, 0.1241149976849556, 0.10304799675941467, 0.06347929686307907, 0.062097400426864624, 0.06434150040149689, 0.009999999776482582, 0.009999999776482582, 0.07005699723958969, 0.077634297311306, 0.04539500176906586, 0.06998220086097717, 0.07346659898757935, 0.010000200010836124, 0.07042250037193298, 0.009999999776482582, 0.043163999915122986, 0.01000049989670515, 0.010000400245189667, 0.010000299662351608, 0.04187440127134323, 0.059765398502349854, 0.056240200996398926, 0.11315999925136566, 0.09496960043907166, 0.050734300166368484, 0.10388699918985367, 0.12917500734329224, 0.13065500557422638, 0.11737100034952164, 0.009999999776482582, 0.009999999776482582, 0.009999999776482582, 0.4527220129966736, 0.10687900334596634, 0.050888799130916595, 0.19632500410079956, 0.093265101313591, 0.08352089673280716, 0.10603699833154678, 0.1687459945678711, 0.06939379870891571, 0.2578440010547638, 0.058991000056266785, 0.16026799380779266, 0.30338600277900696, 0.04311089962720871, 0.18820899724960327, 0.10475900024175644, 0.18316400051116943, 0.05911339819431305, 0.07478330284357071, 0.06940969824790955, 0.10986799746751785, 0.09736370295286179, 0.19065499305725098, 0.10917399823665619, 0.05679180100560188], "mag": [21.9955997467041, 18.303199768066406, 19.270599365234375, 18.731300354003906, 20.060800552368164, 19.55030059814453, 18.838499069213867, 19.069400787353516, 19.107200622558594, 18.972200393676758, 19.33989906311035, 21.850200653076172, 21.009000778198242, 21.827999114990234, 19.295799255371094, 17.800899505615234, 17.585399627685547, 19.30139923095703, 18.99180030822754, 18.783899307250977, 18.659799575805664, 19.00189971923828, 18.895000457763672, 19.066600799560547, 18.920000076293945, 17.81060028076172, 18.038799285888672, 18.012699127197266, 17.808799743652344, 17.81760025024414, 18.526100158691406, 18.52680015563965, 18.984699249267578, 18.929899215698242, 18.922000885009766, 18.496700286865234, 17.789100646972656, 17.893199920654297, 18.047000885009766, 18.447599411010742, 18.378299713134766, 18.322799682617188, 18.52280044555664, 18.59280014038086, 18.489200592041016, 18.184499740600586, 18.207399368286133, 18.0226993560791, 18.190500259399414, 18.372400283813477, 18.49690055847168, 18.40999984741211, 19.32859992980957, 19.323200225830078, 19.31839942932129, 18.196699142456055, 17.961000442504883, 22.514299392700195, 18.903400421142578, 18.143999099731445, 18.08489990234375, 17.872499465942383, 18.070999145507812, 22.180599212646484, 17.77549934387207, 19.839599609375, 18.261499404907227, 18.068599700927734, 19.90019989013672, 18.80940055847168, 17.9335994720459, 18.39859962463379, 20.02720069885254, 18.8125, 18.012800216674805, 17.71540069580078, 17.402999877929688, 18.708900451660156, 18.049999237060547, 20.491100311279297],