{"mjd": [57048.9754353], "magerr": [0.1103999987244606], "observatory": ["K.Wiersema-Leicester"], "mag": [18.325899124145508], "filter": ["V"], "catalog": ["APASS"], "caliberr": [0.019215300679206848]}