{"mjd": [57099.405097], "magerr": [0.0024999999441206455], "observatory": ["Euler Geneva Group"], "mag": [16.70170021057129], "filter": ["i"], "catalog": ["APASS"], "caliberr": [0.0858663022518158]}