{"mjd": [57460.8743304], "magerr": [0.10660000145435333], "alert_name": null, "observatory": ["K.Wiersema-Leicester"], "caliberr": [0.062307700514793396], "mag": [18.52199935913086], "catalog": ["APASS"], "filter": ["B"]}