{"mjd": [56906.7879, 56908.78243, 56915.8448365, 56916.843817, 56916.846135, 56916.8484538, 56917.845401, 56917.8498816, 56916.843817, 56916.846135, 56916.8484538, 56917.845401, 56917.8498816], "magerr": [0.02319999970495701, 0.06960000097751617, 0.03779999911785126, 0.01600000075995922, 0.01269999984651804, 0.009800000116229057, 0.02070000022649765, 0.02419999986886978, 0.014000000432133675, 0.01489999983459711, 0.01080000028014183, 0.01269999984651804, 0.016100000590085983], "observatory": ["Ostrowik 0.6m. Micha", "Ostrowik 0.6m. Micha", "Mercator, Lovro Pala", "Mercator, Lovro Pala", "Mercator, Lovro Pala", "Mercator, Lovro Pala", "Mercator, Lovro Pala", "Mercator, Lovro Pala", "Mercator, Lovro Pala", "Mercator, Lovro Pala", "Mercator, Lovro Pala", "Mercator, Lovro Pala", "Mercator, Lovro Pala"], "mag": [14.382100105285645, 16.10810089111328, 16.821199417114258, 16.86949920654297, 16.805599212646484, 16.90559959411621, 16.961000442504883, 16.89189910888672, 16.859600067138672, 17.126699447631836, 16.919599533081055, 16.586200714111328, 16.513399124145508], "filter": ["I", "I", "g", "g", "g", "g", "g", "g", "r", "r", "r", "r", "r"], "catalog": ["SDSS", "SDSS", "SDSS", "SDSS", "SDSS", "SDSS", "SDSS", "SDSS", "SDSS", "SDSS", "SDSS", "SDSS", "SDSS"], "caliberr": [0.1305599957704544, 0.06653600186109543, 0.28143900632858276, 0.20405499637126923, 0.3578140139579773, 0.1518149971961975, 0.16049200296401978, 0.21900999546051025, 0.13184800744056702, 0.20269599556922913, 0.2841919958591461, 0.143886998295784, 0.2063789963722229]}