{"mjd": [57167.9803091204, 57200.7204284144, 57207.7761270949, 57167.9855994097, 57167.9829708218, 57200.7231940046], "magerr": [0.04800000041723251, 0.17399999499320984, -1.0, 0.035999998450279236, 0.07999999821186066, 0.11299999803304672], "alert_name": null, "observatory": ["LCOGT Gaia Alerts Gr", "LCOGT Gaia Alerts Gr", "LCOGT Gaia Alerts Gr", "LCOGT Gaia Alerts Gr", "LCOGT Gaia Alerts Gr", "LCOGT Gaia Alerts Gr"], "caliberr": [0.022029399871826172, 0.009999999776482582, 0.05958620086312294, 0.03884829953312874, 0.010219399817287922, 0.026338700205087662], "mag": [17.93470001220703, 19.433300018310547, 19.37030029296875, 17.49519920349121, 17.585100173950195, 18.298999786376953], "catalog": ["APASS", "APASS", "APASS", "APASS", "APASS", "APASS"], "filter": ["g", "g", "g", "r", "i", "i"]}