{"mjd": [57040.179927, 57040.179927, 56954.739703], "magerr": [0.008500000461935997, 0.01510000042617321, 0.044199999421834946], "alert_name": null, "observatory": ["Heather Campbell", "Heather Campbell", "Loiano,M.Pawlak"], "caliberr": [0.12526200711727142, 0.009999999776482582, 0.4233280122280121], "mag": [19.157100677490234, 19.09510040283203, 19.028200149536133], "catalog": ["APASS", "APASS", "SDSS"], "filter": ["g", "r", "i"]}