{"mjd": [56916.8507049, 56916.8507049], "magerr": [-1.0, 0.2167000025510788], "alert_name": null, "observatory": ["Heather Campbell", "Heather Campbell"], "caliberr": [0.1456570029258728, 0.19744999706745148], "mag": [22.72949981689453, 21.739900588989258], "catalog": ["SDSS", "SDSS"], "filter": ["g", "r"]}