{"mjd": [57436.0150394, 57440.0363707, 57441.0252607], "magerr": [0.02669999934732914, 0.015799999237060547, 0.02329999953508377], "alert_name": null, "observatory": ["Euler Geneva Group", "Euler Geneva Group", "Euler Geneva Group"], "caliberr": [0.05562109872698784, 0.08075899630784988, 0.060065899044275284], "mag": [19.018299102783203, 19.037599563598633, 19.119300842285156], "catalog": ["APASS", "APASS", "APASS"], "filter": ["r", "r", "r"]}