{"mjd": [57072.1159490719, 57072.109803237, 57072.1282870322, 57072.112881951, 57072.1252083331, 57072.1221412048, 57072.1375463009, 57072.140625, 57072.1344675869, 57083.92404167, 57083.91764699, 57083.93008947, 57097.683, 57099.672, 57097.687, 57092.9593864, 57092.9629033, 57092.9664203, 57099.676, 57093.0219554, 57093.0289891, 57093.0254724, 57093.0010243, 57093.0045411, 57093.008058, 57092.9802207, 57092.9837376, 57099.668, 57092.9872546, 57097.679, 57095.743, 57095.739, 57095.735, 57093.699, 57093.695, 57093.691, 57091.687, 57091.683, 57091.68, 57077.659, 57069.652, 57081.625, 57081.623, 57079.632, 57065.704, 57059.606, 57053.658, 57053.657, 57079.634, 57079.633, 57069.65, 57059.605, 57077.658, 57077.657, 57067.774, 57059.604, 57067.773, 57069.651, 57057.612, 57057.611, 57067.775, 57065.706, 57065.705, 57109.9097759, 57109.9133075, 57109.916839, 57109.9425071, 57109.9460388, 57109.9495705, 57109.9317264, 57109.9352581, 57109.920938, 57109.9244695, 57109.9280014, 57109.9387903, 57110.9096817, 57133.97318113, 57110.9132132, 57133.97063368, 57057.613, 57110.9167449, 57133.97597222, 57055.618, 57055.617, 57110.9420666, 57055.616, 57110.9455985, 57110.9491302, 57110.931281, 57110.9348128, 57110.9383445, 57051.627, 57110.9204968, 57110.9240289, 57110.9275606, 57053.656, 57111.9097633, 57111.9421177, 57111.9456495, 57111.9313314, 57111.9348631, 57111.9383945, 57111.9205454, 57111.9240771, 57112.944894, 57111.927609, 57112.9089962, 57112.9125281, 57112.9160598, 57112.9413617, 57112.9484257, 57112.9305761, 57112.9341087, 57112.9376405, 57112.9197808, 57112.9233126, 57112.9268444, 57051.626, 57051.625, 57086.1361324, 57086.1361324], "magerr": [0.05590000003576279, 0.022199999541044235, 0.030899999663233757, 0.01140000019222498, 0.02590000070631504, 0.02539999969303608, 0.05829999968409538, 0.05220000073313713, -1.0, 0.04960000142455101, 0.05009999871253967, 0.05040000006556511, 0.0017999999690800905, 0.0020000000949949026, 0.002199999988079071, 0.012400000356137753, 0.011699999682605267, 0.012199999764561653, 0.0026000000070780516, 0.007400000002235174, 0.006899999920278788, 0.007000000216066837, 0.006500000134110451, 0.006399999838322401, 0.006500000134110451, 0.010499999858438969, 0.01080000028014183, 0.0026000000070780516, 0.010400000028312206, 0.002099999925121665, 0.002400000113993883, 0.002099999925121665, 0.0024999999441206455, 0.0024999999441206455, 0.002300000051036477, 0.0024999999441206455, 0.0027000000700354576, 0.0026000000070780516, 0.00279999990016222, 0.008799999952316284, 0.005200000014156103, 0.007300000172108412, 0.014100000262260437, 0.006399999838322401, 0.005200000014156103, 0.013899999670684338, 0.006800000090152025, 0.006000000052154064, 0.0066999997943639755, 0.006599999964237213, 0.004699999932199717, 0.010300000198185444, 0.009600000455975533, 0.006500000134110451, 0.00570000009611249, 0.016499999910593033, 0.00430000014603138, 0.00570000009611249, 0.01140000019222498, 0.01810000091791153, 0.004900000058114529, 0.0052999998442828655, 0.005400000140070915, 0.010099999606609344, 0.010499999858438969, 0.010499999858438969, 0.009999999776482582, 0.009499999694526196, 0.01119999960064888, 0.008100000210106373, 0.007799999788403511, 0.00989999994635582, 0.008999999612569809, 0.00860000029206276, 0.007699999958276749, 0.02070000022649765, 0.022299999371170998, 0.0203000009059906, 0.03929999843239784, 0.01730000041425228, 0.02019999921321869, 0.0544000007212162, 0.04430000111460686, 0.03920000046491623, 0.01889999955892563, 0.020800000056624413, 0.01850000023841858, 0.01489999983459711, 0.017000000923871994, 0.019500000402331352, 0.031599998474121094, 0.012400000356137753, 0.016200000420212746, 0.015200000256299973, 0.016899999231100082, 0.006800000090152025, 0.017899999395012856, 0.032499998807907104, 0.04490000009536743, 0.01730000041425228, 0.019600000232458115, 0.027799999341368675, 0.013500000350177288, 0.014100000262260437, 0.010200000368058681, 0.013000000268220901, 0.018799999728798866, 0.01810000091791153, 0.01549999974668026, 0.010599999688565731, 0.00930000003427267, 0.00930000003427267, 0.009200000204145908, 0.00930000003427267, 0.013899999670684338, 0.013899999670684338, 0.01269999984651804, 0.011900000274181366, 0.00800000037997961, 0.006500000134110451, 0.007699999958276749], "alert_name": null, "observatory": ["Goran Damljanovic, A", "Goran Damljanovic, A", "Goran Damljanovic, A", "Goran Damljanovic, A", "Goran Damljanovic, A", "Goran Damljanovic, A", "Goran Damljanovic, A", "Goran Damljanovic, A", "Goran Damljanovic, A", "K.Wiersema-Leicester", "K.Wiersema-Leicester", "K.Wiersema-Leicester", "Heather Campbell", "Heather Campbell", "Heather Campbell", "ObsMontsec-Umut Burg", "ObsMontsec-Umut Burg", "ObsMontsec-Umut Burg", "Heather Campbell", "ObsMontsec-Umut Burg", "ObsMontsec-Umut Burg", "ObsMontsec-Umut Burg", "ObsMontsec-Umut Burg", "ObsMontsec-Umut Burg", "ObsMontsec-Umut Burg", "ObsMontsec-Umut Burg", "ObsMontsec-Umut Burg", "Heather Campbell", "ObsMontsec-Umut Burg", "Heather Campbell", "Heather Campbell", "Heather Campbell", "Heather Campbell", "Heather Campbell", "Heather Campbell", "Heather Campbell", "Heather Campbell", "Heather Campbell", "Heather Campbell", "Heather Campbell", "Heather Campbell", "Heather Campbell", "Heather Campbell", "Heather Campbell", "Heather Campbell", "Heather Campbell", "Heather Campbell", "Heather Campbell", "Heather Campbell", "Heather Campbell", "Heather Campbell", "Heather Campbell", "Heather Campbell", "Heather Campbell", "Heather Campbell", "Heather Campbell", "Heather Campbell", "Heather Campbell", "Heather Campbell", "Heather Campbell", "Heather Campbell", "Heather Campbell", "Heather Campbell", "ObsMontsec-Umut Burg", "ObsMontsec-Umut Burg", "ObsMontsec-Umut Burg", "ObsMontsec-Umut Burg", "ObsMontsec-Umut Burg", "ObsMontsec-Umut Burg", "ObsMontsec-Umut Burg", "ObsMontsec-Umut Burg", "ObsMontsec-Umut Burg", "ObsMontsec-Umut Burg", "ObsMontsec-Umut Burg", "ObsMontsec-Umut Burg", "ObsMontsec-Umut Burg", "K.Wiersema-Leicester", "ObsMontsec-Umut Burg", "K.Wiersema-Leicester", "Heather Campbell", "ObsMontsec-Umut Burg", "K.Wiersema-Leicester", "Heather Campbell", "Heather Campbell", "ObsMontsec-Umut Burg", "Heather Campbell", "ObsMontsec-Umut Burg", "ObsMontsec-Umut Burg", "ObsMontsec-Umut Burg", "ObsMontsec-Umut Burg", "ObsMontsec-Umut Burg", "Heather Campbell", "ObsMontsec-Umut Burg", "ObsMontsec-Umut Burg", "ObsMontsec-Umut Burg", "Heather Campbell", "ObsMontsec-Umut Burg", "ObsMontsec-Umut Burg", "ObsMontsec-Umut Burg", "ObsMontsec-Umut Burg", "ObsMontsec-Umut Burg", "ObsMontsec-Umut Burg", "ObsMontsec-Umut Burg", "ObsMontsec-Umut Burg", "ObsMontsec-Umut Burg", "ObsMontsec-Umut Burg", "ObsMontsec-Umut Burg", "ObsMontsec-Umut Burg", "ObsMontsec-Umut Burg", "ObsMontsec-Umut Burg", "ObsMontsec-Umut Burg", "ObsMontsec-Umut Burg", "ObsMontsec-Umut Burg", "ObsMontsec-Umut Burg", "ObsMontsec-Umut Burg", "ObsMontsec-Umut Burg", "ObsMontsec-Umut Burg", "Heather Campbell", "Heather Campbell", "Heather Campbell", "Heather Campbell"],