{"mjd": [57124.8524529, 57124.8559845, 57124.8595162, 57124.8848059, 57124.8883377, 57124.8918694, 57124.874022, 57124.8775536, 57124.8810855, 57124.8632366, 57124.8667685, 57124.8703003, 57126.9553861, 57126.9553861, 57126.9553861, 57126.8548534, 57126.858385, 57126.8619168, 57126.8872032, 57126.8907351, 57126.8942674, 57126.8799527, 57126.8764207, 57126.8834848, 57126.8656352, 57126.869167, 57126.8726992, 57132.825995, 57132.884084, 57133.88068, 57127.9295994, 57133.895214, 57133.911173, 57127.9295994, 57127.9295994, 57133.865221, 57133.9259, 57127.8832545949, 57127.8963811111, 57127.9074428125, 57132.848177, 57132.89965, 57132.80404, 57132.868871, 57121.87872326, 57133.8680874, 57133.8716189, 57133.8751504, 57133.9101377, 57120.8505794, 57120.8541112, 57133.9136696, 57133.9172016, 57133.8916945, 57120.8576429, 57120.8913583, 57120.8948899, 57133.8954212, 57133.8989534, 57120.8984215, 57120.8804769, 57120.8840085, 57133.9024853, 57133.8846313, 57133.8881629, 57120.8875402, 57120.8648625, 57120.8683942, 57120.8719259, 57122.9723303, 57122.9723303, 57122.9723303, 57134.864755, 57134.879683, 57134.8647106, 57134.8682423, 57134.8717741, 57134.8846235, 57134.8881553, 57134.8916869, 57134.8954143, 57134.8989469, 57134.9024785, 57134.9101289, 57134.9171923, 57131.892743051, 57131.9036574364, 57131.9000231624, 57131.9182522893, 57131.910972178, 57131.9328356385, 57131.896377325, 57131.9146065116, 57131.9073264003, 57131.9219097495, 57131.9291898608, 57131.9255555272, 57123.9471821, 57123.9471821, 57123.9471821, 57121.8477128, 57121.8512445, 57121.854776, 57121.8800672, 57121.8835989, 57121.8871305, 57121.8763449, 57121.8584967, 57121.8620283, 57121.86556, 57123.8517953, 57123.8553272, 57123.8588586, 57123.8625802, 57123.8661123, 57123.8696439, 57123.8733645, 57123.8768964, 57123.8804284, 57123.8845298, 57123.8880615, 57123.8915931, 57118.8489789, 57118.8489789, 57118.8489789, 57121.9128156, 57121.9005912, 57121.9128156, 57125.0283704, 57125.0283704, 57122.944572, 57125.0283704, 57122.957569, 57122.950347, 57122.946019, 57122.947465, 57122.9489, 57122.951794, 57122.953241, 57122.954687, 57122.956134, 57122.959016, 57123.911701, 57123.913137, 57123.914583, 57123.917477, 57123.918912, 57123.91603, 57123.926146, 57123.920359, 57123.921806, 57123.923252, 57123.924699, 57123.927581, 57125.9424198, 57125.9424198, 57125.9424198], "magerr": [0.018300000578165054, 0.01860000006854534, 0.018400000408291817, 0.02160000056028366, 0.021199999377131462, 0.023399999365210533, 0.011500000022351742, 0.01140000019222498, 0.011800000444054604, 0.013399999588727951, 0.013899999670684338, 0.013299999758601189, 0.0035000001080334187, 0.07819999754428864, 0.00419999985024333, 0.042500000447034836, 0.04179999977350235, 0.03629999980330467, -1.0, -1.0, -1.0, 0.03280000016093254, 0.030400000512599945, 0.03060000017285347, 0.03290000185370445, 0.03500000014901161, 0.06310000270605087, 0.0052999998442828655, 0.0066999997943639755, 0.010400000028312206, 0.0617000013589859, 0.006300000008195639, 0.006500000134110451, 0.0032999999821186066, 0.003700000001117587, 0.005799999926239252, 0.005200000014156103, 0.022099999710917473, 0.01979999989271164, 0.03009999915957451, 0.004000000189989805, 0.005499999970197678, 0.006099999882280827, 0.004900000058114529, 0.05310000106692314, 0.028200000524520874, 0.02850000001490116, 0.02449999935925007, 0.04800000041723251, 0.016200000420212746, 0.014499999582767487, -1.0, -1.0, 0.01889999955892563, 0.014999999664723873, 0.018699999898672104, 0.01899999938905239, 0.02160000056028366, 0.027400000020861626, 0.019999999552965164, 0.010200000368058681, 0.010300000198185444, 0.040800001472234726, 0.021900000050663948, 0.017400000244379044, 0.010200000368058681, 0.012600000016391277, 0.012600000016391277, 0.013000000268220901, 0.09220000356435776, 0.006099999882280827, 0.005400000140070915, 0.006800000090152025, 0.007799999788403511, 0.025599999353289604, 0.024700000882148743, 0.024800000712275505, 0.045099999755620956, 0.02449999935925007, 0.017500000074505806, 0.012400000356137753, 0.012199999764561653, 0.011900000274181366, -1.0, -1.0, 0.060600001364946365, 0.027699999511241913, 0.01590000092983246, 0.02669999934732914, 0.02250000089406967, 0.03610000014305115, 0.021400000900030136, 0.01759999990463257, 0.06270000338554382, 0.06449999660253525, 0.01810000091791153, 0.02459999918937683, 0.0038999998942017555, 0.06549999862909317, 0.004100000020116568, 0.015699999406933784, 0.015399999916553497, 0.01549999974668026, 0.01940000057220459, 0.01860000006854534, 0.01810000091791153, 0.010200000368058681, 0.012900000438094139, 0.013000000268220901, 0.012799999676644802, 0.01720000058412552, 0.017400000244379044, 0.017100000753998756, 0.012600000016391277, 0.013000000268220901, 0.013000000268220901, 0.011800000444054604, 0.01889999955892563, 0.019500000402331352, 0.028599999845027924, 0.017799999564886093, 0.02889999933540821, 0.10679999738931656, 0.01759999990463257, 0.01119999960064888, 0.003599999938160181, 0.05350000038743019, 0.003800000064074993, 0.006200000178068876, 0.07989999651908875, 0.1314990073442459, 0.004800000227987766, 0.09513919800519943, 0.06702099740505219, -1.0, 0.05981370061635971, 0.06255169957876205, 0.05158010125160217, 0.046044301241636276, 0.04126879945397377, 0.04861709848046303, 0.10139399766921997, 0.12037099897861481, 0.10106299817562103, 0.09177560359239578, 0.058818601071834564, 0.0675233006477356, 0.05725710093975067, 0.08127260208129883, 0.04395420104265213, 0.04675750061869621, 0.043858300894498825, 0.08049660176038742, 0.08381900191307068, 0.10080000013113022, 0.004999999888241291, 0.004999999888241291],