{"mjd": [57220.4235344792, 57220.4287014815], "magerr": [0.028999999165534973, 0.027000000700354576], "alert_name": null, "observatory": ["LCOGT Gaia Alerts Gr", "LCOGT Gaia Alerts Gr"], "caliberr": [0.053660798817873, 0.0342680998146534], "mag": [18.468900680541992, 17.98740005493164], "catalog": ["APASS", "APASS"], "filter": ["g", "r"]}