{"mjd": [57099.4146806], "magerr": [-1.0], "observatory": ["Euler Geneva Group"], "mag": [25.803800582885742], "filter": ["r"], "catalog": ["APASS"], "caliberr": [0.07390809804201126]}