{"mjd": [57160.4349251], "magerr": [-1.0], "observatory": ["Euler Geneva Group"], "mag": [23.263399124145508], "filter": ["r"], "catalog": ["APASS"], "caliberr": [0.025178799405694008]}