{"mjd": [57138.0033101854, 57138.0179050928, 57138.0324884257, 57138.0069560185, 57138.0105902776, 57138.0215393519, 57138.025185185, 57138.0361342593, 57138.0397685184, 57138.0142361112, 57138.0288194446, 57138.043414352, 57144.01641238, 57135.011614, 57135.025902, 57135.040371, 57135.040371, 57122.0958555, 57125.1277845, 57127.1322797, 57128.1816742, 57121.1294922, 57124.1339358, 57121.1294922, 57122.0958555, 57123.1300987, 57123.1356418, 57124.1339358, 57125.1277845, 57126.1185478, 57127.1322797, 57128.1793576, 57128.1816742, 57121.1294922, 57122.0958555, 57123.1300987, 57123.1356418, 57124.1339358, 57125.1277845, 57126.1185478, 57127.1322797, 57128.1793576, 57128.1816742, 57122.3879905, 57125.4060791, 57129.3726122, 57131.3719972, 57132.3513159, 57134.3651794, 57148.167298, 57148.1699656, 57148.1735759, 57148.1761774, 57148.167298, 57148.1699656, 57148.1735759, 57148.1761774, 57148.167298, 57148.1699656, 57148.1735759, 57148.1761774], "magerr": [0.030799999833106995, 0.032600000500679016, 0.03790000081062317, 0.014100000262260437, 0.011800000444054604, 0.014100000262260437, 0.01119999960064888, 0.01549999974668026, 0.011300000362098217, 0.018300000578165054, 0.018300000578165054, 0.017000000923871994, 0.1143999993801117, 0.005900000222027302, 0.005100000184029341, 0.01119999960064888, 0.010300000198185444, -1.0, 0.09709999710321426, 0.07649999856948853, 0.07660000026226044, 0.188400000333786, 0.12120000272989273, 0.01140000019222498, 0.01140000019222498, 0.06260000169277191, 0.012500000186264515, 0.006099999882280827, 0.00430000014603138, 0.004600000102072954, 0.003599999938160181, 0.004100000020116568, 0.004399999976158142, 0.006000000052154064, 0.006099999882280827, 0.03869999945163727, 0.0071000000461936, 0.003700000001117587, 0.0032999999821186066, 0.004399999976158142, 0.0032999999821186066, 0.0032999999821186066, 0.0034000000450760126, 0.0026000000070780516, 0.0024999999441206455, 0.002099999925121665, 0.0020000000949949026, 0.009700000286102295, 0.0026000000070780516, -1.0, -1.0, -1.0, -1.0, 0.06300000101327896, 0.022299999371170998, 0.026100000366568565, 0.02710000053048134, 0.03139999881386757, 0.010999999940395355, 0.01269999984651804, 0.013399999588727951], "alert_name": null, "observatory": ["Goran Damljanovic, A", "Goran Damljanovic, A", "Goran Damljanovic, A", "Goran Damljanovic, A", "Goran Damljanovic, A", "Goran Damljanovic, A", "Goran Damljanovic, A", "Goran Damljanovic, A", "Goran Damljanovic, A", "Goran Damljanovic, A", "Goran Damljanovic, A", "Goran Damljanovic, A", "K.Wiersema-Leicester", "K.Ilkiewicz-Loiano", "K.Ilkiewicz-Loiano", "K.Ilkiewicz-Loiano", "K.Ilkiewicz-Loiano", "Mercator Geneva Grou", "Mercator Geneva Grou", "Mercator Geneva Grou", "Mercator Geneva Grou", "Mercator Geneva Grou", "Mercator Geneva Grou", "Mercator Geneva Grou", "Mercator Geneva Grou", "Mercator Geneva Grou", "Mercator Geneva Grou", "Mercator Geneva Grou", "Mercator Geneva Grou", "Mercator Geneva Grou", "Mercator Geneva Grou", "Mercator Geneva Grou", "Mercator Geneva Grou", "Mercator Geneva Grou", "Mercator Geneva Grou", "Mercator Geneva Grou", "Mercator Geneva Grou", "Mercator Geneva Grou", "Mercator Geneva Grou", "Mercator Geneva Grou", "Mercator Geneva Grou", "Mercator Geneva Grou", "Mercator Geneva Grou", "Euler Geneva Group", "Euler Geneva Group", "Euler Geneva Group", "Euler Geneva Group", "Euler Geneva Group", "Euler Geneva Group", "Anna Hourihane", "Anna Hourihane", "Anna Hourihane", "Anna Hourihane", "Anna Hourihane", "Anna Hourihane", "Anna Hourihane", "Anna Hourihane", "Anna Hourihane", "Anna Hourihane", "Anna Hourihane", "Anna Hourihane"], "caliberr": [0.0692925974726677, 0.0701925978064537, 0.0756371021270752, 0.11148100346326828, 0.1030300036072731, 0.10947100073099136, 0.0999877005815506, 0.11199299991130829, 0.09794110059738159, 0.1167450025677681, 0.11205500364303589, 0.10623600333929062, 0.053688500076532364, 0.08823119848966599, 0.08110170066356659, 0.08732639998197556, 0.11982200294733047, 0.4560979902744293, 0.45119601488113403, 0.49169400334358215, 0.4669710099697113, 0.4036239981651306, 0.4340989887714386, 0.08013959974050522, 0.06461469829082489, 0.03738269954919815, 0.0514954999089241, 0.07420840114355087, 0.07786030322313309, 0.05907360091805458, 0.057800401002168655, 0.063223697245121, 0.05950609967112541, 0.0595552995800972, 0.05966849997639656, 0.040538400411605835, 0.05001100152730942, 0.05449739843606949, 0.049675099551677704, 0.04840410128235817, 0.11260800063610077, 0.090317502617836, 0.08029759675264359, 0.1923460066318512, 0.09654069691896439, 0.05869219824671745, 0.08281529694795609, 0.05372299998998642, 0.06570059806108475, 0.2834109961986542, 0.36365100741386414, 0.3170880079269409, 0.32975301146507263, 0.0397627018392086, 0.039292801171541214, 0.0699618011713028, 0.06796509772539139, 0.05843589827418327, 0.05558190122246742, 0.07223930209875107, 0.0674917995929718], "mag": [18.751699447631836, 18.88629913330078, 18.85300064086914, 17.57830047607422, 17.606599807739258, 17.533700942993164, 17.63010025024414, 17.542400360107422, 17.644399642944336, 17.363000869750977, 17.388599395751953, 17.38610076904297, 16.680599212646484, 17.13290023803711, 17.116300582885742, 17.214099884033203, 16.77519989013672, 21.033700942993164, 18.218299865722656, 17.744300842285156, 18.40530014038086, 19.316699981689453, 18.81559944152832, 18.225299835205078, 18.17300033569336, 18.037099838256836, 17.85449981689453, 18.236099243164062, 18.22100067138672, 17.877099990844727, 18.220699310302734, 18.288000106811523, 18.305700302124023, 17.484100341796875, 17.48979949951172, 17.117799758911133, 17.098499298095703, 17.506799697875977, 17.489099502563477, 17.103700637817383, 17.450199127197266, 17.50510025024414, 17.530899047851562, 17.488100051879883, 17.536100387573242, 17.057300567626953, 17.03190040588379, 17.536300659179688, 17.51490020751953, 18.23550033569336, 18.486400604248047, 19.43720054626465, 21.574899673461914, 18.319599151611328, 18.281700134277344, 18.237899780273438, 18.26689910888672, 17.510799407958984, 17.51799964904785, 17.486499786376953, 17.48940086364746], "catalog": ["APASS", "APASS", "APASS", "APASS", "APASS", "APASS", "APASS", "APASS", "APASS", "APASS", "APASS", "APASS", "APASS", "APASS", "APASS", "APASS", "APASS", "USNO", "USNO", "USNO", "USNO", "APASS", "APASS", "APASS", "APASS", "APASS", "APASS", "APASS", "APASS", "APASS", "APASS", "APASS", "APASS", "APASS", "APASS", "APASS", "APASS", "APASS", "APASS", "APASS", "APASS", "APASS", "APASS", "APASS", "APASS", "APASS", "APASS", "APASS", "APASS", "APASS", "APASS", "APASS", "APASS", "APASS", "APASS", "APASS", "APASS", "APASS", "APASS", "APASS", "APASS"], "filter": ["B", "B", "B", "r", "r", "r", "r", "r", "r", "i", "i", "i", "r", "r", "r", "r", "i", "B1pg", "B1pg", "B1pg", "B1pg", "B", "B", "g", "g", "g", "g", "g", "g", "g", "g", "g", "g", "r", "r", "r", "r", "r", "r", "r", "r", "r", "r", "r", "r", "r", "r", "r", "r", "B", "B", "B", "B", "g", "g", "g", "g", "r", "r", "r", "r"]}