{"mjd": [57127.01585556], "magerr": [-1.0], "observatory": ["K.Wiersema-Leicester"], "mag": [19.051000595092773], "filter": ["V"], "catalog": ["APASS"], "caliberr": [0.009999999776482582]}