{"mjd": [56063.1693014652, 56055.1881285161, 56063.1747777313, 56055.1918700486, 56063.1784329861], "magerr": [0.019600000232458115, -1.0, 0.01600000075995922, -1.0, 0.023800000548362732], "observatory": ["RichardAndersonEuler", "RichardAndersonEuler", "RichardAndersonEuler", "RichardAndersonEuler", "RichardAndersonEuler"], "mag": [18.961299896240234, 24.556499481201172, 18.674299240112305, 26.669200897216797, 18.47130012512207], "filter": ["B", "r", "r", "i", "i"], "catalog": ["APASS", "APASS", "APASS", "APASS", "APASS"], "caliberr": [0.018828699365258217, 0.07587370276451111, 0.06874780356884003, 0.1017260029911995, 0.03975670039653778]}