{"mjd": [57457.2185449305, 57457.2233111574, 57457.2273733912], "magerr": [0.010599999688565731, 0.010499999858438969, 0.01640000008046627], "alert_name": null, "observatory": ["LCOGT Gaia Alerts Gr", "LCOGT Gaia Alerts Gr", "LCOGT Gaia Alerts Gr"], "caliberr": [0.06575410068035126, 0.062004201114177704, 0.09422709792852402], "mag": [18.601600646972656, 18.17460060119629, 18.338499069213867], "catalog": ["APASS", "APASS", "APASS"], "filter": ["g", "r", "i"]}