{"mjd": [57012.701, 57040.16756, 57047.085469], "magerr": [-1.0, -1.0, -1.0], "alert_name": null, "observatory": ["Heather Campbell", "K.Ilkiewicz-Loiano", "K.Ilkiewicz-Loiano"], "caliberr": [0.18848200142383575, 0.3035300076007843, 0.38835400342941284], "mag": [23.25819969177246, 22.6781005859375, 20.455799102783203], "catalog": ["SDSS", "SDSS", "SDSS"], "filter": ["r", "r", "i"]}