{"mjd": [57450.93861, 57450.945731, 57450.952843, 57453.00385, 57453.018077, 57456.08891, 57456.096023, 57456.103132, 57458.098754, 57458.101209, 57458.108322, 57453.010967], "magerr": [-1.0, -1.0, -1.0, -1.0, -1.0, -1.0, -1.0, -1.0, -1.0, -1.0, -1.0, -1.0], "observatory": ["OmicronC2PU JPRivet", "OmicronC2PU JPRivet", "OmicronC2PU JPRivet", "OmicronC2PU JPRivet", "OmicronC2PU JPRivet", "OmicronC2PU JPRivet", "OmicronC2PU JPRivet", "OmicronC2PU JPRivet", "OmicronC2PU JPRivet", "OmicronC2PU JPRivet", "OmicronC2PU JPRivet", "OmicronC2PU JPRivet"], "mag": [23.14620018005371, 22.570100784301758, 22.651599884033203, 22.566699981689453, 22.44930076599121, 22.755599975585938, 22.544700622558594, 22.521499633789062, 22.048200607299805, 22.568700790405273, 22.33370018005371, 22.134300231933594], "filter": ["r", "r", "r", "r", "r", "r", "r", "r", "r", "r", "r", "R"], "catalog": ["SDSS", "SDSS", "SDSS", "SDSS", "SDSS", "SDSS", "SDSS", "SDSS", "SDSS", "SDSS", "SDSS", "SDSS"], "caliberr": [0.446058988571167, 0.403425008058548, 0.4521160125732422, 0.19733299314975739, 0.23117700219154358, 0.2688960134983063, 0.26300498843193054, 0.222680002450943, 0.2929129898548126, 0.2869440019130707, 0.26876100897789, 0.2531009912490845]}