{"mjd": [56919.2608701, 56919.2608701, 56919.2608701], "magerr": [0.08449999988079071, 0.05339999869465828, -1.0], "observatory": ["Mercator, Lovro Pala", "Mercator, Lovro Pala", "Mercator, Lovro Pala"], "mag": [17.61090087890625, 17.481300354003906, 19.356599807739258], "filter": ["g", "r", "i"], "catalog": ["APASS", "APASS", "APASS"], "caliberr": [0.009999999776482582, 0.05228450149297714, 0.2133380025625229]}