{"mjd": [55794.27831, 55794.28264, 55866.0351, 55866.03943, 55866.03136, 55794.27456], "magerr": [-1.0, -1.0, -1.0, -1.0, -1.0, -1.0], "alert_name": null, "observatory": ["Alex Ball-SMARTS1.3", "Alex Ball-SMARTS1.3", "Alex Ball-SMARTS1.3", "Alex Ball-SMARTS1.3", "Alex Ball-SMARTS1.3", "Alex Ball-SMARTS1.3"], "caliberr": [0.009999999776482582, 0.009999999776482582, 0.009999999776482582, 0.01000010035932064, 0.07208029925823212, 0.08258459717035294], "mag": [22.69860076904297, 22.208799362182617, 23.457000732421875, 23.335100173950195, 22.40530014038086, 22.094600677490234], "catalog": ["APASS", "APASS", "APASS", "APASS", "APASS", "APASS"], "filter": ["B", "B", "B", "B", "V", "i"]}