{"mjd": [55853.16373, 55865.14342, 55853.15941, 55865.1391, 55853.15566, 55865.13535], "magerr": [0.05420000106096268, 0.10189999639987946, 0.04580000042915344, 0.08500000089406967, 0.05770000070333481, 0.07349999994039536], "observatory": ["Alex Ball-SMARTS1.3", "Alex Ball-SMARTS1.3", "Alex Ball-SMARTS1.3", "Alex Ball-SMARTS1.3", "Alex Ball-SMARTS1.3", "Alex Ball-SMARTS1.3"], "mag": [20.71269989013672, 21.52120018005371, 19.738100051879883, 20.565099716186523, 19.65049934387207, 20.065500259399414], "filter": ["B", "B", "V", "V", "r", "r"], "catalog": ["APASS", "APASS", "APASS", "APASS", "APASS", "APASS"], "caliberr": [0.009999999776482582, 0.009999999776482582, 0.010001299902796745, 0.010000799782574177, 0.06131180003285408, 0.09066739678382874]}