{"mjd": [57100.041333, 57100.075188, 57100.052499, 57100.086268, 57122.04390625, 57104.9935351852, 57104.9828519792, 57105.0042287269, 57105.0256402315, 57122.0562102778, 57085.1545247, 57085.1545247, 57085.1545247, 57099.654, 57125.524, 57133.555, 57137.499, 57141.506, 57125.532, 57133.562, 57137.507, 57141.514, 57129.5, 57113.509, 57121.622, 57129.504, 57133.558, 57137.503, 57141.51, 57080.71, 57082.616, 57095.668, 57097.669, 57099.658, 57113.505, 57121.618, 57125.528, 57080.714, 57082.621, 57095.664, 57095.671, 57097.665, 57097.673, 57099.661, 57113.501, 57121.614, 57129.496, 57080.712, 57082.618, 57100.9417480903, 57100.9265326505, 57087.9609704745, 57087.9755838773, 57100.9342261343, 57087.9682782755, 57133.081044, 57133.625555, 57134.115044, 57133.603544, 57069.278826, 57069.278826, 57149.1294657, 57149.1379534, 57149.1481299, 57149.161246, 57149.1260134, 57149.1294657, 57149.1379534, 57149.1481299, 57149.161246, 57149.1260134, 57149.1294657, 57149.1379534, 57149.1481299, 57149.161246], "magerr": [0.019899999722838402, 0.019700000062584877, 0.04910000041127205, 0.05380000174045563, -1.0, 0.06279999762773514, 0.061400000005960464, 0.05040000006556511, 0.048900000751018524, 0.04399999976158142, -1.0, 0.04919999837875366, 0.03530000150203705, 0.017400000244379044, 0.02979999966919422, 0.03240000084042549, 0.03759999945759773, 0.055399999022483826, 0.04309999942779541, 0.05649999901652336, 0.060499999672174454, 0.06800000369548798, 0.035599999129772186, 0.05950000137090683, 0.05469999834895134, 0.044599998742341995, 0.03539999946951866, 0.04619999974966049, 0.07190000265836716, 0.012000000104308128, 0.03799999877810478, 0.026599999517202377, 0.020500000566244125, 0.02410000003874302, 0.10000000149011612, 0.0738999992609024, 0.032600000500679016, 0.012799999676644802, 0.029500000178813934, 0.017400000244379044, 0.023399999365210533, 0.015599999576807022, 0.022099999710917473, 0.02590000070631504, 0.07159999758005142, 0.04919999837875366, 0.0333000011742115, 0.039799999445676804, 0.05299999937415123, 0.04699999839067459, 0.1080000028014183, -1.0, 0.11900000274181366, 0.07400000095367432, -1.0, 0.03319999948143959, 0.054499998688697815, 0.05810000002384186, 0.09030000120401382, 0.005400000140070915, 0.007300000172108412, -1.0, -1.0, -1.0, -1.0, -1.0, -1.0, -1.0, -1.0, -1.0, -1.0, -1.0, -1.0, -1.0, -1.0], "observatory": ["GiuseppeAltavillaLoi", "GiuseppeAltavillaLoi", "GiuseppeAltavillaLoi", "GiuseppeAltavillaLoi", "Werner Zeilinger, 1.", "Werner Zeilinger, 1.", "Werner Zeilinger, 1.", "Werner Zeilinger, 1.", "Werner Zeilinger, 1.", "Werner Zeilinger, 1.", "Heather Campbell", "Heather Campbell", "Heather Campbell", "Heather Campbell", "Heather Campbell", "Heather Campbell", "Heather Campbell", "Heather Campbell", "Heather Campbell", "Heather Campbell", "Heather Campbell", "Heather Campbell", "Heather Campbell", "Heather Campbell", "Heather Campbell", "Heather Campbell", "Heather Campbell", "Heather Campbell", "Heather Campbell", "Heather Campbell", "Heather Campbell", "Heather Campbell", "Heather Campbell", "Heather Campbell", "Heather Campbell", "Heather Campbell", "Heather Campbell", "Heather Campbell", "Heather Campbell", "Heather Campbell", "Heather Campbell", "Heather Campbell", "Heather Campbell", "Heather Campbell", "Heather Campbell", "Heather Campbell", "Heather Campbell", "Heather Campbell", "Heather Campbell", "LCOGT Gaia Alerts Gr", "LCOGT Gaia Alerts Gr", "LCOGT Gaia Alerts Gr", "LCOGT Gaia Alerts Gr", "LCOGT Gaia Alerts Gr", "LCOGT Gaia Alerts Gr", "K.Ilkiewicz-Loiano", "K.Ilkiewicz-Loiano", "K.Ilkiewicz-Loiano", "K.Ilkiewicz-Loiano", "Mercator Geneva Grou", "Mercator Geneva Grou", "Anna Hourihane", "Anna Hourihane", "Anna Hourihane", "Anna Hourihane", "Anna Hourihane", "Anna Hourihane", "Anna Hourihane", "Anna Hourihane", "Anna Hourihane", "Anna Hourihane", "Anna Hourihane", "Anna Hourihane", "Anna Hourihane", "Anna Hourihane"], "mag": [19.327899932861328, 19.228500366210938, 18.986900329589844, 19.059200286865234, 21.79680061340332, 18.90250015258789, 18.897899627685547, 18.752300262451172, 18.499000549316406, 18.04170036315918, 22.3125, 18.893699645996094, 18.75860023498535, 19.10849952697754, 19.542499542236328, 19.875900268554688, 20.010700225830078, 19.928199768066406, 19.75819969177246, 20.00279998779297, 20.059099197387695, 19.91670036315918, 20.617900848388672, 19.695999145507812, 19.675600051879883, 19.88290023803711, 20.085500717163086, 19.799100875854492, 20.02669906616211, 18.869400024414062, 18.634199142456055, 19.676300048828125, 19.749000549316406, 19.707599639892578, 20.311599731445312, 20.048599243164062, 20.286300659179688, 18.669200897216797, 18.485000610351562, 18.947099685668945, 19.136999130249023, 19.03219985961914, 19.08609962463379, 19.028499603271484, 19.50909996032715, 19.531999588012695, 19.62689971923828, 19.06599998474121, 18.928300857543945, 19.603599548339844, 20.795000076293945, 20.283599853515625, 18.992399215698242, 19.608800888061523, 20.085100173950195, 20.253799438476562, 20.405399322509766, 20.45039939880371, 19.81369972229004, 18.221200942993164, 18.288000106811523, 19.922800064086914, 20.92329978942871, 23.078899383544922, 21.391000747680664, 19.142799377441406, 21.418899536132812, 21.712400436401367, 21.66670036315918, 21.811399459838867, 20.965299606323242, 22.767000198364258, 25.49650001525879, 25.343000411987305, 28.97719955444336], "filter": ["r", "r", "i", "i", "g", "r", "r", "r", "r", "r", "u", "g", "r", "r", "r", "r", "r", "r", "i", "i", "i", "i", "B", "V", "V", "V", "V", "V", "V", "g", "g", "g", "g", "g", "g", "g", "g", "r", "r", "r", "r", "r", "r", "r", "r", "r", "r", "i", "i", "r", "B2pg", "g", "r", "r", "i", "r", "r", "r", "i", "g", "r", "u", "u", "u", "u", "g", "g", "g", "g", "g", "r", "r", "r", "r", "r"], "catalog": ["SDSS", "SDSS", "APASS", "APASS", "SDSS", "SDSS", "APASS", "APASS", "APASS", "APASS", "SDSS", "SDSS", "SDSS", "SDSS", "SDSS", "SDSS", "SDSS", "SDSS", "SDSS", "SDSS", "SDSS", "SDSS", "APASS", "APASS", "APASS", "APASS", "APASS", "APASS", "APASS", "APASS", "APASS", "APASS", "APASS", "APASS", "APASS", "APASS", "APASS", "APASS", "APASS", "APASS", "APASS", "APASS", "APASS", "APASS", "APASS", "APASS", "APASS", "APASS", "APASS", "SDSS", "USNO", "APASS", "APASS", "APASS", "APASS", "SDSS", "SDSS", "APASS", "APASS", "SDSS", "SDSS", "SDSS", "SDSS", "SDSS", "SDSS", "SDSS", "SDSS", "SDSS", "SDSS", "SDSS", "SDSS", "SDSS", "SDSS", "SDSS", "SDSS"],