{"mjd": [56917.2457539, 56917.2457539, 56917.2457539, 56920.923388, 56924.037507, 56920.9, 56924.042171, 56920.918718, 56924.046035, 56927.0015, 56927.955327, 56927.003711, 56927.957549, 56927.00552, 56927.959354], "magerr": [-1.0, -1.0, -1.0, 0.07599999755620956, 0.06499999761581421, 0.07900000363588333, 0.07500000298023224, 0.11599999666213989, 0.09700000286102295, 0.10300000011920929, 0.08500000089406967, 0.125, 0.10199999809265137, 0.15000000596046448, 0.13600000739097595], "observatory": ["Heather Campbell", "Heather Campbell", "Heather Campbell", "Loiano,K.Ulaczyk", "Loiano,K.Ulaczyk", "Loiano,K.Ulaczyk", "Loiano,K.Ulaczyk", "Loiano,K.Ulaczyk", "Loiano,K.Ulaczyk", "Loiano,K.Ulaczyk", "Loiano,K.Ulaczyk", "Loiano,K.Ulaczyk", "Loiano,K.Ulaczyk", "Loiano,K.Ulaczyk", "Loiano,K.Ulaczyk"], "mag": [22.694900512695312, 22.930099487304688, 24.187299728393555, 15.472700119018555, 15.569700241088867, 15.214300155639648, 15.16189956665039, 15.25879955291748, 15.204899787902832, 15.553899765014648, 15.559599876403809, 14.844499588012695, 15.07919979095459, 14.761300086975098, 14.826700210571289], "filter": ["B1pg", "g", "r", "g", "g", "r", "r", "i", "i", "g", "g", "r", "r", "i", "i"], "catalog": ["USNO", "APASS", "APASS", "SDSS", "SDSS", "SDSS", "SDSS", "SDSS", "SDSS", "APASS", "APASS", "APASS", "APASS", "APASS", "APASS"], "caliberr": [0.46903398633003235, 0.009999999776482582, 0.022254599258303642, 0.07936830073595047, 0.08889210224151611, 0.10565000027418137, 0.12887099385261536, 0.20273399353027344, 0.2746469974517822, 0.05580639839172363, 0.043725401163101196, 0.03398289903998375, 0.04978629946708679, 0.1810940057039261, 0.18166600167751312]}