{"mjd": [57146.9189489, 57146.9213962, 57146.9264277, 57146.9352527, 57146.9189489, 57146.9213962, 57146.9264277, 57146.9352527, 57146.9189489, 57146.9213962, 57146.9264277, 57146.9352527], "magerr": [-1.0, -1.0, -1.0, -1.0, -1.0, -1.0, -1.0, -1.0, -1.0, -1.0, -1.0, -1.0], "alert_name": null, "observatory": ["Anna Hourihane", "Anna Hourihane", "Anna Hourihane", "Anna Hourihane", "Anna Hourihane", "Anna Hourihane", "Anna Hourihane", "Anna Hourihane", "Anna Hourihane", "Anna Hourihane", "Anna Hourihane", "Anna Hourihane"], "caliberr": [0.06442510336637497, 0.06425079703330994, 0.07602839916944504, 0.05032319948077202, 0.04541809856891632, 0.06463129818439484, 0.05002100020647049, 0.055119700729846954, 0.07463110238313675, 0.08600480109453201, 0.07057370245456696, 0.0801767036318779], "mag": [17.36079978942871, 20.07360076904297, 19.71980094909668, 23.263599395751953, 19.21579933166504, 20.821699142456055, 21.089799880981445, 21.10700035095215, 21.257200241088867, 22.2406005859375, 23.662599563598633, 23.578800201416016], "catalog": ["SDSS", "SDSS", "SDSS", "SDSS", "SDSS", "SDSS", "SDSS", "SDSS", "SDSS", "SDSS", "SDSS", "SDSS"], "filter": ["u", "u", "u", "u", "g", "g", "g", "g", "r", "r", "r", "r"]}