{"mjd": [55673.05604, 55641.26275, 55673.06784, 55641.26702, 55642.18872, 55673.05987, 55641.26909, 55642.18709, 55642.19136, 55642.19343, 55673.07339], "magerr": [0.04470000043511391, -1.0, 0.042500000447034836, 0.05790000036358833, 0.1437000036239624, 0.03680000081658363, -1.0, 0.09759999811649323, 0.1088000014424324, 0.10239999741315842, 0.04089999943971634], "observatory": ["Alex Ball-SMARTS1.3", "Alex Ball-SMARTS1.3", "Alex Ball-SMARTS1.3", "Alex Ball-SMARTS1.3", "Alex Ball-SMARTS1.3", "Alex Ball-SMARTS1.3", "Alex Ball-SMARTS1.3", "Alex Ball-SMARTS1.3", "Alex Ball-SMARTS1.3", "Alex Ball-SMARTS1.3", "Alex Ball-SMARTS1.3"], "mag": [19.056900024414062, 20.51580047607422, 19.58060073852539, 19.5226993560791, 19.906700134277344, 19.802799224853516, 20.79290008544922, 19.241199493408203, 19.158899307250977, 19.341999053955078, 19.14739990234375], "filter": ["R", "R1pg", "V", "g", "g", "g", "r", "r", "r", "r", "r"], "catalog": ["SDSS", "USNO", "APASS", "APASS", "APASS", "APASS", "APASS", "APASS", "APASS", "APASS", "APASS"], "caliberr": [0.07695099711418152, 0.07819879800081253, 0.009999999776482582, 0.009999999776482582, 0.010013800114393234, 0.009999999776482582, 0.03267659991979599, 0.079414002597332, 0.044245701283216476, 0.0905522033572197, 0.0753583014011383]}