{"mjd": [57121.9904777, 57125.9865336, 57129.9725842, 57131.994395, 57133.9862094], "magerr": [-1.0, -1.0, -1.0, -1.0, -1.0], "alert_name": null, "observatory": ["Euler Geneva Group", "Euler Geneva Group", "Euler Geneva Group", "Euler Geneva Group", "Euler Geneva Group"], "caliberr": [0.09597180038690567, 0.11501000076532364, 0.08450769633054733, 0.15217800438404083, 0.035262398421764374], "mag": [25.35460090637207, 26.476499557495117, 27.5044002532959, 26.609399795532227, 25.505800247192383], "catalog": ["APASS", "APASS", "APASS", "APASS", "APASS"], "filter": ["r", "r", "r", "r", "r"]}