{"mjd": [57444.2547238426], "magerr": [0.019899999722838402], "alert_name": null, "observatory": ["LCOGT Gaia Alerts Gr"], "caliberr": [0.13365299999713898], "mag": [16.32469940185547], "catalog": ["APASS"], "filter": ["i"]}