{"mjd": [57166.98054861, 57182.996031, 57182.975359, 57182.983506], "magerr": [-1.0, -1.0, -1.0, -1.0], "observatory": ["K.Wiersema-Leicester", "P.Wielgorski-Loiano", "P.Wielgorski-Loiano", "P.Wielgorski-Loiano"], "mag": [19.856800079345703, 21.460100173950195, 21.357200622558594, 20.427600860595703], "filter": ["B", "g", "r", "i"], "catalog": ["APASS", "APASS", "APASS", "APASS"], "caliberr": [0.05652330070734024, 0.025847600772976875, 0.07455170154571533, 0.0813731998205185]}