{"mjd": [57191.1836935995, 57197.8195407176, 57197.8267821296], "magerr": [0.08299999684095383, 0.057999998331069946, 0.05700000002980232], "alert_name": null, "observatory": ["LCOGT Gaia Alerts Gr", "LCOGT Gaia Alerts Gr", "LCOGT Gaia Alerts Gr"], "caliberr": [0.35971799492836, 0.04638399928808212, 0.08458240330219269], "mag": [18.286300659179688, 19.989200592041016, 19.04840087890625], "catalog": ["USNO", "APASS", "APASS"], "filter": ["Ipg", "g", "i"]}