{"mjd": [57453.0365153], "magerr": [0.07360000163316727], "alert_name": null, "observatory": ["K.Wiersema-Leicester"], "caliberr": [0.14587299525737762], "mag": [18.88949966430664], "catalog": ["APASS"], "filter": ["B"]}