{"mjd": [57274.9770920023, 57282.5843115162, 57283.3597052083, 57283.3742417593, 57276.9705111458, 57283.3669905903], "magerr": [0.032999999821186066, 0.0, 0.0, 0.0, 0.13899999856948853, 0.0], "alert_name": null, "observatory": ["LCOGT Gaia Alerts Gr", "LCOGT Gaia Alerts Gr", "LCOGT Gaia Alerts Gr", "LCOGT Gaia Alerts Gr", "LCOGT Gaia Alerts Gr", "LCOGT Gaia Alerts Gr"], "caliberr": [0.06039109826087952, 0.027553699910640717, 0.028683800250291824, 0.02390190027654171, 0.03307940065860748, 0.07423970103263855], "mag": [18.525800704956055, 17.704200744628906, 17.9060001373291, 17.557100296020508, 18.551000595092773, 17.497299194335938], "catalog": ["APASS", "APASS", "APASS", "APASS", "APASS", "APASS"], "filter": ["g", "g", "g", "r", "i", "i"]}