{"mjd": [57105.9056452431, 57105.9169028935, 57105.9278424537, 57105.9386590509, 57126.995494, 57126.995494, 57126.8985593, 57126.9020914, 57126.9056234, 57126.9309037, 57126.9379685, 57126.9344359, 57126.9201224, 57126.9236546, 57126.9271868, 57126.9093512, 57126.9128836, 57126.9164159, 57132.8632707, 57132.8668022, 57132.8703338, 57132.8995727, 57132.9031045, 57132.9066362, 57132.8953176, 57132.8740552, 57132.8775868, 57132.8811187, 57132.8882543, 57132.891786, 57129.8633866, 57129.8669183, 57129.8704499, 57129.8971938, 57129.9007258, 57129.8776673, 57129.881199, 57129.8847305, 57131.8694101, 57131.8729419, 57131.8764736, 57131.9209935, 57131.9245251, 57131.9280566, 57131.9025312, 57131.9060629, 57127.9397939, 57127.9397939, 57131.9095945, 57131.8840882, 57127.9397939, 57131.8876197, 57131.8911514, 57127.8418537731, 57127.8544753472, 57127.8657829861, 57122.9897257, 57122.9939525, 57134.8629726042, 57142.3124239, 57122.9939525, 57122.9897257, 57134.8511551852, 57122.9897257, 57124.0304361, 57124.0304361, 57121.8591116319, 57121.873097037, 57121.8839443981, 57146.8697709, 57146.8738444, 57146.8738444, 57146.8738444, 57146.8697709, 57146.8569817, 57146.8697709, 57146.877546, 57146.877546, 57121.0595872, 57146.8672338, 57146.8672338, 57121.0595872, 57146.8569817, 57125.0511609, 57147.9407638, 57147.9487451, 57147.9487451, 57147.9447545, 57147.9407638, 57125.0511609, 57147.9447545, 57147.937769, 57121.9322435, 57121.9322435, 57121.9322435, 57147.937769, 57147.9447545, 57126.0046054, 57126.0046054], "magerr": [0.004800000227987766, 0.005100000184029341, 0.007199999876320362, 0.006500000134110451, 0.0026000000070780516, 0.0020000000949949026, -1.0, -1.0, 0.011300000362098217, -1.0, -1.0, 0.013500000350177288, 0.008999999612569809, 0.00860000029206276, 0.007799999788403511, -1.0, -1.0, 0.01080000028014183, -1.0, -1.0, 0.009700000286102295, -1.0, 0.007699999958276749, 0.008799999952316284, 0.007300000172108412, -1.0, -1.0, -1.0, 0.007499999832361937, 0.0066999997943639755, 0.007799999788403511, 0.009999999776482582, 0.010400000028312206, 0.006300000008195639, 0.006300000008195639, -1.0, -1.0, -1.0, -1.0, -1.0, -1.0, -1.0, -1.0, -1.0, -1.0, 0.006800000090152025, 0.00279999990016222, 0.002099999925121665, 0.006300000008195639, -1.0, -1.0, -1.0, -1.0, 0.007600000128149986, 0.01720000058412552, 0.017899999395012856, -1.0, 0.0019000000320374966, 0.022199999541044235, 0.014999999664723873, -1.0, 0.00419999985024333, 0.013799999840557575, -1.0, 0.002099999925121665, -1.0, 0.009100000374019146, 0.01269999984651804, 0.01080000028014183, 0.009800000116229057, -1.0, 0.01269999984651804, 0.008299999870359898, -1.0, -1.0, -1.0, 0.007899999618530273, 0.010300000198185444, 99.0, -1.0, 0.014100000262260437, 0.006000000052154064, -1.0, 0.002300000051036477, 0.007899999618530273, 0.00839999970048666, 0.008799999952316284, 0.021199999377131462, 0.00839999970048666, 0.0027000000700354576, -1.0, 0.014299999922513962, 0.002199999988079071, 0.0017000000225380063, 0.027000000700354576, -1.0, 0.00860000029206276, -1.0, -1.0], "alert_name": null, "observatory": ["Werner Zeilinger, 1.", "Werner Zeilinger, 1.", "Werner Zeilinger, 1.", "Werner Zeilinger, 1.", "Mercator Geneva Grou", "Mercator Geneva Grou", "ObsMontsec-Umut Burg", "ObsMontsec-Umut Burg", "ObsMontsec-Umut Burg", "ObsMontsec-Umut Burg", "ObsMontsec-Umut Burg", "ObsMontsec-Umut Burg", "ObsMontsec-Umut Burg", "ObsMontsec-Umut Burg", "ObsMontsec-Umut Burg", "ObsMontsec-Umut Burg", "ObsMontsec-Umut Burg", "ObsMontsec-Umut Burg", "ObsMontsec-Umut Burg", "ObsMontsec-Umut Burg", "ObsMontsec-Umut Burg", "ObsMontsec-Umut Burg", "ObsMontsec-Umut Burg", "ObsMontsec-Umut Burg", "ObsMontsec-Umut Burg", "ObsMontsec-Umut Burg", "ObsMontsec-Umut Burg", "ObsMontsec-Umut Burg", "ObsMontsec-Umut Burg", "ObsMontsec-Umut Burg", "ObsMontsec-Umut Burg", "ObsMontsec-Umut Burg", "ObsMontsec-Umut Burg", "ObsMontsec-Umut Burg", "ObsMontsec-Umut Burg", "ObsMontsec-Umut Burg", "ObsMontsec-Umut Burg", "ObsMontsec-Umut Burg", "ObsMontsec-Umut Burg", "ObsMontsec-Umut Burg", "ObsMontsec-Umut Burg", "ObsMontsec-Umut Burg", "ObsMontsec-Umut Burg", "ObsMontsec-Umut Burg", "ObsMontsec-Umut Burg", "ObsMontsec-Umut Burg", "Mercator Geneva Grou", "Mercator Geneva Grou", "ObsMontsec-Umut Burg", "ObsMontsec-Umut Burg", "Mercator Geneva Grou", "ObsMontsec-Umut Burg", "ObsMontsec-Umut Burg", "Werner Zeilinger, 1.", "Werner Zeilinger, 1.", "Werner Zeilinger, 1.", "Mercator Geneva Grou", "Mercator Geneva Grou", "Werner Zeilinger, 1.", "RTT150", "Mercator Geneva Grou", "Mercator Geneva Grou", "Werner Zeilinger, 1.", "Mercator Geneva Grou", "Mercator Geneva Grou", "Mercator Geneva Grou", "Werner Zeilinger, 1.", "Werner Zeilinger, 1.", "Werner Zeilinger, 1.", "Anna Hourihane", "Anna Hourihane", "Anna Hourihane", "Anna Hourihane", "Anna Hourihane", "Anna Hourihane", "Anna Hourihane", "Anna Hourihane", "Anna Hourihane", "Mercator Geneva Grou", "Anna Hourihane", "Anna Hourihane", "Mercator Geneva Grou", "Anna Hourihane", "Mercator Geneva Grou", "Anna Hourihane", "Anna Hourihane", "Anna Hourihane", "Anna Hourihane", "Anna Hourihane", "Mercator Geneva Grou", "Anna Hourihane", "Anna Hourihane", "Mercator Geneva Grou", "Mercator Geneva Grou", "Mercator Geneva Grou", "Anna Hourihane", "Anna Hourihane", "Mercator Geneva Grou", "Mercator Geneva Grou"], "caliberr": [0.1056319996714592, 0.31799501180648804, 0.29969799518585205, 0.12170500308275223, 0.09498610347509384, 0.11033300310373306, 0.03878390043973923, 0.03657900169491768, 0.035847898572683334, 0.08532539755105972, 0.08571010082960129, 0.08190499991178513, 0.027777299284934998, 0.017249099910259247, 0.009999999776482582, 0.01112349983304739, 0.009999999776482582, 0.01273650024086237, 0.039243098348379135, 0.04649810120463371, 0.041836198419332504, 0.06441809982061386, 0.06767009943723679, 0.06673470139503479, 0.021114900708198547, 0.011595100164413452, 0.009999999776482582, 0.010926799848675728, 0.03526550158858299, 0.03630189970135689, 0.04076540097594261, 0.043824199587106705, 0.043246399611234665, 0.009999999776482582, 0.009999999776482582, 0.04359089955687523, 0.009999999776482582, 0.009999999776482582, 0.03665909916162491, 0.03573770076036453, 0.035820599645376205, 0.10709299892187119, 0.05865370109677315, 0.10079099982976913, 0.009999999776482582, 0.02732899971306324, 0.12238799780607224, 0.1221110001206398, 0.034147199243307114, 0.009999999776482582, 0.17007100582122803, 0.03214019909501076, 0.03951239958405495, 0.045268699526786804, 0.07486079633235931, 0.15617600083351135, 0.13062599301338196, 0.1402049958705902, 0.15559199452400208, 0.07664410024881363, 0.10887700319290161, 0.15852899849414825, 0.0863829031586647, 0.16028399765491486, 0.13586199283599854, 0.1120000034570694, 0.05413290113210678, 0.4452030062675476, 0.09911339730024338, 0.05333060026168823, 0.06957969814538956, 0.09668119996786118, 0.08636250346899033, 0.07188809663057327, 0.0399090014398098, 0.15156500041484833, 0.06507010012865067, 0.08261150121688843, 0.1468539983034134, 0.057067401707172394, 0.04841120168566704, 0.1697620004415512, 0.04329390078783035, 0.13617199659347534, 0.09225119650363922, 0.1123339980840683, 0.09788200259208679, 0.08918330073356628, 0.11221899837255478, 0.08087330311536789, 0.04066440090537071, 0.08594559878110886, 0.09673450142145157, 0.15334899723529816, 0.06625380367040634, 0.07273010164499283, 0.11520600318908691, 0.08310680091381073, 0.27477699518203735],