{"mjd": [57085.836622, 57085.8434338, 57085.836622, 57085.8434338, 57085.836622, 57085.8434338, 57072.7805759144, 57072.7830361458, 57072.7818662384], "magerr": [-1.0, -1.0, 0.061000000685453415, 0.0364999994635582, 0.030899999663233757, 0.02239999920129776, 0.05350000038743019, 0.04769999906420708, 0.07450000196695328], "observatory": ["Heather Campbell", "Heather Campbell", "Heather Campbell", "Heather Campbell", "Heather Campbell", "Heather Campbell", "Samantha Coffey", "Samantha Coffey", "Samantha Coffey"], "mag": [22.081899642944336, 24.696399688720703, 18.037099838256836, 17.567100524902344, 17.066200256347656, 17.048200607299805, 17.2406005859375, 16.753999710083008, 16.75909996032715], "filter": ["u", "u", "g", "g", "r", "r", "g", "r", "i"], "catalog": ["SDSS", "SDSS", "SDSS", "SDSS", "SDSS", "SDSS", "SDSS", "SDSS", "SDSS"], "caliberr": [0.0724295973777771, 0.09954400360584259, 0.13752099871635437, 0.07274080067873001, 0.1756329983472824, 0.13898800313472748, 0.06819400191307068, 0.1053910031914711, 0.13331399857997894]}