{"mjd": [57160.911129, 57160.900603, 57160.892124, 57160.1245923], "magerr": [0.0820000022649765, 0.05900000035762787, 0.052000001072883606, 0.006099999882280827], "alert_name": null, "observatory": ["Loiano,M.Pawlak", "Loiano,M.Pawlak", "Loiano,M.Pawlak", "Euler Geneva Group"], "caliberr": [0.43650200963020325, 0.4817500114440918, 0.3329850137233734, 0.133869007229805], "mag": [20.448400497436523, 19.58169937133789, 19.386699676513672, 18.074800491333008], "catalog": ["SDSS", "SDSS", "SDSS", "APASS"], "filter": ["g", "r", "i", "r"]}