{"mjd": [57246.07859421, 57246.08653449, 57247.07828854, 57247.08622836, 57246.07452975, 57246.08247188, 57246.07691042, 57246.08485058, 57247.07660463, 57247.08454502], "magerr": [0.04600000008940697, 0.02199999988079071, 0.04500000178813934, 0.02800000086426735, 0.024000000208616257, 0.026000000536441803, 0.03099999949336052, 0.024000000208616257, 0.023000000044703484, 0.03700000047683716], "observatory": ["OHP_MPawlak", "OHP_MPawlak", "OHP_MPawlak", "OHP_MPawlak", "OHP_MPawlak", "OHP_MPawlak", "OHP_MPawlak", "OHP_MPawlak", "OHP_MPawlak", "OHP_MPawlak"], "mag": [18.207000732421875, 17.72369956970215, 18.12070083618164, 17.7544002532959, 18.18790054321289, 18.128700256347656, 18.041799545288086, 17.834699630737305, 17.813800811767578, 18.093599319458008], "filter": ["R", "R", "R", "R", "B", "B", "V", "V", "V", "V"], "catalog": ["SDSS", "SDSS", "SDSS", "SDSS", "APASS", "APASS", "APASS", "APASS", "APASS", "APASS"], "caliberr": [0.13121700286865234, 0.11271599680185318, 0.10934799909591675, 0.12691199779510498, 0.06938300281763077, 0.10215800255537033, 0.04935219883918762, 0.0699509009718895, 0.06935480237007141, 0.0795907974243164]}