{"mjd": [56948.89376, 56948.88514, 56948.89548, 56948.88674, 56948.89701, 56948.88343, 56948.89853, 56948.90122, 56962.97457, 56962.96693, 56922.832877, 56923.876655, 56925.847329, 56926.877367, 56927.831361, 56922.835349, 56923.878187, 56925.848864, 56926.878895, 56927.832893, 56922.838026, 56923.87923, 56925.849975, 56926.879996, 56927.834011, 56954.884859, 56955.919271, 56954.887411, 56955.921847, 56954.889898, 56955.924326, 56941.8031, 56941.79988, 56941.80625], "magerr": [0.03319999948143959, 0.016599999740719795, 0.01730000041425228, 0.011099999770522118, 0.010400000028312206, 0.013299999758601189, 0.011500000022351742, 0.014100000262260437, 0.04690000042319298, 0.014600000344216824, 0.003000000026077032, 0.006000000052154064, 0.004999999888241291, 0.010999999940395355, 0.008999999612569809, 0.003000000026077032, 0.007000000216066837, 0.004999999888241291, 0.013000000268220901, 0.012000000104308128, 0.004000000189989805, 0.00800000037997961, 0.00800000037997961, 0.017999999225139618, 0.01899999938905239, 0.001500000013038516, 0.0012000000569969416, 0.0012000000569969416, 0.0012000000569969416, 0.001500000013038516, 0.0017000000225380063, 0.00989999994635582, 0.008899999782443047, 0.009600000455975533], "alert_name": null, "observatory": ["Zbigniew Kolaczkowsk", "Zbigniew Kolaczkowsk", "Zbigniew Kolaczkowsk", "Zbigniew Kolaczkowsk", "Zbigniew Kolaczkowsk", "Zbigniew Kolaczkowsk", "Zbigniew Kolaczkowsk", "Zbigniew Kolaczkowsk", "Ostrowik 0.6m. Micha", "Ostrowik 0.6m. Micha", "Loiano,K.Ulaczyk", "Loiano,K.Ulaczyk", "Loiano,K.Ulaczyk", "Loiano,K.Ulaczyk", "Loiano,K.Ulaczyk", "Loiano,K.Ulaczyk", "Loiano,K.Ulaczyk", "Loiano,K.Ulaczyk", "Loiano,K.Ulaczyk", "Loiano,K.Ulaczyk", "Loiano,K.Ulaczyk", "Loiano,K.Ulaczyk", "Loiano,K.Ulaczyk", "Loiano,K.Ulaczyk", "Loiano,K.Ulaczyk", "Loiano,M.Pawlak", "Loiano,M.Pawlak", "Loiano,M.Pawlak", "Loiano,M.Pawlak", "Loiano,M.Pawlak", "Loiano,M.Pawlak", "JureJapelj_Vega_Slov", "JureJapelj_Vega_Slov", "JureJapelj_Vega_Slov"], "caliberr": [0.06705539673566818, 0.042088501155376434, 0.0435618981719017, 0.03895759955048561, 0.039941899478435516, 0.06845449656248093, 0.057805098593235016, 0.06589149683713913, 0.0456726998090744, 0.10597799718379974, 0.06315319985151291, 0.058597199618816376, 0.06183730065822601, 0.09700559824705124, 0.12391900271177292, 0.06296709924936295, 0.07531920075416565, 0.07690200209617615, 0.09653130173683167, 0.10852699726819992, 0.09028810262680054, 0.08787170052528381, 0.10206100344657898, 0.13022999465465546, 0.1887740045785904, 0.07237820327281952, 0.07284530252218246, 0.10714299976825714, 0.09298360347747803, 0.12042199820280075, 0.10520300269126892, 0.05677809938788414, 0.06887199729681015, 0.060398299247026443], "mag": [16.005699157714844, 15.072999954223633, 15.110199928283691, 14.762499809265137, 14.768500328063965, 14.51200008392334, 14.510000228881836, 14.5177001953125, 15.156900405883789, 14.345399856567383, 15.365099906921387, 14.93649959564209, 15.717499732971191, 15.911600112915039, 15.156000137329102, 14.823200225830078, 14.408699989318848, 14.937399864196777, 15.119500160217285, 14.661700248718262, 14.58650016784668, 14.191499710083008, 14.656700134277344, 14.892999649047852, 14.60890007019043, 15.941399574279785, 15.206500053405762, 15.10789966583252, 14.686200141906738, 14.761899948120117, 14.503899574279785, 14.918000221252441, 14.707500457763672, 14.49530029296875], "catalog": ["APASS", "APASS", "APASS", "APASS", "APASS", "APASS", "APASS", "APASS", "APASS", "APASS", "APASS", "APASS", "APASS", "APASS", "APASS", "APASS", "APASS", "APASS", "APASS", "APASS", "APASS", "APASS", "APASS", "APASS", "APASS", "APASS", "APASS", "APASS", "APASS", "APASS", "APASS", "APASS", "APASS", "APASS"], "filter": ["B", "V", "V", "r", "r", "i", "i", "i", "V", "i", "g", "g", "g", "g", "g", "r", "r", "r", "r", "r", "i", "i", "i", "i", "i", "g", "g", "r", "r", "i", "i", "V", "r", "i"]}