{"mjd": [57420.9512817, 57420.9548132, 57420.958345, 57421.9894176, 57421.9929495, 57421.9964811, 57426.8473247, 57426.8508562, 57426.8543879, 57457.8732639, 57457.8767955, 57457.8803272, 57420.962071, 57420.9656026, 57420.9691343, 57422.0001895, 57422.0037212, 57422.0072529, 57426.8581081, 57426.8616399, 57426.8651716, 57457.8840533, 57457.8875849, 57457.8911165, 57420.9728525, 57420.9763843, 57420.9799159, 57422.0109734, 57422.0145049, 57422.0180364, 57426.8688835, 57426.8724151, 57426.8759468, 57457.8948395, 57457.8983713, 57457.9019033, 57420.9836356, 57420.9871672, 57420.9906988, 57422.021759, 57422.0252909, 57422.0288225, 57426.8796698, 57426.8832014, 57426.8867329, 57457.9056248, 57457.9091566, 57457.9126882], "magerr": [0.05999999865889549, 0.05810000002384186, 0.0575999990105629, -1.0, -1.0, -1.0, -1.0, -1.0, -1.0, -1.0, -1.0, -1.0, 0.03189999982714653, 0.030899999663233757, 0.03189999982714653, 0.027699999511241913, 0.029200000688433647, 0.029500000178813934, -1.0, -1.0, -1.0, -1.0, -1.0, -1.0, 0.01979999989271164, 0.019700000062584877, 0.02319999970495701, 0.019899999722838402, 0.01850000023841858, 0.018699999898672104, -1.0, -1.0, 0.05900000035762787, -1.0, -1.0, -1.0, 0.05469999834895134, -1.0, -1.0, 0.02810000069439411, 0.026799999177455902, 0.027699999511241913, -1.0, -1.0, 0.05050000175833702, -1.0, -1.0, -1.0], "observatory": ["ObsMontsec-Umut Burg", "ObsMontsec-Umut Burg", "ObsMontsec-Umut Burg", "ObsMontsec-Umut Burg", "ObsMontsec-Umut Burg", "ObsMontsec-Umut Burg", "ObsMontsec-Umut Burg", "ObsMontsec-Umut Burg", "ObsMontsec-Umut Burg", "ObsMontsec-Umut Burg", "ObsMontsec-Umut Burg", "ObsMontsec-Umut Burg", "ObsMontsec-Umut Burg", "ObsMontsec-Umut Burg", "ObsMontsec-Umut Burg", "ObsMontsec-Umut Burg", "ObsMontsec-Umut Burg", "ObsMontsec-Umut Burg", "ObsMontsec-Umut Burg", "ObsMontsec-Umut Burg", "ObsMontsec-Umut Burg", "ObsMontsec-Umut Burg", "ObsMontsec-Umut Burg", "ObsMontsec-Umut Burg", "ObsMontsec-Umut Burg", "ObsMontsec-Umut Burg", "ObsMontsec-Umut Burg", "ObsMontsec-Umut Burg", "ObsMontsec-Umut Burg", "ObsMontsec-Umut Burg", "ObsMontsec-Umut Burg", "ObsMontsec-Umut Burg", "ObsMontsec-Umut Burg", "ObsMontsec-Umut Burg", "ObsMontsec-Umut Burg", "ObsMontsec-Umut Burg", "ObsMontsec-Umut Burg", "ObsMontsec-Umut Burg", "ObsMontsec-Umut Burg", "ObsMontsec-Umut Burg", "ObsMontsec-Umut Burg", "ObsMontsec-Umut Burg", "ObsMontsec-Umut Burg", "ObsMontsec-Umut Burg", "ObsMontsec-Umut Burg", "ObsMontsec-Umut Burg", "ObsMontsec-Umut Burg", "ObsMontsec-Umut Burg"], "mag": [19.314599990844727, 19.427400588989258, 19.344200134277344, 20.861099243164062, 20.8356990814209, 20.65169906616211, 18.583599090576172, 19.288700103759766, 19.288700103759766, 20.84600067138672, 20.941299438476562, 21.37820053100586, 17.92300033569336, 17.934799194335938, 17.931299209594727, 18.11400032043457, 18.052600860595703, 17.978300094604492, 18.75979995727539, 18.88129997253418, 18.708599090576172, 20.733800888061523, 20.558500289916992, 20.30590057373047, 17.636600494384766, 17.580400466918945, 17.601200103759766, 17.606300354003906, 17.527099609375, 17.603500366210938, 18.343900680541992, 18.66230010986328, 17.871400833129883, 20.735300064086914, 20.835100173950195, 20.73240089416504, 17.808799743652344, 18.936599731445312, 18.225000381469727, 17.609100341796875, 17.681400299072266, 17.720500946044922, 18.649599075317383, 17.232900619506836, 17.814599990844727, 20.142000198364258, 20.045400619506836, 19.55459976196289], "filter": ["B", "B", "B", "B", "B", "B", "B", "B", "B", "B", "B", "B", "V", "V", "V", "V", "V", "V", "V", "V", "V", "V", "V", "V", "r", "r", "r", "r", "r", "r", "r", "r", "r", "r", "r", "r", "i", "i", "i", "i", "i", "i", "i", "i", "i", "i", "i", "i"], "catalog": ["APASS", "APASS", "APASS", "APASS", "APASS", "APASS", "APASS", "APASS", "APASS", "APASS", "APASS", "APASS", "APASS", "APASS", "APASS", "APASS", "APASS", "APASS", "APASS", "APASS", "APASS", "APASS", "APASS", "APASS", "APASS", "APASS", "APASS", "APASS", "APASS", "APASS", "APASS", "APASS", "APASS", "APASS", "APASS", "APASS", "APASS", "APASS", "APASS", "APASS", "APASS", "APASS", "APASS", "APASS", "APASS", "APASS", "APASS", "APASS"], "caliberr": [0.08117660135030746, 0.08056019991636276, 0.08148189634084702, 0.07566910237073898, 0.07670889794826508, 0.08112180233001709, 0.04942319914698601, 0.04950590059161186, 0.04950590059161186, 0.055009301751852036, 0.05896420031785965, 0.07488679885864258, 0.03666749969124794, 0.03114660084247589, 0.034459199756383896, 0.029486099258065224, 0.032283298671245575, 0.03272959962487221, 0.029825499281287193, 0.031074099242687225, 0.025712700560688972, 0.0286663006991148, 0.025548800826072693, 0.02500930055975914, 0.0267792996019125, 0.023025600239634514, 0.02555130049586296, 0.024900099262595177, 0.028074299916625023, 0.022671900689601898, 0.024872900918126106, 0.03311159834265709, 0.03031020052731037, 0.03190559893846512, 0.02617489919066429, 0.026988400146365166, 0.08563069999217987, 0.09324630349874496, 0.08452799916267395, 0.07335679978132248, 0.07307170331478119, 0.0730103999376297, 0.0441678985953331, 0.20962899923324585, 0.04054290056228638, 0.07121659815311432, 0.0693620964884758, 0.07098499685525894]}