{"mjd": [57160.4240916, 57164.4057763], "magerr": [0.014999999664723873, 0.01640000008046627], "observatory": ["Euler Geneva Group", "Euler Geneva Group"], "mag": [18.335800170898438, 18.510099411010742], "filter": ["r", "r"], "catalog": ["APASS", "APASS"], "caliberr": [0.0477013997733593, 0.052605900913476944]}