{"mjd": [57041.1573229, 57041.0585861, 57041.1573229, 57041.0585861, 57041.1550062, 57041.1573229, 57041.1550062, 57038.95752847], "magerr": [0.21580000221729279, 0.039900001138448715, 0.026900000870227814, 0.043299999088048935, 0.02290000021457672, 0.023800000548362732, 0.025800000876188278, 0.10920000076293945], "observatory": ["Heather Campbell", "Heather Campbell", "Heather Campbell", "Heather Campbell", "Heather Campbell", "Heather Campbell", "Heather Campbell", "K.Wiersema-Leicester"], "mag": [22.30620002746582, 18.723899841308594, 19.639999389648438, 18.24489974975586, 19.021699905395508, 18.962200164794922, 19.6205997467041, 19.382699966430664], "filter": ["u", "g", "g", "r", "r", "r", "g", "V"], "catalog": ["SDSS", "APASS", "APASS", "APASS", "APASS", "APASS", "PS1", "APASS"], "caliberr": [0.1264059990644455, 0.08221639692783356, 0.03927899897098541, 0.06808380037546158, 0.04683170095086098, 0.038864098489284515, 0.057721398770809174, 0.07379720360040665]}