{"mjd": [57085.2677159, 57085.2677159], "magerr": [0.07400000095367432, 0.04010000079870224], "alert_name": null, "observatory": ["Heather Campbell", "Heather Campbell"], "caliberr": [0.009999999776482582, 0.015274399891495705], "mag": [19.710800170898438, 19.081600189208984], "catalog": ["APASS", "APASS"], "filter": ["g", "r"]}