{"mjd": [57040.102625, 57040.14032, 57047.03241, 57040.058429, 57040.081152, 57046.993507, 57047.06115, 57040.037152], "magerr": [0.020800000056624413, 0.03290000185370445, 0.1793999969959259, 0.020800000056624413, 0.01810000091791153, 0.07249999791383743, 0.03449999913573265, 0.041999999433755875], "alert_name": null, "observatory": ["K.Ilkiewicz-Loiano", "K.Ilkiewicz-Loiano", "K.Ilkiewicz-Loiano", "K.Ilkiewicz-Loiano", "K.Ilkiewicz-Loiano", "K.Ilkiewicz-Loiano", "K.Ilkiewicz-Loiano", "K.Ilkiewicz-Loiano"], "caliberr": [0.09939359873533249, 0.10473400354385376, 0.18483899533748627, 0.22403299808502197, 0.23450900614261627, 0.266525000333786, 0.29017698764801025, 0.4735200107097626], "mag": [19.249300003051758, 19.696500778198242, 20.576900482177734, 18.700000762939453, 18.8572998046875, 19.996999740600586, 19.420900344848633, 18.60540008544922], "catalog": ["SDSS", "SDSS", "SDSS", "SDSS", "SDSS", "SDSS", "SDSS", "SDSS"], "filter": ["g", "g", "g", "r", "r", "r", "r", "i"]}