{"mjd": [57436.0254249, 57448.0283304], "magerr": [0.01360000018030405, 0.009100000374019146], "alert_name": null, "observatory": ["Euler Geneva Group", "Euler Geneva Group"], "caliberr": [0.2849920094013214, 0.009999999776482582], "mag": [18.287900924682617, 18.518800735473633], "catalog": ["APASS", "APASS"], "filter": ["r", "r"]}