{"mjd": [57010.753295, 57010.759107, 57010.764916, 57011.707503, 57011.713927, 57011.719757, 57010.718932, 57010.723793, 57010.729512, 57010.733227, 57011.692502, 57011.697217, 57011.700954], "magerr": [0.010499999858438969, 0.010099999606609344, 0.010499999858438969, 0.009499999694526196, 0.007600000128149986, 0.0071000000461936, 0.011699999682605267, 0.011800000444054604, 0.01140000019222498, 0.011500000022351742, 0.027000000700354576, 0.017100000753998756, 0.013100000098347664], "alert_name": null, "observatory": ["Loiano,M.Pawlak", "Loiano,M.Pawlak", "Loiano,M.Pawlak", "Loiano,M.Pawlak", "Loiano,M.Pawlak", "Loiano,M.Pawlak", "Loiano,M.Pawlak", "Loiano,M.Pawlak", "Loiano,M.Pawlak", "Loiano,M.Pawlak", "Loiano,M.Pawlak", "Loiano,M.Pawlak", "Loiano,M.Pawlak"], "caliberr": [0.07619699835777283, 0.09716399759054184, 0.11458099633455276, 0.07054740190505981, 0.0835999995470047, 0.08776280283927917, 0.1049640029668808, 0.12080900371074677, 0.12888400256633759, 0.12582999467849731, 0.09186399728059769, 0.10579700022935867, 0.09491279721260071], "mag": [18.24810028076172, 18.276899337768555, 18.241899490356445, 18.275100708007812, 18.28459930419922, 18.274999618530273, 17.67460060119629, 17.64550018310547, 17.664899826049805, 17.672300338745117, 17.714399337768555, 17.696699142456055, 17.7367000579834], "catalog": ["SDSS", "SDSS", "SDSS", "SDSS", "SDSS", "SDSS", "SDSS", "SDSS", "SDSS", "SDSS", "SDSS", "SDSS", "SDSS"], "filter": ["g", "g", "g", "g", "g", "g", "r", "r", "r", "r", "r", "r", "r"]}