{"mjd": [57436.0254249, 57448.0283304], "magerr": [0.01360000018030405, 0.009100000374019146], "observatory": ["Euler Geneva Group", "Euler Geneva Group"], "mag": [18.287900924682617, 18.518800735473633], "filter": ["r", "r"], "catalog": ["APASS", "APASS"], "caliberr": [0.2849920094013214, 0.009999999776482582]}