{"mjd": [57010.85022801], "magerr": [0.04879999905824661], "observatory": ["K.Wiersema-Leicester"], "mag": [16.623699188232422], "filter": ["r"], "catalog": ["APASS"], "caliberr": [0.03057670034468174]}