{"mjd": [57441.830161, 57441.8373, 57441.844451], "magerr": [0.04740000143647194, 0.05139999836683273, 0.05299999937415123], "observatory": ["OmicronC2PU JPRivet", "OmicronC2PU JPRivet", "OmicronC2PU JPRivet"], "mag": [17.55900001525879, 17.30030059814453, 17.536500930786133], "filter": ["r", "r", "r"], "catalog": ["APASS", "APASS", "APASS"], "caliberr": [0.0901774987578392, 0.1064860001206398, 0.092044897377491]}