{"mjd": [55649.11585, 55651.16849, 55649.11203, 55649.12382, 55649.12937, 55651.16466, 55651.17645, 55651.182], "magerr": [0.007699999958276749, 0.008100000210106373, 0.02459999918937683, 0.011599999852478504, 0.0210999995470047, 0.0203000009059906, 0.013299999758601189, 0.022099999710917473], "observatory": ["Alex Ball-SMARTS1.3", "Alex Ball-SMARTS1.3", "Alex Ball-SMARTS1.3", "Alex Ball-SMARTS1.3", "Alex Ball-SMARTS1.3", "Alex Ball-SMARTS1.3", "Alex Ball-SMARTS1.3", "Alex Ball-SMARTS1.3"], "mag": [19.003999710083008, 19.155399322509766, 18.657899856567383, 18.336200714111328, 18.667499542236328, 18.7052001953125, 18.436599731445312, 18.850400924682617], "filter": ["B", "B", "i", "i", "i", "i", "i", "i"], "catalog": ["APASS", "APASS", "APASS", "APASS", "APASS", "APASS", "APASS", "APASS"], "caliberr": [0.009999999776482582, 0.009999999776482582, 0.009999999776482582, 0.01000049989670515, 0.01000010035932064, 0.009999999776482582, 0.009999999776482582, 0.009999999776482582]}