{"mjd": [56060.0028613806, 56063.9931679368, 56060.0082724281, 56063.9985699058, 56064.0022756902, 56060.0119606778], "magerr": [0.0340999998152256, 0.03189999982714653, 0.023900000378489494, 0.02250000089406967, 0.026499999687075615, 0.031300000846385956], "alert_name": null, "observatory": ["RichardAndersonEuler", "RichardAndersonEuler", "RichardAndersonEuler", "RichardAndersonEuler", "RichardAndersonEuler", "RichardAndersonEuler"], "caliberr": [0.06798859685659409, 0.05818900093436241, 0.044818099588155746, 0.08473580330610275, 0.09111370146274567, 0.0817314013838768], "mag": [20.342100143432617, 20.529399871826172, 19.598100662231445, 19.667299270629883, 19.593700408935547, 19.250600814819336], "catalog": ["APASS", "APASS", "APASS", "APASS", "APASS", "APASS"], "filter": ["B", "B", "r", "r", "r", "i"]}