{"mjd": [57121.9796383, 57125.995007, 57130.994694, 57132.0046505, 57132.9880643], "magerr": [0.010099999606609344, -1.0, -1.0, -1.0, -1.0], "alert_name": null, "observatory": ["Euler Geneva Group", "Euler Geneva Group", "Euler Geneva Group", "Euler Geneva Group", "Euler Geneva Group"], "caliberr": [0.16949599981307983, 0.06384140253067017, 0.059290699660778046, 0.029510200023651123, 0.06079329922795296], "mag": [19.31570053100586, 19.723800659179688, 19.765199661254883, 27.658000946044922, 19.523700714111328], "catalog": ["APASS", "APASS", "APASS", "APASS", "APASS"], "filter": ["r", "r", "r", "r", "r"]}