{"mjd": [57010.005563, 57010.010858, 57010.014969, 57009.994687, 57009.998536, 57010.001261, 57010.02381, 57010.027528, 57010.8080492], "magerr": [0.00839999970048666, 0.009700000286102295, 0.008799999952316284, 0.013199999928474426, 0.006099999882280827, 0.00570000009611249, 0.023600000888109207, 0.02459999918937683, 0.07039999961853027], "observatory": ["Loiano,M.Pawlak", "Loiano,M.Pawlak", "Loiano,M.Pawlak", "Loiano,M.Pawlak", "Loiano,M.Pawlak", "Loiano,M.Pawlak", "Loiano,M.Pawlak", "Loiano,M.Pawlak", "K.Wiersema-Leicester"], "mag": [17.972400665283203, 17.98430061340332, 17.958200454711914, 17.27669906616211, 17.265399932861328, 17.273300170898438, 16.656099319458008, 16.7278995513916, 17.129899978637695], "filter": ["g", "g", "g", "r", "r", "r", "i", "i", "r"], "catalog": ["SDSS", "SDSS", "SDSS", "SDSS", "SDSS", "SDSS", "SDSS", "SDSS", "APASS"], "caliberr": [0.081940196454525, 0.062453899532556534, 0.09153769910335541, 0.105444997549057, 0.10319899767637253, 0.10940200090408325, 0.4446299970149994, 0.3953999876976013, 0.009999999776482582]}