{"mjd": [57452.8529687], "magerr": [0.023499999195337296], "alert_name": null, "observatory": ["K.Wiersema-Leicester"], "caliberr": [0.06547269970178604], "mag": [15.425999641418457], "catalog": ["APASS"], "filter": ["V"]}