{"mjd": [57452.2125452894, 57470.2081801852, 57452.2173186921, 57470.2129432407, 57452.221399213, 57470.2170071643], "magerr": [0.007000000216066837, 0.027699999511241913, 0.004699999932199717, 0.019700000062584877, 0.007300000172108412, 0.013199999928474426], "alert_name": null, "observatory": ["LCOGT Gaia Alerts Gr", "LCOGT Gaia Alerts Gr", "LCOGT Gaia Alerts Gr", "LCOGT Gaia Alerts Gr", "LCOGT Gaia Alerts Gr", "LCOGT Gaia Alerts Gr"], "caliberr": [0.05715309828519821, 0.04463930055499077, 0.055307500064373016, 0.05369630083441734, 0.09895800054073334, 0.09678290039300919], "mag": [16.628299713134766, 17.365100860595703, 15.62030029296875, 16.153600692749023, 15.342399597167969, 15.557100296020508], "catalog": ["APASS", "APASS", "APASS", "APASS", "APASS", "APASS"], "filter": ["g", "g", "r", "r", "i", "i"]}