{"mjd": [57441.785252, 57441.792396, 57441.799539], "magerr": [-1.0, -1.0, -1.0], "alert_name": null, "observatory": ["OmicronC2PU JPRivet", "OmicronC2PU JPRivet", "OmicronC2PU JPRivet"], "caliberr": [0.07582169771194458, 0.09681899845600128, 0.08065389841794968], "mag": [22.41819953918457, 22.297800064086914, 22.296300888061523], "catalog": ["APASS", "APASS", "APASS"], "filter": ["r", "r", "r"]}