{"mjd": [57146.9160305, 57146.9160305, 57146.9160305], "magerr": [-1.0, -1.0, -1.0], "observatory": ["Anna Hourihane", "Anna Hourihane", "Anna Hourihane"], "mag": [17.828500747680664, 19.3125, 20.964099884033203], "filter": ["u", "g", "r"], "catalog": ["SDSS", "SDSS", "SDSS"], "caliberr": [0.07982850074768066, 0.03688320145010948, 0.05803230032324791]}