{"mjd": [56917.2100989, 56918.1354245, 56917.2100989, 56918.1354245], "magerr": [-1.0, 0.0038999998942017555, 0.00839999970048666, 0.006099999882280827], "observatory": ["Heather Campbell", "Heather Campbell", "Heather Campbell", "Heather Campbell"], "mag": [26.712900161743164, 17.207500457763672, 17.64550018310547, 17.44219970703125], "filter": ["g", "g", "r", "r"], "catalog": ["APASS", "PS1", "PS1", "PS1"], "caliberr": [0.02214300073683262, 0.01853189989924431, 0.03145860135555267, 0.03810349851846695]}