{"mjd": [56916.8507049, 56916.8507049], "magerr": [-1.0, 0.2167000025510788], "observatory": ["Heather Campbell", "Heather Campbell"], "mag": [22.72949981689453, 21.739900588989258], "filter": ["g", "r"], "catalog": ["SDSS", "SDSS"], "caliberr": [0.1456570029258728, 0.19744999706745148]}