{"mjd": [57164.4279694], "magerr": [0.013799999840557575], "alert_name": null, "observatory": ["Euler Geneva Group"], "caliberr": [0.03586360067129135], "mag": [17.65850067138672], "catalog": ["APASS"], "filter": ["r"]}