{"mjd": [55945.37274995, 55945.366038173, 55945.3685278], "magerr": [0.018200000748038292, 0.005200000014156103, 0.0071000000461936], "observatory": ["RichardAndersonEuler", "RichardAndersonEuler", "RichardAndersonEuler"], "mag": [18.367399215698242, 17.824800491333008, 17.70039939880371], "filter": ["B", "r", "r"], "catalog": ["APASS", "APASS", "APASS"], "caliberr": [0.009999999776482582, 0.03270120173692703, 0.024892300367355347]}