{"mjd": [57158.98237998, 57124.9113103, 57124.9148419, 57124.9183736, 57124.9228052, 57124.9445904, 57124.9481219, 57124.9516537, 57124.9337029, 57124.9372345, 57124.9407667, 57124.9263368, 57124.9298684, 57127.0045143, 57127.0045143, 57127.0045143, 57126.910937, 57126.915266, 57126.912384, 57126.913819, 57126.916713, 57126.919606, 57126.923935, 57126.925382, 57126.926829, 57126.91816, 57126.921053, 57126.922488, 57119.98685359, 57127.877778, 57127.883553, 57127.887882, 57127.889329, 57127.879213, 57127.882106, 57127.884988, 57127.886447, 57127.890775, 57127.892222, 57127.893657, 57127.950888, 57127.950888, 57127.950888, 57120.9256806, 57120.9292123, 57120.932744, 57120.9704432, 57120.973975, 57120.9775065, 57120.9555833, 57120.959115, 57120.9626466, 57120.9406938, 57120.9442254, 57120.9477571, 57122.9822124, 57122.9822124, 57122.9822124, 57134.980193, 57133.9567939639, 57133.9677083492, 57121.8914623, 57133.9640740752, 57121.8949938, 57121.8985255, 57121.9022452, 57121.9057776, 57121.9093093, 57124.079243, 57133.9604282379, 57133.9823032021, 57121.9238316, 57121.9273631, 57121.9308952, 57124.079243, 57124.079243, 57133.9713773131, 57121.9130462, 57121.916578, 57121.9201098, 57133.9786574244, 57133.9859722257, 57133.9750230908, 57133.9932407737, 57133.9968865514, 57133.9896064401, 57121.9225125, 57121.9225125, 57125.0377817, 57121.9225125, 57125.0377817, 57125.0377817, 57147.899965, 57147.8946091, 57147.899965, 57147.8915998, 57147.899965, 57147.8915998, 57147.8946091, 57147.8915998, 57147.8946091, 57126.042239, 57126.042239], "magerr": [0.09619999676942825, 0.03539999946951866, 0.03480000048875809, 0.03519999980926514, 0.01899999938905239, 0.016300000250339508, 0.015699999406933784, 0.016200000420212746, 0.0142000000923872, 0.013899999670684338, 0.013799999840557575, 0.018699999898672104, 0.01850000023841858, 0.006399999838322401, -1.0, 0.004600000102072954, -1.0, -1.0, -1.0, -1.0, -1.0, 0.0653069019317627, 0.09126050025224686, 0.07310409843921661, 0.09764520078897476, 0.09193609654903412, 0.058394599705934525, 0.06902439892292023, 0.0632999986410141, -1.0, 0.07696429640054703, 0.055841099470853806, 0.06214049831032753, -1.0, 0.08287680149078369, 0.08569379895925522, 0.053387101739645004, 0.0845165029168129, 0.0813554972410202, 0.08367899805307388, 0.006200000178068876, 0.004600000102072954, 0.10760000348091125, 0.03480000048875809, 0.031199999153614044, 0.032499998807907104, 0.016599999740719795, 0.01720000058412552, 0.016899999231100082, 0.014100000262260437, 0.014499999582767487, 0.014700000174343586, 0.0210999995470047, 0.021700000390410423, 0.021900000050663948, 0.0052999998442828655, -1.0, 0.008100000210106373, 0.029200000688433647, -1.0, 0.026799999177455902, 0.032999999821186066, 0.02160000056028366, 0.0357000008225441, 0.032099999487400055, 0.01850000023841858, 0.01889999955892563, 0.01860000006854534, -1.0, 0.031700000166893005, 0.03180000185966492, 0.014000000432133675, 0.0142000000923872, 0.014299999922513962, 0.00559999980032444, 0.00860000029206276, -1.0, 0.01269999984651804, 0.012500000186264515, 0.012400000356137753, 0.026599999517202377, -1.0, 0.03610000014305115, 0.0340999998152256, 0.03319999948143959, 0.041600000113248825, 0.0044999998062849045, 0.006500000134110451, 0.007300000172108412, 0.10490000247955322, 0.005400000140070915, -1.0, -1.0, 0.015300000086426735, 0.017500000074505806, -1.0, 0.008700000122189522, 0.030300000682473183, 0.008500000461935997, 0.05469999834895134, -1.0, 0.009800000116229057, -1.0], "observatory": ["K.Wiersema-Leicester", "ObsMontsec-Umut Burg", "ObsMontsec-Umut Burg", "ObsMontsec-Umut Burg", "ObsMontsec-Umut Burg", "ObsMontsec-Umut Burg", "ObsMontsec-Umut Burg", "ObsMontsec-Umut Burg", "ObsMontsec-Umut Burg", "ObsMontsec-Umut Burg", "ObsMontsec-Umut Burg", "ObsMontsec-Umut Burg", "ObsMontsec-Umut Burg", "Mercator Geneva Grou", "Mercator Geneva Grou", "Mercator Geneva Grou", "Liam Hardy pt5m", "Liam Hardy pt5m", "Liam Hardy pt5m", "Liam Hardy pt5m", "Liam Hardy pt5m", "Liam Hardy pt5m", "Liam Hardy pt5m", "Liam Hardy pt5m", "Liam Hardy pt5m", "Liam Hardy pt5m", "Liam Hardy pt5m", "Liam Hardy pt5m", "K.Wiersema-Leicester", "Liam Hardy pt5m", "Liam Hardy pt5m", "Liam Hardy pt5m", "Liam Hardy pt5m", "Liam Hardy pt5m", "Liam Hardy pt5m", "Liam Hardy pt5m", "Liam Hardy pt5m", "Liam Hardy pt5m", "Liam Hardy pt5m", "Liam Hardy pt5m", "Mercator Geneva Grou", "Mercator Geneva Grou", "Mercator Geneva Grou", "ObsMontsec-Umut Burg", "ObsMontsec-Umut Burg", "ObsMontsec-Umut Burg", "ObsMontsec-Umut Burg", "ObsMontsec-Umut Burg", "ObsMontsec-Umut Burg", "ObsMontsec-Umut Burg", "ObsMontsec-Umut Burg", "ObsMontsec-Umut Burg", "ObsMontsec-Umut Burg", "ObsMontsec-Umut Burg", "ObsMontsec-Umut Burg", "Mercator Geneva Grou", "Mercator Geneva Grou", "Mercator Geneva Grou", "K.Ilkiewicz-Loiano", "Goran Damljanovic, A", "Goran Damljanovic, A", "ObsMontsec-Umut Burg", "Goran Damljanovic, A", "ObsMontsec-Umut Burg", "ObsMontsec-Umut Burg", "ObsMontsec-Umut Burg", "ObsMontsec-Umut Burg", "ObsMontsec-Umut Burg", "Mercator Geneva Grou", "Goran Damljanovic, A", "Goran Damljanovic, A", "ObsMontsec-Umut Burg", "ObsMontsec-Umut Burg", "ObsMontsec-Umut Burg", "Mercator Geneva Grou", "Mercator Geneva Grou", "Goran Damljanovic, A", "ObsMontsec-Umut Burg", "ObsMontsec-Umut Burg", "ObsMontsec-Umut Burg", "Goran Damljanovic, A", "Goran Damljanovic, A", "Goran Damljanovic, A", "Goran Damljanovic, A", "Goran Damljanovic, A", "Goran Damljanovic, A", "Mercator Geneva Grou", "Mercator Geneva Grou", "Mercator Geneva Grou", "Mercator Geneva Grou", "Mercator Geneva Grou", "Mercator Geneva Grou", "Anna Hourihane", "Anna Hourihane", "Anna Hourihane", "Anna Hourihane", "Anna Hourihane", "Anna Hourihane", "Anna Hourihane", "Anna Hourihane", "Anna Hourihane", "Mercator Geneva Grou", "Mercator Geneva Grou"], "mag": [17.564899444580078, 19.124300003051758, 19.1112003326416, 19.202499389648438, 17.822500228881836, 17.032699584960938, 17.05030059814453, 17.0398006439209, 17.528200149536133, 17.52519989013672, 17.51580047607422, 17.826400756835938, 17.845300674438477, 18.313100814819336, 24.777299880981445, 17.504899978637695, 19.619600296020508, 19.52560043334961, 19.515600204467773, 19.517099380493164, 19.790800094604492, 17.316299438476562, 16.74169921875, 16.583200454711914, 16.87019920349121, 18.393699645996094, 17.267099380493164, 17.408199310302734, 17.809799194335938, 19.54640007019043, 17.571399688720703, 17.188600540161133, 17.30579948425293, 19.566699981689453, 17.857200622558594, 17.923900604248047, 17.33340072631836, 17.03890037536621, 16.644100189208984, 16.64900016784668, 18.31220054626465, 17.448699951171875, 20.420499801635742, 19.158199310302734, 19.07349967956543, 19.10810089111328, 17.04680061340332, 17.037200927734375, 17.04520034790039, 17.508399963378906, 17.499399185180664, 17.509199142456055, 17.82229995727539, 17.93549919128418, 17.882200241088867, 17.45319938659668, 23.733699798583984, 18.331199645996094, 18.408199310302734, 18.793899536132812, 17.155799865722656, 19.038999557495117, 17.79199981689453, 19.165000915527344, 19.100900650024414, 17.793500900268555, 17.814199447631836, 17.804899215698242, 22.533199310302734, 18.328699111938477, 17.13599967956543, 17.03660011291504, 17.067100524902344, 17.058399200439453, 17.461999893188477, 18.303699493408203, 18.44729995727539, 17.484800338745117, 17.473800659179688, 17.484800338745117, 17.912700653076172, 18.327199935913086, 18.111900329589844, 17.863300323486328, 17.161500930786133, 18.3351993560791, 17.457199096679688, 18.301599502563477, 18.33060073852539, 20.27519989013672, 17.46179962158203, 23.12969970703125, 21.792699813842773, 18.427499771118164, 18.481199264526367, 17.818599700927734, 17.535600662231445, 17.470800399780273, 17.544099807739258, 18.6033992767334, 21.5093994140625, 18.340200424194336, 23.734800338745117],