{"mjd": [57011.154687, 57011.156146, 57011.159063, 57011.160521, 57011.239502, 57011.163449, 57011.164907, 57011.176632, 57011.178102, 57011.18103, 57011.186898, 57011.240961, 57011.166377, 57011.242431, 57011.243889, 57011.245347, 57011.246806, 57011.248275, 57010.143542, 57010.149398, 57011.167836, 57011.255579, 57010.145, 57011.169306, 57011.257037, 57011.258495, 57011.262882, 57010.150856, 57010.153773, 57011.170775, 57011.172234, 57011.259954, 57010.152315, 57010.155231, 57010.158322, 57011.173704, 57011.261424, 57010.156701, 57011.179572, 57011.185428, 57010.159942, 57011.189826, 57011.195671, 57011.265799, 57011.267257, 57011.268727, 57011.270185, 57011.271644, 57011.273102, 57011.274572, 57011.27603, 57011.277488, 57011.278947, 57011.280417, 57011.281875, 57010.161562, 57011.191285, 57011.194213, 57010.163183, 57010.166435, 57010.171296, 57010.174549, 57010.176169, 57011.19713, 57010.164815, 57010.168056, 57010.169676, 57010.172928, 57011.198588, 57010.177789, 57011.202975, 57010.179421, 57011.204433, 57011.208819, 57010.181042, 57010.182662, 57011.205903, 57010.184282, 57011.207361, 57010.185914, 57011.210278, 57011.233657, 57011.235116, 57010.187535, 57011.211748, 57010.9460058, 57010.189155, 57011.213206, 57011.232199, 57010.9562703, 57010.190775, 57011.214664, 57010.192407, 57011.216123, 57010.194028, 57011.217581, 57011.219051, 57011.220509, 57011.223426, 57011.25265, 57011.26434, 57011.221968, 57011.224896, 57011.140914, 57011.226354, 57011.142373, 57011.148843, 57011.227813, 57011.249734, 57011.251192, 57011.254109, 57011.147384, 57011.229271, 57011.150301, 57011.1825, 57011.183958, 57011.188356, 57011.192755, 57011.230741, 57011.151759, 57011.175174, 57011.236574, 57011.153218, 57011.157604, 57011.161979, 57011.200058, 57011.201516, 57011.238044, 57039.815786, 57039.816144, 57039.851064, 57039.893201, 57039.904933, 57039.914788, 57039.820752, 57039.824661, 57039.828773, 57039.832495, 57039.839925, 57039.843644, 57039.847352, 57039.897149, 57039.866308, 57039.862593, 57039.858887, 57039.855172, 57039.918744, 57039.910871, 57039.901013, 57039.88892, 57039.885204, 57039.881492, 57039.877781, 57039.874069, 57046.967262, 57046.95213, 57046.926115, 57046.910907, 57046.896115, 57046.881736], "magerr": [0.06863349676132202, 0.07536029815673828, 0.07847610116004944, 0.07156070321798325, 0.049494799226522446, 0.07032819837331772, 0.08549089729785919, 0.06218459829688072, 0.0669374018907547, 0.05861850082874298, 0.0635548010468483, 0.0662263035774231, 0.07201109826564789, 0.05106550082564354, 0.06598500162363052, 0.06232000142335892, 0.057493798434734344, 0.06794080138206482, 0.016434799879789352, -1.0, 0.06093360111117363, 0.05863780155777931, 0.11764500290155411, 0.06893450021743774, 0.06604160368442535, 0.06895879656076431, 0.07012929767370224, 0.09065499901771545, 0.0912197008728981, 0.06905920058488846, 0.010983699932694435, 0.0710482969880104, 0.08509510010480881, 0.090550497174263, 0.0960955023765564, 0.061180900782346725, 0.07473409920930862, 0.08202750235795975, 0.06354810297489166, 0.0622594989836216, 0.09052170068025589, 0.07238040119409561, 0.055125199258327484, 0.06997749954462051, 0.06337209790945053, 0.09000430256128311, 0.07839889824390411, 0.07126230001449585, 0.06934300065040588, 0.069057896733284, 0.07598699629306793, 0.09037899971008301, 0.08672849833965302, 0.07287230342626572, 0.07726959884166718, 0.08792710304260254, 0.05396069958806038, 0.06097690016031265, 0.11089400202035904, 0.09662830084562302, 0.09199719876050949, 0.09014719724655151, 0.10315900295972824, 0.05930440127849579, 0.09276159852743149, 0.0928582027554512, 0.07787919789552689, 0.09544680267572403, 0.07058990001678467, 0.09694240242242813, 0.06602810323238373, -1.0, 0.08238449692726135, 0.07921379804611206, 0.11065299808979034, 0.12257800251245499, 0.06929390132427216, -1.0, 0.0907559022307396, 0.09848430007696152, 0.07004520297050476, 0.05564919859170914, 0.05938209965825081, 0.0911066010594368, 0.06394059956073761, 0.06159999966621399, 0.0832609012722969, 0.08143699914216995, 0.06336670368909836, 0.10610000044107437, 0.09209059923887253, 0.07077720016241074, -1.0, 0.06911510229110718, 0.10479900240898132, 0.07892519980669022, 0.0666235014796257, 0.08231599628925323, 0.07061160355806351, 0.06921440362930298, 0.08312690258026123, 0.06717050075531006, 0.0662354975938797, 0.07335560023784637, 0.06613080203533173, 0.07159560173749924, 0.0550713986158371, 0.0703497976064682, 0.05547799915075302, 0.05505460128188133, 0.06817380338907242, 0.05869520083069801, 0.07802309840917587, 0.054780300706624985, 0.05794940143823624, 0.05690719932317734, 0.07119099795818329, 0.06511899828910828, 0.07405160367488861, 0.07146859914064407, 0.05941459909081459, 0.06519389897584915, 0.06299609690904617, 0.07669200003147125, 0.08023980259895325, 0.0858071967959404, 0.07748570293188095, 0.06069659814238548, 0.01720000058412552, 0.016300000250339508, 0.015200000256299973, 0.03519999980926514, 0.0142000000923872, 0.02239999920129776, 0.01640000008046627, 0.01590000092983246, 0.01510000042617321, 0.018400000408291817, 0.016100000590085983, 0.01489999983459711, 0.015599999576807022, 0.034699998795986176, 0.024399999529123306, 0.019200000911951065, 0.017799999564886093, 0.018300000578165054, 0.039400000125169754, 0.019999999552965164, 0.043800000101327896, 0.020999999716877937, 0.03880000114440918, 0.034299999475479126, 0.053700000047683716, 0.05339999869465828, 0.010200000368058681, 0.015399999916553497, 0.01979999989271164, 0.004900000058114529, 0.00839999970048666, 0.010099999606609344], "alert_name": null,