{"mjd": [55793.23609, 55864.05081, 55864.05456, 55793.228, 55864.05888, 55793.23175], "magerr": [-1.0, 0.19210000336170197, -1.0, -1.0, -1.0, -1.0], "alert_name": null, "observatory": ["Alex Ball-SMARTS1.3", "Alex Ball-SMARTS1.3", "Alex Ball-SMARTS1.3", "Alex Ball-SMARTS1.3", "Alex Ball-SMARTS1.3", "Alex Ball-SMARTS1.3"], "caliberr": [0.0299747996032238, 0.009999999776482582, 0.010001000016927719, 0.05992960184812546, 0.035900700837373734, 0.05707919970154762], "mag": [22.782800674438477, 23.35770034790039, 23.524999618530273, 22.476999282836914, 22.72920036315918, 22.177000045776367], "catalog": ["APASS", "APASS", "APASS", "APASS", "APASS", "APASS"], "filter": ["B", "B", "B", "V", "g", "r"]}