{"mjd": [57464.9173, 57464.91933, 57464.92135, 57464.94061, 57464.94264, 57464.94466, 57464.98442, 57464.98643, 57464.98846, 57474.84883, 57474.85086, 57480.92582, 57480.9275, 57480.92918, 57480.94838, 57480.95006, 57480.95174, 57464.92325, 57464.92493, 57464.92661, 57464.94656, 57464.94824, 57464.94992, 57464.99036, 57464.99204, 57464.99371, 57474.85288, 57474.85456, 57474.85623, 57474.86354, 57474.86521, 57474.86689, 57480.9309, 57480.93258, 57480.93426, 57480.95346, 57480.95514, 57480.95682, 57464.9283, 57464.92998, 57464.93165, 57464.95161, 57464.95329, 57464.95497, 57464.99542, 57464.99708, 57464.99876, 57474.85822, 57474.8599, 57474.86157, 57474.86888, 57474.87056, 57474.87223, 57480.93596, 57480.93763, 57480.93931, 57480.95852, 57480.9602, 57480.96186, 57464.91429, 57464.93336, 57464.93504, 57464.93671, 57464.95667, 57464.95835, 57464.96002, 57464.96336, 57464.96537, 57464.9674, 57464.96942, 57464.97145, 57465.00046, 57465.00214, 57465.00382, 57474.87394, 57474.87561, 57474.87729, 57474.87948, 57474.88127, 57474.88309, 57480.94101, 57480.94269, 57480.94436, 57480.96356, 57480.96524], "magerr": [0.009600000455975533, 0.010400000028312206, 0.008999999612569809, 0.01119999960064888, 0.00989999994635582, 0.010999999940395355, 0.009600000455975533, 0.009700000286102295, 0.010700000450015068, 0.007600000128149986, 0.0071000000461936, 0.012500000186264515, 0.010900000110268593, 0.01119999960064888, 0.012400000356137753, 0.014000000432133675, 0.01360000018030405, 0.00839999970048666, 0.007400000002235174, 0.0071000000461936, 0.00860000029206276, 0.008100000210106373, 0.00930000003427267, 0.008200000040233135, 0.007899999618530273, 0.007699999958276749, 0.006300000008195639, 0.006099999882280827, 0.006000000052154064, 0.007300000172108412, 0.007199999876320362, 0.007400000002235174, 0.00930000003427267, 0.011300000362098217, 0.01140000019222498, 0.010599999688565731, 0.011500000022351742, 0.010300000198185444, 0.00570000009611249, 0.00570000009611249, 0.006099999882280827, 0.006300000008195639, 0.006000000052154064, 0.006000000052154064, 0.005400000140070915, 0.006000000052154064, 0.006000000052154064, 0.005200000014156103, 0.00559999980032444, 0.005200000014156103, 0.0052999998442828655, 0.005400000140070915, 0.005799999926239252, 0.010400000028312206, 0.009600000455975533, 0.013299999758601189, 0.007400000002235174, 0.00839999970048666, 0.007699999958276749, 0.006399999838322401, 0.006000000052154064, 0.005799999926239252, 0.007000000216066837, 0.008299999870359898, 0.0071000000461936, 0.007799999788403511, 0.007300000172108412, 0.007300000172108412, 0.006200000178068876, 0.0052999998442828655, 0.005200000014156103, 0.006099999882280827, 0.006399999838322401, 0.006599999964237213, 0.005799999926239252, 0.005200000014156103, 0.006599999964237213, 0.0066999997943639755, 0.005799999926239252, 0.006899999920278788, 0.014299999922513962, 0.009399999864399433, 0.009700000286102295, 0.00989999994635582, 0.009200000204145908], "alert_name": null, "observatory": ["Bialkow, Z.Kolaczkow", "Bialkow, Z.Kolaczkow", "Bialkow, Z.Kolaczkow", "Bialkow, Z.Kolaczkow", "Bialkow, Z.Kolaczkow", "Bialkow, Z.Kolaczkow", "Bialkow, Z.Kolaczkow", "Bialkow, Z.Kolaczkow", "Bialkow, Z.Kolaczkow", "Bialkow, Z.Kolaczkow", "Bialkow, Z.Kolaczkow", "Bialkow, Z.Kolaczkow", "Bialkow, Z.Kolaczkow", "Bialkow, Z.Kolaczkow", "Bialkow, Z.Kolaczkow", "Bialkow, Z.Kolaczkow", "Bialkow, Z.Kolaczkow", "Bialkow, Z.Kolaczkow", "Bialkow, Z.Kolaczkow", "Bialkow, Z.Kolaczkow", "Bialkow, Z.Kolaczkow", "Bialkow, Z.Kolaczkow", "Bialkow, Z.Kolaczkow", "Bialkow, Z.Kolaczkow", "Bialkow, Z.Kolaczkow", "Bialkow, Z.Kolaczkow", "Bialkow, Z.Kolaczkow", "Bialkow, Z.Kolaczkow", "Bialkow, Z.Kolaczkow", "Bialkow, Z.Kolaczkow", "Bialkow, Z.Kolaczkow", "Bialkow, Z.Kolaczkow", "Bialkow, Z.Kolaczkow", "Bialkow, Z.Kolaczkow", "Bialkow, Z.Kolaczkow", "Bialkow, Z.Kolaczkow", "Bialkow, Z.Kolaczkow", "Bialkow, Z.Kolaczkow", "Bialkow, Z.Kolaczkow", "Bialkow, Z.Kolaczkow", "Bialkow, Z.Kolaczkow", "Bialkow, Z.Kolaczkow", "Bialkow, Z.Kolaczkow", "Bialkow, Z.Kolaczkow", "Bialkow, Z.Kolaczkow", "Bialkow, Z.Kolaczkow", "Bialkow, Z.Kolaczkow", "Bialkow, Z.Kolaczkow", "Bialkow, Z.Kolaczkow", "Bialkow, Z.Kolaczkow", "Bialkow, Z.Kolaczkow", "Bialkow, Z.Kolaczkow", "Bialkow, Z.Kolaczkow", "Bialkow, Z.Kolaczkow", "Bialkow, Z.Kolaczkow", "Bialkow, Z.Kolaczkow", "Bialkow, Z.Kolaczkow", "Bialkow, Z.Kolaczkow", "Bialkow, Z.Kolaczkow", "Bialkow, Z.Kolaczkow", "Bialkow, Z.Kolaczkow", "Bialkow, Z.Kolaczkow", "Bialkow, Z.Kolaczkow", "Bialkow, Z.Kolaczkow", "Bialkow, Z.Kolaczkow", "Bialkow, Z.Kolaczkow", "Bialkow, Z.Kolaczkow", "Bialkow, Z.Kolaczkow", "Bialkow, Z.Kolaczkow", "Bialkow, Z.Kolaczkow", "Bialkow, Z.Kolaczkow", "Bialkow, Z.Kolaczkow", "Bialkow, Z.Kolaczkow", "Bialkow, Z.Kolaczkow", "Bialkow, Z.Kolaczkow", "Bialkow, Z.Kolaczkow", "Bialkow, Z.Kolaczkow", "Bialkow, Z.Kolaczkow", "Bialkow, Z.Kolaczkow", "Bialkow, Z.Kolaczkow", "Bialkow, Z.Kolaczkow", "Bialkow, Z.Kolaczkow", "Bialkow, Z.Kolaczkow", "Bialkow, Z.Kolaczkow", "Bialkow, Z.Kolaczkow"], "caliberr": [0.16585199534893036, 0.24961599707603455, 0.009999999776482582, 0.14275799691677094, 0.04783099889755249, 0.1947309970855713, 0.11296399682760239, 0.10836199671030045, 0.11023599654436111, 0.09023919701576233, 0.10950800031423569, 0.07924730330705643, 0.009999999776482582, 0.22088900208473206, 0.09908120334148407, 0.11637499928474426, 0.10506600141525269, 0.009999999776482582, 0.04511990025639534, 0.08501069992780685, 0.03032669983804226, 0.040976401418447495, 0.06735769659280777, 0.040157999843358994, 0.05767200142145157, 0.020242400467395782, 0.07287909835577011, 0.0403876006603241, 0.0343375988304615, 0.009999999776482582, 0.009999999776482582, 0.033664900809526443, 0.05911099910736084, 0.11102399975061417, 0.1288679987192154, 0.04936220124363899, 0.05106469988822937, 0.038582298904657364, 0.0880671963095665, 0.11671599745750427, 0.061729200184345245, 0.08020869642496109, 0.05606149882078171, 0.07219229638576508, 0.06898629665374756, 0.05692100152373314, 0.05871960148215294, 0.06500670313835144, 0.06842820346355438, 0.08693230152130127, 0.06116040050983429, 0.06621120125055313, 0.07151240110397339, 0.10503099858760834, 0.08758190274238586, 0.14988000690937042, 0.07111860066652298, 0.06190880015492439, 0.06517300009727478, 0.11812400072813034, 0.009999999776482582, 0.052061401307582855, 0.15807899832725525, 0.13951699435710907, 0.11206799745559692, 0.26521599292755127, 0.20135299861431122, 0.2307569980621338, 0.13317599892616272, 0.06881099939346313, 0.1044510006904602, 0.009999999776482582, 0.009999999776482582, 0.009999999776482582, 0.0636570006608963, 0.009999999776482582, 0.09230220317840576, 0.07768470048904419, 0.0595179982483387, 0.1152300015091896, 0.3114449977874756, 0.1003360003232956, 0.2696459889411926, 0.10138200223445892, 0.12777699530124664],