{"mjd": [57159.2755276, 57159.2851578, 57155.2647038, 57156.3279194, 57158.2706219, 57159.2948017], "magerr": [0.00419999985024333, 0.00279999990016222, 0.0015999999595806003, 0.0035000001080334187, 0.0017000000225380063, 0.001500000013038516], "alert_name": null, "observatory": ["Euler Geneva Group", "Euler Geneva Group", "Euler Geneva Group", "Euler Geneva Group", "Euler Geneva Group", "Euler Geneva Group"], "caliberr": [0.09000200033187866, 0.07953239977359772, 0.05194609984755516, 0.04662710055708885, 0.04736759886145592, 0.06183740124106407], "mag": [17.81100082397461, 17.168100357055664, 16.93280029296875, 16.923599243164062, 16.956600189208984, 16.961200714111328], "catalog": ["APASS", "APASS", "APASS", "APASS", "APASS", "APASS"], "filter": ["B", "V", "r", "r", "r", "r"]}