{"mjd": [56010.1732663, 56010.1452168, 56010.1543941, 56010.1983522, 56010.1501998], "magerr": [0.025200000032782555, 0.06949999928474426, -1.0, 0.019999999552965164, 0.021900000050663948], "observatory": ["AshishMahabalEulerLa", "AshishMahabalEulerLa", "AshishMahabalEulerLa", "AshishMahabalEulerLa", "AshishMahabalEulerLa"], "mag": [19.6648006439209, 20.34309959411621, 28.364299774169922, 20.071500778198242, 19.85449981689453], "filter": ["V", "B2pg", "V", "V", "r"], "catalog": ["SDSS", "USNO", "APASS", "APASS", "APASS"], "caliberr": [1.7273499965667725, 1.353909969329834, 0.028388500213623047, 0.23455600440502167, 0.09426479786634445]}