{"mjd": [56059.9972634912, 56063.987562716, 56059.9881648421, 56063.97838521, 56059.9935810566, 56063.9839057922], "magerr": [0.2184000015258789, -1.0, -1.0, -1.0, 0.18140000104904175, -1.0], "observatory": ["RichardAndersonEuler", "RichardAndersonEuler", "RichardAndersonEuler", "RichardAndersonEuler", "RichardAndersonEuler", "RichardAndersonEuler"], "mag": [22.33180046081543, 27.640199661254883, 24.962499618530273, 26.018699645996094, 22.182199478149414, 25.700000762939453], "filter": ["i", "i", "B", "B", "r", "r"], "catalog": ["SDSS", "SDSS", "APASS", "APASS", "APASS", "APASS"], "caliberr": [0.07646100223064423, 0.071670301258564, 0.11166200041770935, 0.11372599750757217, 0.08875440061092377, 0.07573830336332321]}