{"mjd": [55942.0618437, 55942.0503227, 55942.050995, 55942.0515471, 55942.0534075, 55942.2678083, 55942.2685479, 55942.2690745, 55942.2709859, 55942.0565923, 55942.2742428, 55942.053407494, 55942.2709859312], "magerr": [-1.0, -1.0, -1.0, -1.0, 0.04039999842643738, -1.0, -1.0, -1.0, 0.06480000168085098, 0.04879999905824661, 0.061400000005960464, 0.04560000076889992, 0.07419999688863754], "alert_name": null, "observatory": ["AshishMahabalEulerLa", "AshishMahabalEulerLa", "AshishMahabalEulerLa", "AshishMahabalEulerLa", "AshishMahabalEulerLa", "AshishMahabalEulerLa", "AshishMahabalEulerLa", "AshishMahabalEulerLa", "AshishMahabalEulerLa", "AshishMahabalEulerLa", "AshishMahabalEulerLa", "RichardAndersonEuler", "RichardAndersonEuler"], "caliberr": [0.07895790040493011, 0.05348040163516998, 0.055623799562454224, 0.055639199912548065, 0.046865999698638916, 0.07956039905548096, 0.08873800188302994, 0.05873800069093704, 0.05500730127096176, 0.019473500549793243, 0.032370198518037796, 0.04734719917178154, 0.05402280017733574], "mag": [23.23550033569336, 19.71430015563965, 19.754100799560547, 19.80620002746582, 20.90049934387207, 19.58139991760254, 19.35689926147461, 19.374300003051758, 21.071300506591797, 20.367000579833984, 20.400699615478516, 20.80590057373047, 20.972400665283203], "catalog": ["APASS", "APASS", "APASS", "APASS", "APASS", "APASS", "APASS", "APASS", "APASS", "PS1", "PS1", "PS1", "PS1"], "filter": ["B", "r", "r", "r", "r", "r", "r", "r", "r", "i", "i", "r", "r"]}