{"mjd": [56577.1169, 56581.0883322917, 56577.1473, 56584.191782, 56584.193218, 56581.0289815972, 56586.124387, 56586.125833, 56586.12728, 56586.128032, 56581.127975, 56587.121551, 56587.122998, 56582.050312, 56584.08196, 56588.118958, 56588.120405, 56588.121852, 56588.122604, 56589.117731, 56577.0974, 56577.1011, 56584.194676, 56587.124456, 56587.125197, 56581.111771, 56581.0582637731, 56581.138264, 56581.139711, 56581.0362751158, 56581.0659840279, 56581.16022, 56581.142095, 56581.141343, 56604.072211, 56604.073194, 56581.0958611113, 56581.119248, 56604.074387, 56604.07735, 56604.078808, 56604.080255, 56581.0138537036, 56581.143843, 56604.075127, 56604.075903, 56581.043589815, 56581.0736700231, 56606.9776284723, 56606.9927070602, 56607.022710185, 56607.0527761574, 56607.0824179398, 56607.1121403934, 56607.0304650464, 56607.0601247684, 56607.090165162, 56607.1198981483, 56607.0073618055, 56607.037775347, 56607.0674321759, 56607.0974756945, 56602.077685, 56601.101933, 56602.078669, 56602.079664, 56602.081192, 56602.084097, 56602.085544, 56601.102917, 56601.103924, 56602.080417, 56600.086725, 56601.104676, 56602.082639, 56600.08816, 56600.08963, 56600.091076, 56601.10544, 56603.081134, 56601.106887, 56601.108356, 56603.082118, 56601.109803, 56603.083125, 56603.083877, 56603.084838, 56603.086273, 56603.087743, 56603.08919], "magerr": [0.042899999767541885, 0.01360000018030405, 0.03669999912381172, 0.07965119928121567, 0.07782509922981262, 0.017999999225139618, 0.05814779922366142, 0.057883501052856445, 0.06875590234994888, 0.07087679952383041, 0.0860000029206276, 0.06813439726829529, 0.06313929706811905, 0.21799999475479126, 0.014000000432133675, 0.07303330302238464, 0.06422270089387894, 0.08935459703207016, 0.07812689989805222, 0.08095990121364594, 0.029200000688433647, 0.053199999034404755, 0.07554540038108826, 0.076602503657341, 0.08676230162382126, 0.12800000607967377, 0.01360000018030405, 0.04825970157980919, 0.04938409850001335, 0.01850000023841858, 0.01489999983459711, 0.08100000023841858, 0.05487700179219246, 0.0575203001499176, -1.0, -1.0, 0.014700000174343586, 0.13199999928474426, 0.0850697010755539, 0.0853303000330925, -1.0, -1.0, 0.018699999898672104, 0.09200000017881393, 0.0926847979426384, 0.08629079908132553, 0.013700000010430813, 0.013000000268220901, -1.0, -1.0, -1.0, -1.0, -1.0, -1.0, -1.0, -1.0, -1.0, -1.0, 0.023399999365210533, 0.022700000554323196, 0.021400000900030136, 0.021900000050663948, -1.0, -1.0, -1.0, 0.08203669637441635, 0.11348100006580353, -1.0, -1.0, -1.0, 0.10097700357437134, 0.0864591971039772, 0.07147219777107239, 0.09353379905223846, 0.1183829978108406, 0.07549940049648285, -1.0, -1.0, 0.08117669820785522, -1.0, 0.08057449758052826, -1.0, -1.0, -1.0, 0.09895040094852448, 0.09278570115566254, 0.08273109793663025, 0.08332300186157227, -1.0, -1.0], "observatory": ["Giuseppe Leto APT2 C", "WiseC18-Yossi Shvart", "Giuseppe Leto APT2 C", "Stuart Littlefair, p", "Stuart Littlefair, p", "WiseC18-Yossi Shvart", "Stuart Littlefair, p", "Stuart Littlefair, p", "Stuart Littlefair, p", "Stuart Littlefair, p", "Ulrich Kolb, PIRATE,", "Stuart Littlefair, p", "Stuart Littlefair, p", "Ulrich Kolb, PIRATE,", "Ostrowik 0.6m Lukasz", "Stuart Littlefair, p", "Stuart Littlefair, p", "Stuart Littlefair, p", "Stuart Littlefair, p", "Stuart Littlefair, p", "Giuseppe Leto APT2 C", "Giuseppe Leto APT2 C", "Stuart Littlefair, p", "Stuart Littlefair, p", "Stuart Littlefair, p", "Ulrich Kolb, PIRATE,", "WiseC18-Yossi Shvart", "Stuart Littlefair, p", "Stuart Littlefair, p", "WiseC18-Yossi Shvart", "WiseC18-Yossi Shvart", "Ulrich Kolb, PIRATE,", "Stuart Littlefair, p", "Stuart Littlefair, p", "Stuart Littlefair, p", "Stuart Littlefair, p", "WiseC18-Yossi Shvart", "Ulrich Kolb, PIRATE,", "Stuart Littlefair, p", "Stuart Littlefair, p", "Stuart Littlefair, p", "Stuart Littlefair, p", "WiseC18-Yossi Shvart", "Ulrich Kolb, PIRATE,", "Stuart Littlefair, p", "Stuart Littlefair, p", "WiseC18-Yossi Shvart", "WiseC18-Yossi Shvart", "WiseC18-Yossi Shvart", "WiseC18-Yossi Shvart", "WiseC18-Yossi Shvart", "WiseC18-Yossi Shvart", "WiseC18-Yossi Shvart", "WiseC18-Yossi Shvart", "WiseC18-Yossi Shvart", "WiseC18-Yossi Shvart", "WiseC18-Yossi Shvart", "WiseC18-Yossi Shvart", "WiseC18-Yossi Shvart", "WiseC18-Yossi Shvart", "WiseC18-Yossi Shvart", "WiseC18-Yossi Shvart", "Stuart Littlefair, p", "Stuart Littlefair, p", "Stuart Littlefair, p", "Stuart Littlefair, p", "Stuart Littlefair, p", "Stuart Littlefair, p", "Stuart Littlefair, p", "Stuart Littlefair, p", "Stuart Littlefair, p", "Stuart Littlefair, p", "Stuart Littlefair, p", "Stuart Littlefair, p", "Stuart Littlefair, p", "Stuart Littlefair, p", "Stuart Littlefair, p", "Stuart Littlefair, p", "Stuart Littlefair, p", "Stuart Littlefair, p", "Stuart Littlefair, p", "Stuart Littlefair, p", "Stuart Littlefair, p", "Stuart Littlefair, p", "Stuart Littlefair, p", "Stuart Littlefair, p", "Stuart Littlefair, p", "Stuart Littlefair, p", "Stuart Littlefair, p", "Stuart Littlefair, p"], "mag": [16.82900047302246, 16.464599609375, 16.55190086364746, 16.922300338745117, 16.726699829101562, 16.52120018005371, 16.86050033569336, 16.730899810791016, 16.993099212646484, 16.882200241088867, 16.528900146484375, 17.002300262451172, 16.735200881958008, 16.813400268554688, 16.907100677490234, 16.942100524902344, 16.815099716186523, 17.263099670410156, 16.857900619506836, 17.17889976501465, 16.493799209594727, 16.736299514770508, 16.606199264526367, 17.005300521850586, 16.884300231933594, 16.62579917907715, 16.479299545288086, 16.649200439453125, 16.46190071105957, 16.555500030517578, 16.486799240112305, 16.728900909423828, 16.514699935913086, 16.457199096679688, 17.852800369262695, 18.15959930419922, 16.490100860595703, 16.828399658203125, 17.35379981994629, 17.91510009765625, 19.07740020751953, 19.002300262451172, 16.371000289916992, 16.781099319458008, 17.487899780273438, 17.961999893188477, 16.304100036621094, 16.278200149536133, 17.75670051574707, 17.743099212646484, 17.650400161743164, 17.856700897216797, 17.892499923706055, 17.768999099731445, 17.651399612426758, 17.741199493408203, 17.778900146484375, 17.402000427246094, 16.877700805664062, 16.888399124145508, 16.876800537109375, 16.91189956665039, 17.374300003051758, 17.930099487304688, 17.423799514770508, 17.38960075378418, 17.881999969482422, 18.80769920349121, 19.139799118041992, 17.957000732421875, 17.374500274658203, 17.558900833129883, 17.32309913635254, 17.570499420166016, 17.926300048828125, 17.26569938659668, 18.955299377441406, 18.741500854492188, 17.54400062561035, 18.1200008392334, 17.38800048828125, 19.135400772094727, 17.81060028076172, 19.173500061035156, 17.67889976501465, 17.538400650024414, 17.652599334716797, 17.743499755859375, 18.77910041809082, 19.261199951171875], "filter": ["B", "V", "V", "V", "V", "V", "V", "V", "r", "r", "r", "V", "V", "V", "r", "V", "V", "r", "r", "V", "r", "i", "r", "r", "r", "V", "V", "V", "V", "g", "g", "V", "r", "r", "i", "i", "g", "g", "r", "V", "B", "B", "r", "g", "r", "V", "r", "r", "r", "V", "V", "V", "V", "V", "g", "g", "g", "g", "r", "r", "r", "r", "i", "i", "i", "r", "V", "B", "B", "i", "r", "r", "V", "r", "V", "V", "B", "B", "V", "i", "V", "B", "i", "B", "r", "r", "V", "V", "B", "B"],