{"mjd": [57479.0138015509, 57479.0185596991, 57479.0226304398], "magerr": [0.019700000062584877, 0.01679999940097332, 0.038100000470876694], "alert_name": null, "observatory": ["LCOGT Gaia Alerts Gr", "LCOGT Gaia Alerts Gr", "LCOGT Gaia Alerts Gr"], "caliberr": [0.028395600616931915, 0.02694219909608364, 0.033829499036073685], "mag": [19.02199935913086, 18.460500717163086, 18.815000534057617], "catalog": ["PS1", "PS1", "PS1"], "filter": ["g", "r", "i"]}