{"mjd": [57147.8603895, 57147.8634458, 57147.8759049, 57147.8824401, 57147.8603895, 57147.8634458, 57147.8759049, 57147.8824401, 57147.8603895, 57147.8634458, 57147.8759049, 57147.8824401], "magerr": [-1.0, -1.0, -1.0, -1.0, -1.0, -1.0, -1.0, -1.0, -1.0, -1.0, -1.0, -1.0], "observatory": ["Anna Hourihane", "Anna Hourihane", "Anna Hourihane", "Anna Hourihane", "Anna Hourihane", "Anna Hourihane", "Anna Hourihane", "Anna Hourihane", "Anna Hourihane", "Anna Hourihane", "Anna Hourihane", "Anna Hourihane"], "mag": [17.8085994720459, 20.44379997253418, 21.69099998474121, 20.803600311279297, 18.968299865722656, 20.80780029296875, 21.88010025024414, 21.957000732421875, 22.52400016784668, 23.66860008239746, 26.030399322509766, 27.12779998779297], "filter": ["u", "u", "u", "u", "g", "g", "g", "g", "r", "r", "r", "r"], "catalog": ["SDSS", "SDSS", "SDSS", "SDSS", "SDSS", "SDSS", "SDSS", "SDSS", "SDSS", "SDSS", "SDSS", "SDSS"], "caliberr": [0.09427250176668167, 0.06710799783468246, 0.05815510079264641, 0.06493300199508667, 0.041652701795101166, 0.06996390223503113, 0.057128701359033585, 0.05386120080947876, 0.05518139898777008, 0.06234690174460411, 0.05924220010638237, 0.0698522999882698]}