{"mjd": [57469.89973, 57469.904605, 57469.927148], "magerr": [0.08470000326633453, 0.06870000064373016, 0.10159999877214432], "alert_name": null, "observatory": ["T100,Hasan Esenoglu", "T100,Hasan Esenoglu", "T100,Hasan Esenoglu"], "caliberr": [0.03529579937458038, 0.0668255016207695, 0.04892190173268318], "mag": [17.862199783325195, 17.787200927734375, 18.763700485229492], "catalog": ["APASS", "APASS", "APASS"], "filter": ["g", "g", "r"]}