{"mjd": [57120.01166713, 57146.9833514], "magerr": [0.1746000051498413, -1.0], "alert_name": null, "observatory": ["K.Wiersema-Leicester", "Anna Hourihane"], "caliberr": [0.040702998638153076, 0.09415549784898758], "mag": [19.79199981689453, 21.431800842285156], "catalog": ["APASS", "SDSS"], "filter": ["V", "g"]}