{"mjd": [55852.18809, 55852.19615, 55868.06461, 55852.19183, 55868.06029, 55868.05655], "magerr": [-1.0, -1.0, -1.0, -1.0, -1.0, -1.0], "observatory": ["Alex Ball-SMARTS1.3", "Alex Ball-SMARTS1.3", "Alex Ball-SMARTS1.3", "Alex Ball-SMARTS1.3", "Alex Ball-SMARTS1.3", "Alex Ball-SMARTS1.3"], "mag": [21.6387996673584, 22.845500946044922, 22.489299774169922, 22.12350082397461, 22.3700008392334, 21.811899185180664], "filter": ["i", "B", "B", "V", "V", "R"], "catalog": ["SDSS", "SDSS", "SDSS", "SDSS", "SDSS", "SDSS"], "caliberr": [0.2952370047569275, 0.07549580186605453, 0.08924630284309387, 0.14659500122070312, 0.14874599874019623, 0.18643799424171448]}