{"mjd": [57452.8267197], "magerr": [0.05559999868273735], "alert_name": null, "observatory": ["K.Wiersema-Leicester"], "caliberr": [0.03595240041613579], "mag": [17.595600128173828], "catalog": ["APASS"], "filter": ["V"]}