{"mjd": [57441.3925307, 57442.3980955], "magerr": [0.02979999966919422, 0.03759999945759773], "observatory": ["Euler Geneva Group", "Euler Geneva Group"], "mag": [19.428499221801758, 19.512800216674805], "filter": ["r", "r"], "catalog": ["APASS", "APASS"], "caliberr": [0.20424500107765198, 0.042906101793050766]}