{"mjd": [57125.386567, 57131.4075621, 57132.3893811, 57133.3878808], "magerr": [0.009600000455975533, 0.010300000198185444, -1.0, 0.012199999764561653], "observatory": ["Euler Geneva Group", "Euler Geneva Group", "Euler Geneva Group", "Euler Geneva Group"], "mag": [18.190799713134766, 18.582199096679688, 18.75589942932129, 18.820999145507812], "filter": ["r", "r", "r", "r"], "catalog": ["APASS", "APASS", "APASS", "APASS"], "caliberr": [0.18172100186347961, 0.19115300476551056, 0.0387750007212162, 0.17896899580955505]}