{"mjd": [57192.8910069442, 57192.9077314814, 57192.8946412038, 57192.9113657409, 57192.8982870369, 57192.915011574, 57192.9019328705, 57192.9186458332], "magerr": [-1.0, -1.0, -1.0, -1.0, -1.0, -1.0, -1.0, -1.0], "observatory": ["Goran Damljanovic, A", "Goran Damljanovic, A", "Goran Damljanovic, A", "Goran Damljanovic, A", "Goran Damljanovic, A", "Goran Damljanovic, A", "Goran Damljanovic, A", "Goran Damljanovic, A"], "mag": [22.167800903320312, 21.887300491333008, 22.31100082397461, 21.989099502563477, 22.412500381469727, 22.177900314331055, 21.62700080871582, 21.05340003967285], "filter": ["B", "B", "V", "V", "r", "r", "i", "i"], "catalog": ["APASS", "APASS", "APASS", "APASS", "APASS", "APASS", "APASS", "APASS"], "caliberr": [0.07393159717321396, 0.05713219940662384, 0.09448959678411484, 0.07554910331964493, 0.08321569859981537, 0.07778420299291611, 0.3482210040092468, 0.07153529673814774]}