{"mjd": [56918.1225728, 56918.1225728], "magerr": [-1.0, -1.0], "alert_name": null, "observatory": ["Heather Campbell", "Heather Campbell"], "caliberr": [0.009999999776482582, 0.009999999776482582], "mag": [24.39929962158203, 25.021799087524414], "catalog": ["APASS", "APASS"], "filter": ["g", "r"]}