{"mjd": [55671.10899, 55671.12079, 55671.12633], "magerr": [0.12530000507831573, 0.10729999840259552, 0.10249999910593033], "alert_name": null, "observatory": ["Alex Ball-SMARTS1.3", "Alex Ball-SMARTS1.3", "Alex Ball-SMARTS1.3"], "caliberr": [0.3631480038166046, 0.4052889943122864, 0.4471440017223358], "mag": [19.440900802612305, 19.210599899291992, 19.116199493408203], "catalog": ["USNO", "USNO", "USNO"], "filter": ["R1pg", "R1pg", "R1pg"]}