{"mjd": [56917.2003858, 56917.2003858, 56917.2003858, 56917.950962, 56921.023755, 56922.855373, 56926.901358, 56927.900477, 56917.956056, 56921.012596, 56922.862812, 56926.908778, 56927.906853, 56917.960146, 56921.017724, 56922.86875, 56926.916101, 56927.912118, 56923.951553, 56923.957932, 56923.963209], "magerr": [0.12409999966621399, 0.008500000461935997, -1.0, 0.0430000014603138, 0.03799999877810478, 0.024000000208616257, 0.057999998331069946, 0.04600000008940697, 0.032999999821186066, 0.032999999821186066, 0.017999999225139618, 0.04699999839067459, 0.03700000047683716, 0.029999999329447746, 0.027000000700354576, 0.020999999716877937, 0.03799999877810478, 0.03200000151991844, 0.039000000804662704, 0.03099999949336052, 0.028999999165534973], "alert_name": null, "observatory": ["Heather Campbell", "Heather Campbell", "Heather Campbell", "Loiano,K.Ulaczyk", "Loiano,K.Ulaczyk", "Loiano,K.Ulaczyk", "Loiano,K.Ulaczyk", "Loiano,K.Ulaczyk", "Loiano,K.Ulaczyk", "Loiano,K.Ulaczyk", "Loiano,K.Ulaczyk", "Loiano,K.Ulaczyk", "Loiano,K.Ulaczyk", "Loiano,K.Ulaczyk", "Loiano,K.Ulaczyk", "Loiano,K.Ulaczyk", "Loiano,K.Ulaczyk", "Loiano,K.Ulaczyk", "Loiano,K.Ulaczyk", "Loiano,K.Ulaczyk", "Loiano,K.Ulaczyk"], "caliberr": [0.12247399985790253, 0.009999999776482582, 0.009999999776482582, 0.08876930177211761, 0.09427390247583389, 0.08352530002593994, 0.10443399846553802, 0.10368900001049042, 0.1457660049200058, 0.11405500024557114, 0.0932144969701767, 0.1229029968380928, 0.13346800208091736, 0.2739740014076233, 0.2771320044994354, 0.37806200981140137, 0.25630900263786316, 0.27379998564720154, 0.06172550097107887, 0.0404789000749588, 0.21268199384212494], "mag": [19.026899337768555, 17.20159912109375, 30.432100296020508, 18.004499435424805, 18.033300399780273, 17.74449920654297, 18.03660011291504, 18.07309913635254, 17.193700790405273, 17.207799911499023, 17.042499542236328, 17.16790008544922, 17.258800506591797, 17.27239990234375, 17.3617000579834, 17.31800079345703, 17.404499053955078, 17.462799072265625, 17.88279914855957, 17.098899841308594, 16.989599227905273], "catalog": ["SDSS", "APASS", "APASS", "SDSS", "SDSS", "SDSS", "SDSS", "SDSS", "SDSS", "SDSS", "SDSS", "SDSS", "SDSS", "SDSS", "SDSS", "SDSS", "SDSS", "SDSS", "APASS", "APASS", "APASS"], "filter": ["u", "g", "r", "g", "g", "g", "g", "g", "r", "r", "r", "r", "r", "i", "i", "i", "i", "i", "g", "r", "i"]}