{"mjd": [57167.9502677778, 57167.9592577546, 57167.9547693171, 57164.0910214], "magerr": [-1.0, 0.15800000727176666, -1.0, 0.01640000008046627], "alert_name": null, "observatory": ["LCOGT Gaia Alerts Gr", "LCOGT Gaia Alerts Gr", "LCOGT Gaia Alerts Gr", "Euler Geneva Group"], "caliberr": [0.04060009866952896, 0.024102099239826202, 0.07351449877023697, 0.03587950021028519], "mag": [20.133499145507812, 19.904800415039062, 19.65369987487793, 19.2460994720459], "catalog": ["APASS", "APASS", "APASS", "APASS"], "filter": ["g", "r", "i", "r"]}