{"mjd": [57161.054094, 57161.036903], "magerr": [0.026000000536441803, 0.041999999433755875], "alert_name": null, "observatory": ["Loiano,M.Pawlak", "Loiano,M.Pawlak"], "caliberr": [0.12721499800682068, 0.202457994222641], "mag": [19.542299270629883, 18.956300735473633], "catalog": ["SDSS", "SDSS"], "filter": ["g", "i"]}