{"mjd": [57151.2371327, 57152.2708143, 57155.2543991, 57147.992259, 57147.9941535, 57147.9993821, 57149.1738536, 57147.992259, 57147.9941535, 57147.9993821, 57149.1696007, 57149.1738536, 57147.992259, 57147.9941535, 57147.9993821, 57149.1696007, 57149.1738536], "magerr": [0.0031999999191612005, 0.0027000000700354576, 0.002300000051036477, -1.0, -1.0, -1.0, -1.0, -1.0, 0.019999999552965164, 0.014000000432133675, -1.0, -1.0, 0.02539999969303608, -1.0, 0.007899999618530273, 0.02319999970495701, -1.0], "observatory": ["Euler Geneva Group", "Euler Geneva Group", "Euler Geneva Group", "Anna Hourihane", "Anna Hourihane", "Anna Hourihane", "Anna Hourihane", "Anna Hourihane", "Anna Hourihane", "Anna Hourihane", "Anna Hourihane", "Anna Hourihane", "Anna Hourihane", "Anna Hourihane", "Anna Hourihane", "Anna Hourihane", "Anna Hourihane"], "mag": [15.994999885559082, 16.027299880981445, 15.989100456237793, 17.277000427246094, 19.2362003326416, 20.712499618530273, 21.208799362182617, 19.3887996673584, 16.6033992767334, 16.576900482177734, 19.1835994720459, 21.707399368286133, 16.266300201416016, 24.789400100708008, 16.032499313354492, 16.18000030517578, 26.832399368286133], "filter": ["r", "r", "r", "u", "u", "u", "u", "g", "g", "g", "g", "g", "r", "r", "r", "r", "r"], "catalog": ["APASS", "APASS", "APASS", "SDSS", "SDSS", "SDSS", "SDSS", "SDSS", "SDSS", "SDSS", "SDSS", "SDSS", "SDSS", "SDSS", "SDSS", "SDSS", "SDSS"], "caliberr": [0.009999999776482582, 0.009999999776482582, 0.009999999776482582, 0.08803609758615494, 0.09793879836797714, 0.06528150290250778, 0.06050010025501251, 0.06324789673089981, 0.04201529920101166, 0.060356900095939636, 0.05700159817934036, 0.06632050126791, 0.06580249965190887, 0.07403779774904251, 0.05200450122356415, 0.06332819908857346, 0.06058289855718613]}