{"mjd": [57105.4359475, 57105.444276412, 57105.4404678935, 57101.9819786, 57102.988929, 57103.9836161], "magerr": [0.04100000113248825, 0.03700000047683716, 0.06599999964237213, 0.016100000590085983, 0.01080000028014183, 0.01590000092983246], "observatory": ["LCOGT Gaia Alerts Gr", "LCOGT Gaia Alerts Gr", "LCOGT Gaia Alerts Gr", "Euler Geneva Group", "Euler Geneva Group", "Euler Geneva Group"], "mag": [18.43950080871582, 18.10059928894043, 17.926599502563477, 17.422000885009766, 17.528200149536133, 17.780500411987305], "filter": ["g", "r", "i", "r", "r", "r"], "catalog": ["APASS", "APASS", "APASS", "APASS", "APASS", "APASS"], "caliberr": [0.03570970147848129, 0.03781399875879288, 0.08828839659690857, 0.26783400774002075, 0.23760299384593964, 0.2530680000782013]}