{"mjd": [56917.8569942, 56917.8569942, 56906.852315, 56906.852315, 56906.852315, 56907.81881, 56907.83157, 56907.843318], "magerr": [0.01899999938905239, 99.0, 0.03400000184774399, 0.035999998450279236, 0.04800000041723251, 0.0430000014603138, 0.0430000014603138, 0.052000001072883606], "observatory": ["Heather Campbell", "Heather Campbell", "Loiano,K.Ulaczyk", "Loiano,K.Ulaczyk", "Loiano,K.Ulaczyk", "Loiano,K.Ulaczyk", "Loiano,K.Ulaczyk", "Loiano,K.Ulaczyk"], "mag": [18.128799438476562, 127.6760025024414, 18.49250030517578, 18.240400314331055, 18.25659942626953, 17.83049964904785, 18.063899993896484, 18.130800247192383], "filter": ["g", "r", "g", "r", "i", "i", "i", "i"], "catalog": ["SDSS", "SDSS", "SDSS", "SDSS", "SDSS", "SDSS", "SDSS", "SDSS"], "caliberr": [0.240323007106781, 0.14428099989891052, 0.11569000035524368, 0.15682299435138702, 0.33190399408340454, 0.35197100043296814, 0.4153040051460266, 0.3323799967765808]}