{"mjd": [57048.79960266], "magerr": [0.10329999774694443], "alert_name": null, "observatory": ["K.Wiersema-Leicester"], "caliberr": [0.0850175991654396], "mag": [16.956600189208984], "catalog": ["APASS"], "filter": ["V"]}