{"mjd": [57460.8611972], "magerr": [0.039799999445676804], "alert_name": null, "observatory": ["K.Wiersema-Leicester"], "caliberr": [0.05106310173869133], "mag": [17.768199920654297], "catalog": ["APASS"], "filter": ["B"]}