{"mjd": [55651.19002, 55651.18618, 55651.19799, 55651.20355], "magerr": [0.0364999994635582, 0.006399999838322401, 0.025100000202655792, 0.007499999832361937], "observatory": ["Alex Ball-SMARTS1.3", "Alex Ball-SMARTS1.3", "Alex Ball-SMARTS1.3", "Alex Ball-SMARTS1.3"], "mag": [19.98189926147461, 17.547000885009766, 18.786800384521484, 17.551799774169922], "filter": ["g", "r", "r", "r"], "catalog": ["APASS", "APASS", "APASS", "APASS"], "caliberr": [0.029825199395418167, 0.054185900837183, 0.03780189901590347, 0.061051998287439346]}