{"mjd": [57127.01585556], "magerr": [-1.0], "alert_name": null, "observatory": ["K.Wiersema-Leicester"], "caliberr": [0.009999999776482582], "mag": [19.051000595092773], "catalog": ["APASS"], "filter": ["V"]}