{"mjd": [57161.0756944446, 57161.0647453703, 57161.0793287037, 57218.9217245369, 57218.9363078703, 57218.9509027777, 57161.0610995372, 57218.9180787038, 57218.9326736112, 57218.9472569446, 57161.0683796294, 57161.0829745368, 57161.0866087964, 57218.9399537039, 57161.072025463, 57218.9253587965, 57218.9290046296, 57218.943587963, 57218.9545370368, 57218.9581828704, 57165.0977, 57165.0905, 57165.0941, 57166.0806, 57166.0842, 57166.0879], "magerr": [0.20819999277591705, 0.0406000018119812, 0.06030000001192093, 0.038100000470876694, 0.041200000792741776, 0.03970000147819519, 0.09309999644756317, 0.06880000233650208, -1.0, 0.06310000270605087, 0.02889999933540821, 0.05420000106096268, 0.10570000112056732, 0.030700000002980232, 0.0414000004529953, 0.03229999914765358, 0.03929999843239784, 0.032600000500679016, 0.02800000086426735, 0.03350000083446503, -1.0, -1.0, -1.0, -1.0, -1.0, -1.0], "alert_name": null, "observatory": ["Goran Damljanovic, A", "Goran Damljanovic, A", "Goran Damljanovic, A", "Goran Damljanovic, A", "Goran Damljanovic, A", "Goran Damljanovic, A", "Goran Damljanovic, A", "Goran Damljanovic, A", "Goran Damljanovic, A", "Goran Damljanovic, A", "Goran Damljanovic, A", "Goran Damljanovic, A", "Goran Damljanovic, A", "Goran Damljanovic, A", "Goran Damljanovic, A", "Goran Damljanovic, A", "Goran Damljanovic, A", "Goran Damljanovic, A", "Goran Damljanovic, A", "Goran Damljanovic, A", "Giuseppe Leto APT2 C", "Giuseppe Leto APT2 C", "Giuseppe Leto APT2 C", "Giuseppe Leto APT2 C", "Giuseppe Leto APT2 C", "Giuseppe Leto APT2 C"], "caliberr": [0.10993800312280655, 0.057598698884248734, 0.04892190173268318, 0.07754740118980408, 0.07742469757795334, 0.0776795968413353, 0.061022501438856125, 0.05356920138001442, 0.042620401829481125, 0.05209390074014664, 0.06714169681072235, 0.07524549961090088, 0.1067039966583252, 0.14358599483966827, 0.10255499929189682, 0.1409280002117157, 0.13653600215911865, 0.3436940014362335, 0.1416109949350357, 0.19748200476169586, 0.09911300241947174, 0.045304398983716965, 0.05537069961428642, 0.039918601512908936, 0.03924639895558357, 0.0689639002084732], "mag": [18.800100326538086, 17.276399612426758, 16.885299682617188, 17.657499313354492, 18.03420066833496, 18.273700714111328, 17.68090057373047, 17.469499588012695, 21.543899536132812, 17.54490089416504, 17.00149917602539, 16.604400634765625, 16.976299285888672, 17.781299591064453, 16.585599899291992, 17.690799713134766, 17.50550079345703, 16.19099998474121, 17.71619987487793, 17.199499130249023, 15.39799976348877, 16.813100814819336, 16.230199813842773, 18.069000244140625, 18.249300003051758, 17.95989990234375], "catalog": ["SDSS", "APASS", "APASS", "APASS", "APASS", "APASS", "APASS", "APASS", "APASS", "APASS", "APASS", "APASS", "APASS", "APASS", "APASS", "APASS", "APASS", "APASS", "APASS", "APASS", "SDSS", "USNO", "USNO", "APASS", "APASS", "APASS"], "filter": ["g", "V", "V", "V", "V", "V", "g", "g", "g", "g", "r", "r", "r", "r", "i", "i", "i", "i", "i", "i", "I", "R1pg", "R1pg", "r", "r", "i"]}