{"mjd": [57488.2700937, 57488.2775194, 57488.2808936], "magerr": [0.010999999940395355, 0.010999999940395355, 0.019999999552965164], "alert_name": null, "observatory": ["RTT150", "RTT150", "RTT150"], "caliberr": [0.009999999776482582, 0.009999999776482582, 0.009999999776482582], "mag": [18.699499130249023, 18.390399932861328, 18.472900390625], "catalog": ["APASS", "APASS", "APASS"], "filter": ["g", "r", "i"]}