{"mjd": [57236.0534998495, 57240.0719410301, 57236.0607969792, 57240.079314537, 57236.0669754861, 57240.085496493], "magerr": [0.09399999678134918, 0.03200000151991844, 0.0989999994635582, 0.020999999716877937, 0.12600000202655792, 0.04399999976158142], "alert_name": null, "observatory": ["LCOGT Gaia Alerts Gr", "LCOGT Gaia Alerts Gr", "LCOGT Gaia Alerts Gr", "LCOGT Gaia Alerts Gr", "LCOGT Gaia Alerts Gr", "LCOGT Gaia Alerts Gr"], "caliberr": [0.07513009756803513, 0.04767579957842827, 0.0283524002879858, 0.01144659984856844, 0.028402000665664673, 0.02651279978454113], "mag": [17.86549949645996, 18.220699310302734, 18.102399826049805, 17.929800033569336, 18.548200607299805, 18.336200714111328], "catalog": ["APASS", "APASS", "APASS", "APASS", "APASS", "APASS"], "filter": ["g", "g", "r", "r", "i", "i"]}