{"mjd": [56915.9845169, 56915.9868289, 56915.9879881, 56915.9845169, 56915.9868289, 56915.9879881, 56915.9845169, 56915.9868289, 56915.9879881], "magerr": [-1.0, -1.0, -1.0, -1.0, 0.1469999998807907, 0.1429000049829483, 0.156700000166893, 0.058400001376867294, 0.05869999900460243], "alert_name": null, "observatory": ["Heather Campbell", "Heather Campbell", "Heather Campbell", "Heather Campbell", "Heather Campbell", "Heather Campbell", "Heather Campbell", "Heather Campbell", "Heather Campbell"], "caliberr": [0.23469999432563782, 0.23469999432563782, 0.1052670031785965, 0.009999999776482582, 0.009999999776482582, 0.009999999776482582, 0.03310219943523407, 0.024771200492978096, 0.024956800043582916], "mag": [23.177600860595703, 23.177600860595703, 25.4591007232666, 21.870100021362305, 22.161300659179688, 22.45509910583496, 20.49839973449707, 20.627899169921875, 20.560400009155273], "catalog": ["SDSS", "SDSS", "SDSS", "APASS", "APASS", "APASS", "APASS", "APASS", "APASS"], "filter": ["u", "u", "u", "g", "g", "g", "r", "r", "r"]}