{"mjd": [57105.8397218981, 57105.8622406597, 57121.89366053, 57126.9984927], "magerr": [-1.0, -1.0, -1.0, -1.0], "observatory": ["Werner Zeilinger, 1.", "Werner Zeilinger, 1.", "K.Wiersema-Leicester", "Euler Geneva Group"], "mag": [22.53529930114746, 22.750900268554688, 18.585500717163086, 25.592500686645508], "filter": ["r", "r", "V", "r"], "catalog": ["SDSS", "SDSS", "APASS", "APASS"], "caliberr": [0.08563189953565598, 0.16111299395561218, 0.06431789696216583, 0.11497499793767929]}