{"mjd": [56629.9190247917, 56638.7482195255, 56639.6957917014, 56630.7613657117, 56630.7644560337, 56630.7636573911, 56630.762858808, 56630.765277803, 56630.7683680653, 56630.7675694823, 56630.7667708397, 56630.7692013383, 56630.7722916603, 56630.7714930177, 56630.7706944346, 56647.7355371065, 56636.3577062, 56617.3407131, 56629.9233434259, 56611.1394, 56638.7513242014, 56639.7000356018, 56631.9729050994, 56631.9840393662, 56631.981712997, 56631.979398191, 56631.9750578403, 56631.9847916961, 56631.9824768901, 56631.9772107005, 56647.7383920833, 56647.7410121875, 56636.3615124, 56617.3425589, 56617.34425, 56617.3484455, 56618.861296, 56629.9272189236, 56611.1551, 56638.753029213, 56639.7034295023, 56639.7122321875, 56639.7149696875, 56639.7177467245, 56631.9801620841, 56647.7449467245, 56647.7567408796, 56647.7614147222, 56647.7643289236, 56647.769847037, 56636.3596087, 56611.1668, 56617.3501921, 56619.029282, 56638.7553016667, 56638.7595706134, 56639.7061782292, 56631.9855555892, 56631.9832407832, 56647.7527539583, 56617.351941, 56617.3561615, 56619.036644, 56614.7644, 56638.7653632407, 56639.7091427893, 56631.9809143543, 56647.7670590394, 56619.044016, 56614.7761, 56638.7749954745, 56639.7208116204, 56617.3579121, 56620.004641, 56614.7912, 56638.7827938657, 56639.7255791319, 56639.7297546181, 56639.7341921296, 56639.7394452893, 56715.0243171304, 56617.3596611, 56620.039838, 56615.017, 56715.0476504602, 56715.0405671299, 56642.7265016551, 56715.0334837958, 56715.0273611117, 56715.0499884225, 56715.0358333327, 56715.0523379631, 56620.074549, 56615.9441, 56642.7288608565, 56715.0429166667, 56620.015799, 56615.95574, 56615.96856, 56615.98041, 56642.7322140625, 56635.2873699, 56626.734583, 56715.0304050911, 56715.0452662073, 56620.051493, 56619.993565, 56622.73976, 56642.7351044213, 56635.2923158, 56626.734977, 56626.735382, 56715.0381828696, 56620.085833, 56622.75184, 56622.93022, 56622.94167, 56642.738342581, 56635.2900881, 56629.866354, 56629.866782, 56620.02713, 56642.7411576273, 56642.7436567593, 56642.7460559259, 56633.3946714, 56634.915289, 56634.915729, 56620.06235, 56642.7630559259, 56633.3983467, 56643.7171772106, 56643.7246031945, 56633.396501, 56643.7292565509, 56643.7470368981, 56643.7565170602, 56643.7623915509, 56632.259748, 56643.7333244329, 56643.7373475579, 56632.2552232, 56643.7524282639, 56632.2532708, 56643.7664715625, 56643.7711460648, 56643.7780702546], "magerr": [0.004800000227987766, 0.023900000378489494, 0.05590000003576279, 0.013899999670684338, 0.010400000028312206, 0.006899999920278788, 0.0071000000461936, 0.013199999928474426, 0.011099999770522118, 0.007300000172108412, 0.0071000000461936, 0.01269999984651804, 0.010999999940395355, 0.006899999920278788, 0.007199999876320362, 0.029999999329447746, 0.004000000189989805, 0.006000000052154064, 0.006899999920278788, 0.05900000035762787, 0.024700000882148743, 0.049800001084804535, 0.01549999974668026, 0.012900000438094139, 0.009100000374019146, 0.008899999782443047, 0.014299999922513962, -1.0, 0.00839999970048666, 0.013799999840557575, 0.030799999833106995, 0.01889999955892563, 0.006000000052154064, 0.017000000923871994, 0.024000000208616257, 0.006000000052154064, 0.03799999877810478, 0.006300000008195639, 0.05999999865889549, 0.021400000900030136, 0.035599999129772186, 0.05510000139474869, 0.035599999129772186, 0.051899999380111694, 0.008999999612569809, 0.020899999886751175, 0.012900000438094139, 0.015599999576807022, 0.017000000923871994, 0.020800000056624413, 0.004000000189989805, 0.10400000214576721, 0.01600000075995922, 0.027000000700354576, 0.008899999782443047, 0.00800000037997961, 0.03590000048279762, 0.013399999588727951, 0.008299999870359898, 0.014299999922513962, 0.024000000208616257, 0.007000000216066837, 0.03200000151991844, 0.014000000432133675, 0.005400000140070915, 0.0348999984562397, 0.008700000122189522, 0.0340999998152256, 0.04100000113248825, 0.019999999552965164, 0.005900000222027302, 0.02889999933540821, 0.01600000075995922, 0.03200000151991844, 0.017000000923871994, 0.01140000019222498, 0.026399999856948853, 0.032600000500679016, 0.02800000086426735, 0.029899999499320984, -1.0, 0.02199999988079071, 0.04800000041723251, 0.014999999664723873, -1.0, -1.0, 0.03400000184774399, -1.0, -1.0, -1.0, -1.0, -1.0, 0.0560000017285347, 0.012000000104308128, 0.021800000220537186, -1.0, 0.0430000014603138, 0.013000000268220901, 0.014000000432133675, 0.013000000268220901, 0.024700000882148743, 0.014000000432133675, 0.00839999970048666, -1.0, -1.0, 0.054999999701976776, 0.09000000357627869, 0.00800000037997961, 0.019600000232458115, 0.020999999716877937, 0.008999999612569809, 0.009100000374019146, -1.0, 0.05900000035762787, 0.008999999612569809, 0.008999999612569809, 0.008999999612569809, 0.03519999980926514, 0.008999999612569809, 0.0044999998062849045, 0.004000000189989805, 0.04100000113248825, 0.0203000009059906, 0.01850000023841858, 0.01360000018030405, 0.004000000189989805, 0.004999999888241291, 0.004900000058114529, 0.0560000017285347, 0.02329999953508377, 0.00800000037997961, 0.09740000218153, 0.10130000114440918, 0.004999999888241291, 0.06939999759197235, 0.02759999968111515, 0.01720000058412552, 0.01860000006854534, 0.004999999888241291, 0.03180000185966492, 0.01899999938905239, 0.010999999940395355, 0.01640000008046627, 0.006000000052154064, 0.01979999989271164, 0.02800000086426735, 0.026399999856948853],