{"mjd": [57048.79960266], "magerr": [0.10329999774694443], "observatory": ["K.Wiersema-Leicester"], "mag": [16.956600189208984], "filter": ["V"], "catalog": ["APASS"], "caliberr": [0.0850175991654396]}