{"mjd": [57443.831651, 57443.838794, 57443.845939, 57453.770715, 57453.777827, 57453.784941, 57457.790357, 57457.797471, 57457.804582, 57409.836719, 57434.808636, 57434.8121675, 57434.815699, 57436.8547292, 57436.8582609, 57436.8617926, 57443.8137185, 57443.81725, 57443.8207817, 57447.8098245, 57447.8133561, 57447.8168878, 57452.8139398, 57452.8174715, 57452.8210032, 57434.8194248, 57434.822957, 57434.8264885, 57436.8658873, 57436.8694189, 57436.8729504, 57443.8245027, 57443.8280343, 57443.8315658, 57447.8206083, 57447.8241402, 57447.8276719, 57452.8247859, 57452.8283175, 57452.8318491, 57434.8302065, 57434.8337382, 57434.8372701, 57436.8766764, 57436.880208, 57436.8837396, 57443.8352891, 57443.8388206, 57443.8423522, 57447.8313911, 57447.8349228, 57447.8384544, 57452.8356728, 57452.8392045, 57452.8427362, 57434.8409871, 57434.8445186, 57434.8480502, 57436.887458, 57436.8909897, 57436.8945214, 57443.8460709, 57443.8496025, 57443.8531341, 57447.8421711, 57447.8457029, 57447.8492345, 57452.8465602, 57452.8500918, 57452.8536235], "magerr": [-1.0, -1.0, -1.0, -1.0, -1.0, -1.0, -1.0, -1.0, -1.0, 0.03310000151395798, -1.0, -1.0, -1.0, -1.0, -1.0, -1.0, 0.01549999974668026, 0.01510000042617321, 0.015300000086426735, -1.0, -1.0, -1.0, -1.0, -1.0, -1.0, 0.012600000016391277, 0.012299999594688416, 0.013299999758601189, 0.02319999970495701, 0.02290000021457672, 0.022299999371170998, 0.009600000455975533, 0.009499999694526196, 0.009499999694526196, -1.0, -1.0, -1.0, -1.0, 0.008799999952316284, -1.0, 0.00839999970048666, 0.00839999970048666, 0.008799999952316284, 0.01119999960064888, 0.010900000110268593, 0.01080000028014183, 0.008200000040233135, 0.008500000461935997, 0.00839999970048666, -1.0, -1.0, -1.0, 0.007499999832361937, -1.0, -1.0, 0.00860000029206276, 0.008700000122189522, 0.008700000122189522, 0.009999999776482582, 0.010300000198185444, 0.010099999606609344, 0.00839999970048666, 0.009200000204145908, 0.008799999952316284, -1.0, -1.0, -1.0, 0.00839999970048666, 0.008200000040233135, 0.009800000116229057], "observatory": ["OmicronC2PU JPRivet", "OmicronC2PU JPRivet", "OmicronC2PU JPRivet", "OmicronC2PU JPRivet", "OmicronC2PU JPRivet", "OmicronC2PU JPRivet", "OmicronC2PU JPRivet", "OmicronC2PU JPRivet", "OmicronC2PU JPRivet", "K.Wiersema-Leicester", "ObsMontsec-Umut Burg", "ObsMontsec-Umut Burg", "ObsMontsec-Umut Burg", "ObsMontsec-Umut Burg", "ObsMontsec-Umut Burg", "ObsMontsec-Umut Burg", "ObsMontsec-Umut Burg", "ObsMontsec-Umut Burg", "ObsMontsec-Umut Burg", "ObsMontsec-Umut Burg", "ObsMontsec-Umut Burg", "ObsMontsec-Umut Burg", "ObsMontsec-Umut Burg", "ObsMontsec-Umut Burg", "ObsMontsec-Umut Burg", "ObsMontsec-Umut Burg", "ObsMontsec-Umut Burg", "ObsMontsec-Umut Burg", "ObsMontsec-Umut Burg", "ObsMontsec-Umut Burg", "ObsMontsec-Umut Burg", "ObsMontsec-Umut Burg", "ObsMontsec-Umut Burg", "ObsMontsec-Umut Burg", "ObsMontsec-Umut Burg", "ObsMontsec-Umut Burg", "ObsMontsec-Umut Burg", "ObsMontsec-Umut Burg", "ObsMontsec-Umut Burg", "ObsMontsec-Umut Burg", "ObsMontsec-Umut Burg", "ObsMontsec-Umut Burg", "ObsMontsec-Umut Burg", "ObsMontsec-Umut Burg", "ObsMontsec-Umut Burg", "ObsMontsec-Umut Burg", "ObsMontsec-Umut Burg", "ObsMontsec-Umut Burg", "ObsMontsec-Umut Burg", "ObsMontsec-Umut Burg", "ObsMontsec-Umut Burg", "ObsMontsec-Umut Burg", "ObsMontsec-Umut Burg", "ObsMontsec-Umut Burg", "ObsMontsec-Umut Burg", "ObsMontsec-Umut Burg", "ObsMontsec-Umut Burg", "ObsMontsec-Umut Burg", "ObsMontsec-Umut Burg", "ObsMontsec-Umut Burg", "ObsMontsec-Umut Burg", "ObsMontsec-Umut Burg", "ObsMontsec-Umut Burg", "ObsMontsec-Umut Burg", "ObsMontsec-Umut Burg", "ObsMontsec-Umut Burg", "ObsMontsec-Umut Burg", "ObsMontsec-Umut Burg", "ObsMontsec-Umut Burg", "ObsMontsec-Umut Burg"], "mag": [23.154600143432617, 23.086599349975586, 23.03580093383789, 22.060199737548828, 22.387300491333008, 22.243099212646484, 22.135299682617188, 22.65489959716797, 22.248199462890625, 15.696100234985352, 19.912799835205078, 20.43120002746582, 20.08060073852539, 15.674699783325195, 18.17729949951172, 19.65130043029785, 17.396499633789062, 17.39780044555664, 17.390199661254883, 20.619600296020508, 20.672700881958008, 21.275800704956055, 17.739099502563477, 18.51020050048828, 18.636899948120117, 16.101200103759766, 16.080799102783203, 16.215200424194336, 16.957799911499023, 16.97410011291504, 16.997900009155273, 16.373899459838867, 16.32379913330078, 16.337099075317383, 20.829999923706055, 20.27359962463379, 20.35420036315918, 19.750699996948242, 15.547699928283691, 20.412900924682617, 15.854700088500977, 15.854499816894531, 16.012699127197266, 16.31730079650879, 16.22760009765625, 16.152999877929688, 16.508800506591797, 16.59480094909668, 16.581300735473633, 20.605300903320312, 20.84149932861328, 20.714500427246094, 15.841300010681152, 20.6653995513916, 20.565799713134766, 15.498900413513184, 15.56089973449707, 15.47130012512207, 15.79640007019043, 15.842599868774414, 15.816699981689453, 15.803099632263184, 15.947199821472168, 15.799699783325195, 20.12190055847168, 20.071399688720703, 20.23349952697754, 15.646699905395508, 15.589300155639648, 15.335599899291992], "filter": ["r", "r", "r", "r", "r", "r", "r", "r", "r", "V", "B", "B", "B", "B", "B", "B", "B", "B", "B", "B", "B", "B", "B", "B", "B", "V", "V", "V", "V", "V", "V", "V", "V", "V", "V", "V", "V", "V", "V", "V", "r", "r", "r", "r", "r", "r", "r", "r", "r", "r", "r", "r", "r", "r", "r", "i", "i", "i", "i", "i", "i", "i", "i", "i", "i", "i", "i", "i", "i", "i"], "catalog": ["SDSS", "SDSS", "SDSS", "APASS", "APASS", "APASS", "APASS", "APASS", "APASS", "APASS", "APASS", "APASS", "APASS", "APASS", "APASS", "APASS", "APASS", "APASS", "APASS", "APASS", "APASS", "APASS", "APASS", "APASS", "APASS", "APASS", "APASS", "APASS", "APASS", "APASS", "APASS", "APASS", "APASS", "APASS", "APASS", "APASS", "APASS", "APASS", "APASS", "APASS", "APASS", "APASS", "APASS", "APASS", "APASS", "APASS", "APASS", "APASS", "APASS", "APASS", "APASS", "APASS", "APASS", "APASS", "APASS", "APASS", "APASS", "APASS", "APASS", "APASS", "APASS", "APASS", "APASS", "APASS", "APASS", "APASS", "APASS", "APASS", "APASS", "APASS"], "caliberr": [0.1701429933309555, 0.16064700484275818, 0.1583849936723709, 0.1383800059556961, 0.10373300313949585, 0.10409499704837799, 0.09835919737815857, 0.09914589673280716, 0.09738349914550781, 0.13958999514579773, 0.06028050184249878, 0.03915949910879135, 0.040742598474025726, 0.13032899796962738, 0.04506490007042885, 0.0642089992761612, 0.06398049741983414, 0.03264709934592247, 0.033942099660634995, 0.06796629726886749, 0.0757422000169754, 0.06470009684562683, 0.06395260244607925, 0.035169098526239395, 0.03309740126132965, 0.07095629721879959, 0.06652750074863434, 0.06500360369682312, 0.07954850047826767, 0.08210650086402893, 0.08141610026359558, 0.07219099998474121, 0.07307569682598114, 0.07045750319957733, 0.06329260021448135, 0.06414879858493805, 0.06482169777154922, 0.061734601855278015, 0.06339439749717712, 0.06592419743537903, 0.0369395986199379, 0.03574959933757782, 0.03628940135240555, 0.041540201753377914, 0.015641100704669952, 0.041328299790620804, 0.03610379993915558, 0.038579899817705154, 0.038645900785923004, 0.03110639937222004, 0.030097300186753273, 0.03168119862675667, 0.009999999776482582, 0.009999999776482582, 0.03530070185661316, 0.0787310004234314, 0.08772149682044983, 0.07886409759521484, 0.09359180182218552, 0.13755199313163757, 0.09154439717531204, 0.08472879976034164, 0.08390030264854431, 0.08283159881830215, 0.07632769644260406, 0.07340379804372787, 0.07141599804162979, 0.09508589655160904, 0.09636549651622772, 0.07090149819850922]}