{"mjd": [57181.858264, 57181.864507, 57181.866733, 57181.868403, 57181.870483, 57181.873163, 57181.874809, 57181.877313, 57181.882134, 57177.98719398, 57177.8967937, 57179.8809945, 57180.8761279, 57182.8973095, 57183.8906135, 57184.9006999, 57187.9060386, 57177.8967937, 57179.8809945, 57180.8761279, 57182.8973095, 57183.8906135, 57184.9006999, 57187.9060386, 57177.8967937, 57179.8809945, 57180.8761279, 57182.8973095, 57183.8906135, 57184.9006999, 57187.9060386, 57182.884121, 57184.876826, 57184.879507, 57184.88184, 57182.882833, 57182.886447, 57182.888983, 57182.891309, 57184.892741, 57184.895414, 57184.897744, 57181.858264, 57182.880729, 57182.895959, 57184.884608, 57184.887542, 57184.889875], "magerr": [0.022700000554323196, 0.016499999910593033, 0.016300000250339508, 0.016599999740719795, 0.017899999395012856, 0.016200000420212746, 0.016300000250339508, 0.03689999878406525, 0.03220000118017197, 0.0860000029206276, 0.020800000056624413, 0.05570000037550926, 0.07249999791383743, 0.030799999833106995, 0.048900000751018524, 0.031099999323487282, 0.043800000101327896, 0.002099999925121665, 0.007400000002235174, 0.009100000374019146, 0.003100000089034438, 0.004800000227987766, 0.0026000000070780516, 0.003599999938160181, 0.00279999990016222, 0.007199999876320362, 0.009399999864399433, 0.003599999938160181, 0.004999999888241291, 0.0031999999191612005, 0.003700000001117587, 0.016300000250339508, 0.01590000092983246, 0.016200000420212746, 0.015399999916553497, 0.019999999552965164, 0.016899999231100082, 0.014800000004470348, 0.015799999237060547, 0.017799999564886093, 0.018300000578165054, 0.017500000074505806, 0.022700000554323196, 0.019600000232458115, -1.0, 0.02280000038444996, 0.024399999529123306, 0.025699999183416367], "alert_name": null, "observatory": ["Loiano,M.Pawlak", "Loiano,M.Pawlak", "Loiano,M.Pawlak", "Loiano,M.Pawlak", "Loiano,M.Pawlak", "Loiano,M.Pawlak", "Loiano,M.Pawlak", "Loiano,M.Pawlak", "Loiano,M.Pawlak", "K.Wiersema-Leicester", "Mercator Geneva Grou", "Mercator Geneva Grou", "Mercator Geneva Grou", "Mercator Geneva Grou", "Mercator Geneva Grou", "Mercator Geneva Grou", "Mercator Geneva Grou", "Mercator Geneva Grou", "Mercator Geneva Grou", "Mercator Geneva Grou", "Mercator Geneva Grou", "Mercator Geneva Grou", "Mercator Geneva Grou", "Mercator Geneva Grou", "Mercator Geneva Grou", "Mercator Geneva Grou", "Mercator Geneva Grou", "Mercator Geneva Grou", "Mercator Geneva Grou", "Mercator Geneva Grou", "Mercator Geneva Grou", "P.Wielgorski-Loiano", "P.Wielgorski-Loiano", "P.Wielgorski-Loiano", "P.Wielgorski-Loiano", "P.Wielgorski-Loiano", "P.Wielgorski-Loiano", "P.Wielgorski-Loiano", "P.Wielgorski-Loiano", "P.Wielgorski-Loiano", "P.Wielgorski-Loiano", "P.Wielgorski-Loiano", "P.Wielgorski-Loiano", "P.Wielgorski-Loiano", "P.Wielgorski-Loiano", "P.Wielgorski-Loiano", "P.Wielgorski-Loiano", "P.Wielgorski-Loiano"], "caliberr": [0.07371869683265686, 0.12474600225687027, 0.11315999925136566, 0.12328799813985825, 0.03047819994390011, 0.03353380039334297, 0.030528299510478973, 0.05549509823322296, 0.10115599632263184, 0.009999999776482582, 0.04815410077571869, 0.03018129989504814, 0.023861000314354897, 0.02404489926993847, 0.05476729944348335, 0.05214869976043701, 0.05768189951777458, 0.07579930126667023, 0.14172300696372986, 0.14033900201320648, 0.06792599707841873, 0.10150899738073349, 0.07679729908704758, 0.07314769923686981, 0.07605340331792831, 0.05641449987888336, 0.08850839734077454, 0.08295709639787674, 0.09403599798679352, 0.0937580019235611, 0.11548099666833878, 0.4894460141658783, 0.1062769964337349, 0.10435599833726883, 0.11468300223350525, 0.03326980024576187, 0.023578999564051628, 0.021195100620388985, 0.0225846990942955, 0.027329400181770325, 0.04003550112247467, 0.033643100410699844, 0.048669300973415375, 0.032568998634815216, 0.03636699914932251, 0.1230119988322258, 0.11885199695825577, 0.12151499837636948], "mag": [17.492399215698242, 17.332700729370117, 17.376100540161133, 17.369300842285156, 17.632200241088867, 17.57979965209961, 17.5762996673584, 17.631399154663086, 17.523300170898438, 17.31329917907715, 18.42329978942871, 18.664199829101562, 18.846900939941406, 19.010499954223633, 19.134199142456055, 19.320100784301758, 19.548200607299805, 17.18790054321289, 17.26930046081543, 17.576200485229492, 17.35460090637207, 17.35059928894043, 17.741600036621094, 17.89579963684082, 17.228300094604492, 17.176799774169922, 17.421199798583984, 17.45479965209961, 17.132099151611328, 17.7101993560791, 17.799699783325195, 17.63960075378418, 17.252899169921875, 17.368799209594727, 17.32080078125, 17.193300247192383, 17.188499450683594, 17.23240089416504, 17.308500289916992, 17.60420036315918, 17.658599853515625, 17.580799102783203, 17.48150062561035, 17.04599952697754, 19.827499389648438, 16.973100662231445, 17.06559944152832, 17.114700317382812], "catalog": ["SDSS", "SDSS", "SDSS", "SDSS", "APASS", "APASS", "APASS", "APASS", "APASS", "APASS", "SDSS", "SDSS", "SDSS", "SDSS", "SDSS", "SDSS", "SDSS", "SDSS", "SDSS", "SDSS", "SDSS", "SDSS", "SDSS", "SDSS", "SDSS", "SDSS", "SDSS", "SDSS", "SDSS", "SDSS", "SDSS", "SDSS", "SDSS", "SDSS", "SDSS", "APASS", "APASS", "APASS", "APASS", "APASS", "APASS", "APASS", "APASS", "APASS", "APASS", "APASS", "APASS", "APASS"], "filter": ["r", "r", "r", "r", "g", "g", "g", "i", "i", "V", "u", "u", "u", "u", "u", "u", "u", "g", "g", "g", "g", "g", "g", "g", "r", "r", "r", "r", "r", "r", "r", "g", "r", "r", "r", "V", "g", "g", "g", "g", "g", "g", "r", "r", "i", "i", "i", "i"]}