{"mjd": [56922.884545, 56923.860068, 56927.841379, 56927.844907, 56922.893079, 56923.863329, 56927.847479, 56922.898812, 56923.865804, 56927.849278], "magerr": [0.004000000189989805, 0.007000000216066837, 0.00800000037997961, 0.00800000037997961, 0.004000000189989805, 0.00800000037997961, 0.008999999612569809, 0.00800000037997961, 0.008999999612569809, 0.013000000268220901], "alert_name": null, "observatory": ["Loiano,K.Ulaczyk", "Loiano,K.Ulaczyk", "Loiano,K.Ulaczyk", "Loiano,K.Ulaczyk", "Loiano,K.Ulaczyk", "Loiano,K.Ulaczyk", "Loiano,K.Ulaczyk", "Loiano,K.Ulaczyk", "Loiano,K.Ulaczyk", "Loiano,K.Ulaczyk"], "caliberr": [0.03128189966082573, 0.03779429942369461, 0.03550440073013306, 0.029200900346040726, 0.07474640011787415, 0.04505100101232529, 0.03255090117454529, 0.08632490038871765, 0.09580530226230621, 0.09273599833250046], "mag": [16.464000701904297, 16.46179962158203, 16.581300735473633, 16.56559944152832, 15.977299690246582, 15.987600326538086, 16.02790069580078, 16.15250015258789, 16.235700607299805, 16.16349983215332], "catalog": ["APASS", "APASS", "APASS", "APASS", "APASS", "APASS", "APASS", "APASS", "APASS", "APASS"], "filter": ["g", "g", "g", "g", "r", "r", "r", "i", "i", "i"]}