{"mjd": [57073.99169, 57099.941118, 57099.981234, 57074.012726, 57099.954297, 57099.993515, 57074.015219, 57099.96804, 57100.00669, 57121.9335903356, 57104.8829219329, 57104.8949385995, 57104.9253484259, 57104.9360446875, 57104.9467174653, 57104.957561169, 57104.9683618982, 57121.9037575463, 57121.9227293866, 57085.1383183, 57085.1383183, 57085.1383183, 57095.53, 57137.459, 57080.591, 57137.463, 57113.416, 57082.498, 57099.553, 57125.446, 57125.45, 57078.573, 57080.588, 57082.495, 57093.527, 57095.534, 57097.559, 57099.557, 57109.554, 57121.514, 57125.448, 57129.445, 57133.453, 57137.462, 57141.49, 57080.593, 57082.5, 57093.524, 57093.531, 57095.538, 57097.555, 57097.562, 57099.561, 57109.551, 57109.555, 57113.414, 57113.418, 57121.511, 57121.515, 57129.442, 57129.447, 57133.451, 57133.455, 57141.487, 57141.491, 57088.92592685, 57073.440621875, 57073.440621875, 57073.4396324421], "magerr": [0.06129999831318855, 0.012799999676644802, 0.011300000362098217, 0.017100000753998756, 0.008700000122189522, 0.008299999870359898, 0.022299999371170998, 0.01679999940097332, 0.01679999940097332, 0.06210000067949295, 0.036400001496076584, 0.04050000011920929, 0.02710000053048134, 0.025800000876188278, 0.02810000069439411, 0.026900000870227814, 0.028300000354647636, 0.03819999843835831, 0.038100000470876694, -1.0, 0.04450000077486038, 0.02410000003874302, 0.007499999832361937, 0.011800000444054604, 0.010599999688565731, 0.012000000104308128, 0.05860000103712082, 0.018799999728798866, 0.008500000461935997, 0.011099999770522118, 0.012299999594688416, 0.012299999594688416, 0.013799999840557575, 0.0364999994635582, 0.011599999852478504, 0.008999999612569809, 0.008299999870359898, 0.00989999994635582, 0.02419999986886978, 0.03009999915957451, 0.01590000092983246, 0.017000000923871994, 0.015300000086426735, 0.019500000402331352, 0.047600001096725464, 0.008200000040233135, 0.019600000232458115, 0.00860000029206276, 0.009600000455975533, 0.00860000029206276, 0.007199999876320362, 0.008299999870359898, 0.009499999694526196, 0.0142000000923872, 0.0142000000923872, 0.029999999329447746, 0.024700000882148743, 0.01489999983459711, 0.014600000344216824, 0.011500000022351742, 0.012299999594688416, 0.010700000450015068, 0.013500000350177288, 0.026599999517202377, 0.026200000196695328, 0.14090000092983246, 0.03959999978542328, 0.027799999341368675, 0.025699999183416367], "observatory": ["GiuseppeAltavillaLoi", "GiuseppeAltavillaLoi", "GiuseppeAltavillaLoi", "GiuseppeAltavillaLoi", "GiuseppeAltavillaLoi", "GiuseppeAltavillaLoi", "GiuseppeAltavillaLoi", "GiuseppeAltavillaLoi", "GiuseppeAltavillaLoi", "Werner Zeilinger, 1.", "Werner Zeilinger, 1.", "Werner Zeilinger, 1.", "Werner Zeilinger, 1.", "Werner Zeilinger, 1.", "Werner Zeilinger, 1.", "Werner Zeilinger, 1.", "Werner Zeilinger, 1.", "Werner Zeilinger, 1.", "Werner Zeilinger, 1.", "Heather Campbell", "Heather Campbell", "Heather Campbell", "Heather Campbell", "Heather Campbell", "Heather Campbell", "Heather Campbell", "Heather Campbell", "Heather Campbell", "Heather Campbell", "Heather Campbell", "Heather Campbell", "Heather Campbell", "Heather Campbell", "Heather Campbell", "Heather Campbell", "Heather Campbell", "Heather Campbell", "Heather Campbell", "Heather Campbell", "Heather Campbell", "Heather Campbell", "Heather Campbell", "Heather Campbell", "Heather Campbell", "Heather Campbell", "Heather Campbell", "Heather Campbell", "Heather Campbell", "Heather Campbell", "Heather Campbell", "Heather Campbell", "Heather Campbell", "Heather Campbell", "Heather Campbell", "Heather Campbell", "Heather Campbell", "Heather Campbell", "Heather Campbell", "Heather Campbell", "Heather Campbell", "Heather Campbell", "Heather Campbell", "Heather Campbell", "Heather Campbell", "Heather Campbell", "K.Wiersema-Leicester", "Samantha Coffey", "Samantha Coffey", "Samantha Coffey"], "mag": [18.546100616455078, 18.620399475097656, 18.609899520874023, 17.73200035095215, 17.966299057006836, 17.9955997467041, 17.663299560546875, 17.9689998626709, 17.90999984741211, 18.67490005493164, 17.858400344848633, 18.042499542236328, 17.889999389648438, 18.01219940185547, 18.01609992980957, 17.8981990814209, 17.823699951171875, 17.72640037536621, 18.25790023803711, 21.864500045776367, 18.44099998474121, 17.62220001220703, 17.90019989013672, 18.050600051879883, 17.521699905395508, 17.87700080871582, 18.934799194335938, 17.9158992767334, 18.210599899291992, 18.28969955444336, 18.150400161743164, 18.278900146484375, 18.26289939880371, 18.26799964904785, 18.536300659179688, 18.576099395751953, 18.599700927734375, 18.548900604248047, 18.577499389648438, 18.62649917602539, 18.62380027770996, 18.626300811767578, 18.662399291992188, 18.607999801635742, 18.772199630737305, 17.756900787353516, 17.737699508666992, 17.936599731445312, 17.88990020751953, 17.882400512695312, 18.0226993560791, 17.892000198364258, 17.984699249267578, 18.11590003967285, 18.053800582885742, 18.171600341796875, 18.244300842285156, 18.12350082397461, 18.056800842285156, 18.130300521850586, 18.05470085144043, 18.179800033569336, 18.081600189208984, 18.186500549316406, 18.04789924621582, 18.347900390625, 18.520099639892578, 17.699800491333008, 17.710399627685547], "filter": ["g", "g", "g", "r", "r", "r", "i", "i", "i", "g", "r", "r", "r", "r", "r", "i", "i", "i", "V", "u", "g", "r", "r", "r", "i", "i", "B", "V", "V", "V", "V", "g", "g", "g", "g", "g", "g", "g", "g", "g", "g", "g", "g", "g", "g", "r", "r", "r", "r", "r", "r", "r", "r", "r", "r", "r", "r", "r", "r", "r", "r", "r", "r", "r", "r", "V", "g", "r", "i"], "catalog": ["SDSS", "SDSS", "SDSS", "SDSS", "SDSS", "SDSS", "SDSS", "APASS", "APASS", "SDSS", "SDSS", "SDSS", "SDSS", "SDSS", "SDSS", "SDSS", "SDSS", "SDSS", "SDSS", "SDSS", "SDSS", "SDSS", "SDSS", "SDSS", "SDSS", "SDSS", "APASS", "APASS", "APASS", "APASS", "APASS", "APASS", "APASS", "APASS", "APASS", "APASS", "APASS", "APASS", "APASS", "APASS", "APASS", "APASS", "APASS", "APASS", "APASS", "APASS", "APASS", "APASS", "APASS", "APASS", "APASS", "APASS", "APASS", "APASS", "APASS", "APASS", "APASS", "APASS", "APASS", "APASS", "APASS", "APASS", "APASS", "APASS", "APASS", "APASS", "SDSS", "SDSS", "SDSS"], "caliberr": [0.0857359990477562, 0.12697599828243256, 0.13763199746608734, 0.1173349991440773, 0.17868700623512268, 0.14929600059986115, 0.32598599791526794, 0.1250389963388443, 0.17815600335597992, 0.22588199377059937, 0.14776000380516052, 0.2373020052909851, 0.4524730145931244, 0.2595840096473694, 0.11854200065135956, 0.14122100174427032, 0.12852899730205536, 0.4581199884414673, 0.4118979871273041, 0.09560669958591461, 0.0657598003745079, 0.09335269778966904, 0.06265740096569061, 0.08134809881448746, 0.1722330003976822, 0.08154000341892242, 0.009999999776482582, 0.08776640146970749, 0.039967600256204605, 0.05118130147457123, 0.09333860129117966, 0.02247210033237934, 0.009999999776482582, 0.024410799145698547, 0.038690000772476196, 0.009999999776482582, 0.029131600633263588, 0.009999999776482582, 0.009999999776482582, 0.009999999776482582, 0.009999999776482582, 0.009999999776482582, 0.009999999776482582, 0.009999999776482582, 0.009999999776482582, 0.02024739980697632, 0.09305229783058167, 0.09072200208902359, 0.11025899648666382, 0.1406559944152832, 0.08694189786911011, 0.13456399738788605, 0.040730398148298264, 0.04459049925208092, 0.03551030158996582, 0.056130699813365936, 0.0906808003783226, 0.06111840158700943, 0.09487500041723251, 0.04626170173287392, 0.07395940274000168, 0.061311300843954086, 0.11202099919319153, 0.06739649921655655, 0.10118900239467621, 0.08619049936532974, 0.33551499247550964, 0.20332400500774384, 0.14477699995040894]}