{"mjd": [57120.01166713, 57146.9833514], "magerr": [0.1746000051498413, -1.0], "observatory": ["K.Wiersema-Leicester", "Anna Hourihane"], "mag": [19.79199981689453, 21.431800842285156], "filter": ["V", "g"], "catalog": ["APASS", "SDSS"], "caliberr": [0.040702998638153076, 0.09415549784898758]}