{"mjd": [57161.8665278], "magerr": [0.032999999821186066], "alert_name": null, "observatory": ["JureJapelj_Vega_Slov"], "caliberr": [0.05651180073618889], "mag": [15.265000343322754], "catalog": ["APASS"], "filter": ["V"]}