{"mjd": [56949.9134722222], "magerr": [0.11569999903440475], "alert_name": null, "observatory": ["Montarrenti Observat"], "caliberr": [0.08753880113363266], "mag": [18.322099685668945], "catalog": ["APASS"], "filter": ["r"]}