{"mjd": [57450.989993, 57450.9971, 57451.004221], "magerr": [0.06780000030994415, 0.10130000114440918, 0.0608999989926815], "observatory": ["OmicronC2PU JPRivet", "OmicronC2PU JPRivet", "OmicronC2PU JPRivet"], "mag": [19.75160026550293, 20.423999786376953, 19.586000442504883], "filter": ["r", "r", "r"], "catalog": ["APASS", "APASS", "APASS"], "caliberr": [0.06250769644975662, 0.07214339822530746, 0.054019201546907425]}