{"mjd": [56916.8953941, 56915.9946273, 56915.9946273, 56916.8819506, 56916.8883827, 56916.8883827, 56916.8953941, 56916.8819506, 56916.8883827, 56916.8953941], "magerr": [-1.0, -1.0, -1.0, -1.0, -1.0, -1.0, -1.0, -1.0, -1.0, 0.05900000035762787], "alert_name": null, "observatory": ["Heather Campbell", "Heather Campbell", "Heather Campbell", "Heather Campbell", "Heather Campbell", "Heather Campbell", "Heather Campbell", "Heather Campbell", "Heather Campbell", "Heather Campbell"], "caliberr": [0.08692459762096405, 0.13897499442100525, 0.009999999776482582, 0.009999999776482582, 0.2413879930973053, 0.009999999776482582, 0.009999999776482582, 0.03644160181283951, 0.03810429945588112, 0.03675699979066849], "mag": [23.661399841308594, 25.570600509643555, 24.348499298095703, 26.085599899291992, 22.03380012512207, 23.99920082092285, 23.88010025024414, 26.384700775146484, 26.08679962158203, 20.138900756835938], "catalog": ["SDSS", "SDSS", "APASS", "APASS", "APASS", "APASS", "APASS", "APASS", "APASS", "APASS"], "filter": ["u", "r", "B", "B", "B", "g", "g", "r", "r", "r"]}