{"mjd": [57095.778986, 57095.814682, 57095.802747, 57095.790868, 57085.8827604, 57085.8827604, 57085.8827604, 57093.418, 57097.386, 57093.426, 57095.384, 57097.393, 57093.422, 57095.38, 57097.39, 57095.377, 57089.722393, 57332.102178, 57332.120722, 57089.709, 57332.107233, 57089.713594, 57332.112014, 57332.130955, 57084.8258, 57084.8178, 57083.80623843, 57085.7929879861, 57085.7948613079, 57085.7939234607], "magerr": [0.14390000700950623, 0.11959999799728394, 0.1428000032901764, -1.0, -1.0, 0.0658000037074089, 0.0414000004529953, 0.019899999722838402, 0.021800000220537186, 0.037700001150369644, 0.037700001150369644, 0.03840000182390213, 0.02319999970495701, 0.026900000870227814, 0.029100000858306885, 0.02410000003874302, 0.09000000357627869, -1.0, -1.0, 0.10170000046491623, -1.0, 0.1981000006198883, -1.0, -1.0, 0.17880000174045563, -1.0, 0.19990000128746033, -1.0, -1.0, -1.0], "alert_name": null, "observatory": ["GiuseppeAltavillaLoi", "GiuseppeAltavillaLoi", "GiuseppeAltavillaLoi", "GiuseppeAltavillaLoi", "Heather Campbell", "Heather Campbell", "Heather Campbell", "Heather Campbell", "Heather Campbell", "Heather Campbell", "Heather Campbell", "Heather Campbell", "Heather Campbell", "Heather Campbell", "Heather Campbell", "Heather Campbell", "T100,Hasan Esenoglu", "T100,Hasan Esenoglu", "T100,Hasan Esenoglu", "T100,Hasan Esenoglu", "T100,Hasan Esenoglu", "T100,Hasan Esenoglu", "T100,Hasan Esenoglu", "T100,Hasan Esenoglu", "JureJapelj_Vega_Slov", "JureJapelj_Vega_Slov", "K.Wiersema-Leicester", "Samantha Coffey", "Samantha Coffey", "Samantha Coffey"], "caliberr": [0.1773100048303604, 0.19260600209236145, 0.08580320328474045, 0.2290710061788559, 0.1666260063648224, 0.18428200483322144, 0.13358399271965027, 0.05033620074391365, 0.055462200194597244, 0.07301080226898193, 0.08073589950799942, 0.0805371031165123, 0.12748299539089203, 0.1189970001578331, 0.12506699562072754, 0.09413070231676102, 0.06335339695215225, 0.06965179741382599, 0.07032889872789383, 0.05993489921092987, 0.07636670023202896, 0.09990060329437256, 0.11069899797439575, 0.11286699771881104, 0.03616369888186455, 0.09516909718513489, 0.04173709824681282, 0.19429899752140045, 0.1290919929742813, 0.17183099687099457], "mag": [19.56220054626465, 19.491199493408203, 20.330699920654297, 21.73940086364746, 24.44610023498535, 19.69540023803711, 19.053499221801758, 19.22640037536621, 19.27720069885254, 19.505800247192383, 19.316200256347656, 19.399799346923828, 19.54640007019043, 19.63949966430664, 19.710899353027344, 19.136199951171875, 20.164600372314453, 22.86050033569336, 22.444599151611328, 19.614599227905273, 23.113000869750977, 20.57550048828125, 23.660600662231445, 22.65959930419922, 19.265100479125977, 21.781299591064453, 18.48080062866211, 20.416900634765625, 20.367900848388672, 19.924699783325195], "catalog": ["SDSS", "SDSS", "APASS", "APASS", "SDSS", "SDSS", "SDSS", "SDSS", "SDSS", "SDSS", "SDSS", "SDSS", "APASS", "APASS", "APASS", "APASS", "APASS", "APASS", "APASS", "APASS", "APASS", "APASS", "APASS", "APASS", "APASS", "APASS", "APASS", "SDSS", "SDSS", "SDSS"], "filter": ["r", "r", "g", "i", "u", "g", "r", "r", "r", "i", "i", "i", "V", "V", "V", "r", "g", "g", "g", "r", "r", "i", "i", "i", "r", "i", "r", "g", "r", "i"]}