{"mjd": [56963.103042, 56963.104992, 56963.107084, 56963.108983], "magerr": [0.00430000014603138, 0.0027000000700354576, 0.0034000000450760126, 0.008200000040233135], "observatory": ["T100,Hasan Esenoglu", "T100,Hasan Esenoglu", "T100,Hasan Esenoglu", "T100,Hasan Esenoglu"], "mag": [15.529999732971191, 14.450599670410156, 14.168800354003906, 14.290200233459473], "filter": ["g", "r", "i", "z"], "catalog": ["SDSS", "SDSS", "SDSS", "SDSS"], "caliberr": [0.13769400119781494, 0.1041790023446083, 0.1688780039548874, 0.37681400775909424]}