{"mjd": [57245.06622836, 57245.07416875, 57246.03066794, 57246.03860833, 57247.05036343, 57247.05830394, 57245.07010567, 57245.07876285, 57246.0266015, 57246.03454653, 57247.04629965, 57247.0542419, 57245.06454491, 57245.07248449, 57246.02898426, 57246.03692419, 57247.04868009, 57247.05662025], "magerr": [0.010999999940395355, 0.014000000432133675, 0.012000000104308128, 0.014999999664723873, 0.014000000432133675, 0.014000000432133675, 0.01899999938905239, 0.024000000208616257, 0.026000000536441803, 0.02199999988079071, 0.03099999949336052, 0.027000000700354576, 0.012000000104308128, 0.010999999940395355, 0.013000000268220901, 0.014000000432133675, 0.013000000268220901, 0.012000000104308128], "alert_name": null, "observatory": ["OHP_MPawlak", "OHP_MPawlak", "OHP_MPawlak", "OHP_MPawlak", "OHP_MPawlak", "OHP_MPawlak", "OHP_MPawlak", "OHP_MPawlak", "OHP_MPawlak", "OHP_MPawlak", "OHP_MPawlak", "OHP_MPawlak", "OHP_MPawlak", "OHP_MPawlak", "OHP_MPawlak", "OHP_MPawlak", "OHP_MPawlak", "OHP_MPawlak"], "caliberr": [0.10756999999284744, 0.09248290210962296, 0.11089999973773956, 0.11273600161075592, 0.11316300183534622, 0.09584470093250275, 0.07829590141773224, 0.08569110184907913, 0.07937680184841156, 0.08937039971351624, 0.09048549830913544, 0.09306219965219498, 0.06901060044765472, 0.06875389814376831, 0.11317899823188782, 0.08144930005073547, 0.08151789754629135, 0.07055400311946869], "mag": [17.404699325561523, 17.40880012512207, 17.452600479125977, 17.443700790405273, 17.525299072265625, 17.494400024414062, 18.60110092163086, 18.66510009765625, 18.7007999420166, 18.624900817871094, 18.707700729370117, 18.68939971923828, 17.622400283813477, 17.600099563598633, 17.617399215698242, 17.663400650024414, 17.664100646972656, 17.668699264526367], "catalog": ["SDSS", "SDSS", "SDSS", "SDSS", "SDSS", "SDSS", "APASS", "APASS", "APASS", "APASS", "APASS", "APASS", "APASS", "APASS", "APASS", "APASS", "APASS", "APASS"], "filter": ["R", "R", "R", "R", "R", "R", "B", "B", "B", "B", "B", "B", "V", "V", "V", "V", "V", "V"]}