{"mjd": [57100.102438, 57100.136984, 57100.114568, 57100.150189, 57100.125925, 57117.649, 57137.669, 57117.644, 57121.733, 57129.631, 57137.667, 57141.602, 57113.672, 57117.647, 57121.736, 57129.633, 57141.605, 57137.665, 57121.738, 57129.635, 57141.607, 57120.05813472, 57122.1110443, 57123.119394, 57124.1191267, 57125.1122528, 57126.103663, 57127.1107069, 57127.1178317, 57128.1661357, 57124.1191267, 57126.103663, 57127.1107069, 57122.1110443, 57123.119394, 57126.103663, 57127.1178317, 57128.1626617, 57128.1661357, 57123.119394, 57128.1626617, 57122.1110443, 57124.1191267, 57125.1122528, 57127.1178317, 57128.1661357, 57148.0637391, 57148.065865, 57148.0706562, 57148.065865, 57148.0637391, 57148.0706562, 57148.0637391, 57148.065865, 57148.0706562], "magerr": [0.007400000002235174, 0.006899999920278788, 0.006899999920278788, 0.006399999838322401, 0.01899999938905239, 0.017400000244379044, 0.009100000374019146, 0.020099999383091927, 0.012500000186264515, 0.009200000204145908, 0.008899999782443047, 0.014600000344216824, 0.024000000208616257, 0.03539999946951866, 0.022199999541044235, 0.010400000028312206, 0.02590000070631504, 0.007300000172108412, 0.014399999752640724, 0.010599999688565731, 0.015399999916553497, 0.19609999656677246, -1.0, 0.17900000512599945, 0.13099999725818634, 0.07680000364780426, -1.0, -1.0, 0.08869999647140503, 0.05999999865889549, 0.007199999876320362, 0.005400000140070915, 0.021199999377131462, 0.010999999940395355, 0.01080000028014183, 0.005400000140070915, 0.00430000014603138, 0.005799999926239252, 0.00570000009611249, 0.006800000090152025, 0.005499999970197678, 0.007000000216066837, 0.005499999970197678, 0.004600000102072954, 0.00419999985024333, 0.0052999998442828655, -1.0, -1.0, -1.0, 0.03880000114440918, -1.0, 0.03200000151991844, 0.052000001072883606, 0.021299999207258224, 0.016100000590085983], "observatory": ["GiuseppeAltavillaLoi", "GiuseppeAltavillaLoi", "GiuseppeAltavillaLoi", "GiuseppeAltavillaLoi", "GiuseppeAltavillaLoi", "Heather Campbell", "Heather Campbell", "Heather Campbell", "Heather Campbell", "Heather Campbell", "Heather Campbell", "Heather Campbell", "Heather Campbell", "Heather Campbell", "Heather Campbell", "Heather Campbell", "Heather Campbell", "Heather Campbell", "Heather Campbell", "Heather Campbell", "Heather Campbell", "K.Wiersema-Leicester", "Mercator Geneva Grou", "Mercator Geneva Grou", "Mercator Geneva Grou", "Mercator Geneva Grou", "Mercator Geneva Grou", "Mercator Geneva Grou", "Mercator Geneva Grou", "Mercator Geneva Grou", "Mercator Geneva Grou", "Mercator Geneva Grou", "Mercator Geneva Grou", "Mercator Geneva Grou", "Mercator Geneva Grou", "Mercator Geneva Grou", "Mercator Geneva Grou", "Mercator Geneva Grou", "Mercator Geneva Grou", "Mercator Geneva Grou", "Mercator Geneva Grou", "Mercator Geneva Grou", "Mercator Geneva Grou", "Mercator Geneva Grou", "Mercator Geneva Grou", "Mercator Geneva Grou", "Anna Hourihane", "Anna Hourihane", "Anna Hourihane", "Anna Hourihane", "Anna Hourihane", "Anna Hourihane", "Anna Hourihane", "Anna Hourihane", "Anna Hourihane"], "mag": [17.957399368286133, 17.93720054626465, 17.436199188232422, 17.424800872802734, 16.767799377441406, 16.58049964904785, 15.941200256347656, 17.812700271606445, 17.845300674438477, 17.844499588012695, 17.845699310302734, 17.89419937133789, 18.17690086364746, 18.269399642944336, 18.092899322509766, 18.063199996948242, 18.17770004272461, 17.671300888061523, 17.543800354003906, 17.543899536132812, 17.535200119018555, 18.004100799560547, 22.7908992767334, 20.037399291992188, 19.43939971923828, 18.823999404907227, 22.465599060058594, 20.356399536132812, 18.896499633789062, 18.35689926147461, 17.666099548339844, 17.75659942626953, 17.80389976501465, 18.0314998626709, 18.087400436401367, 18.09320068359375, 18.04010009765625, 18.096799850463867, 18.055599212646484, 17.61199951171875, 17.54960060119629, 17.197799682617188, 17.161100387573242, 17.131799697875977, 17.127099990844727, 17.190000534057617, 18.912599563598633, 18.938199996948242, 20.078500747680664, 18.187999725341797, 19.493000030517578, 18.39620018005371, 18.02680015563965, 17.744800567626953, 17.73859977722168], "filter": ["g", "g", "r", "r", "i", "Ipg", "J", "V", "V", "V", "V", "V", "g", "g", "g", "g", "g", "r", "i", "i", "i", "V", "B", "B", "B", "B", "B", "B", "B", "B", "V", "V", "V", "g", "g", "g", "g", "g", "g", "r", "r", "i", "i", "i", "i", "i", "B", "B", "B", "V", "g", "g", "r", "r", "r"], "catalog": ["APASS", "APASS", "APASS", "APASS", "APASS", "USNO", "2MASS", "APASS", "APASS", "APASS", "APASS", "APASS", "APASS", "APASS", "APASS", "APASS", "APASS", "APASS", "APASS", "APASS", "APASS", "APASS", "APASS", "APASS", "APASS", "APASS", "APASS", "APASS", "APASS", "APASS", "APASS", "APASS", "APASS", "APASS", "APASS", "APASS", "APASS", "APASS", "APASS", "APASS", "APASS", "APASS", "APASS", "APASS", "APASS", "APASS", "APASS", "APASS", "APASS", "APASS", "APASS", "APASS", "APASS", "APASS", "APASS"], "caliberr": [0.08710169792175293, 0.07907529920339584, 0.1222589984536171, 0.12181899696588516, 0.2773750126361847, 0.4877380132675171, 0.4925589859485626, 0.051579199731349945, 0.046970900148153305, 0.04775660112500191, 0.17952999472618103, 0.04934860020875931, 0.018841899931430817, 0.023615999147295952, 0.04187849909067154, 0.044405899941921234, 0.02142529934644699, 0.07187149673700333, 0.04007840156555176, 0.04581009969115257, 0.0407245010137558, 0.009999999776482582, 0.31885600090026855, 0.39629700779914856, 0.30406299233436584, 0.29656198620796204, 0.3569050133228302, 0.3337939977645874, 0.2944839894771576, 0.32499799132347107, 0.21784000098705292, 0.18390800058841705, 0.055700600147247314, 0.06501220166683197, 0.028714200481772423, 0.02945989929139614, 0.08498240262269974, 0.03314739838242531, 0.052866898477077484, 0.03283340111374855, 0.07766730338335037, 0.2645680010318756, 0.26526200771331787, 0.2891150116920471, 0.2758069932460785, 0.224372997879982, 0.2811160087585449, 0.26130300760269165, 0.28959399461746216, 0.062390800565481186, 0.03365990146994591, 0.06655430048704147, 0.056766800582408905, 0.10857000201940536, 0.056855201721191406]}