{"mjd": [57351.6901104282, 57351.7020780903, 57351.6945647222, 57351.7065316551, 57351.6983215625, 57351.7102816898], "magerr": [0.10000000149011612, 0.07900000363588333, 0.052000001072883606, 0.06599999964237213, 0.0949999988079071, 0.07500000298023224], "observatory": ["LCOGT Gaia Alerts Gr", "LCOGT Gaia Alerts Gr", "LCOGT Gaia Alerts Gr", "LCOGT Gaia Alerts Gr", "LCOGT Gaia Alerts Gr", "LCOGT Gaia Alerts Gr"], "mag": [18.784000396728516, 18.348400115966797, 17.96489906311035, 17.972400665283203, 18.02750015258789, 17.817899703979492], "filter": ["g", "g", "r", "r", "i", "i"], "catalog": ["APASS", "APASS", "APASS", "APASS", "APASS", "APASS"], "caliberr": [0.025020699948072433, 0.0316447988152504, 0.037993401288986206, 0.023745499551296234, 0.054518599063158035, 0.05851779878139496]}