{"mjd": [56915.8836791, 56915.8836791, 56915.8836791], "magerr": [0.00019999999494757503, 0.0, 0.0], "observatory": ["Heather Campbell", "Heather Campbell", "Heather Campbell"], "mag": [12.915800094604492, 11.530400276184082, 12.145700454711914], "filter": ["u", "g", "r"], "catalog": ["SDSS", "PS1", "PS1"], "caliberr": [0.19715100526809692, 0.029836099594831467, 0.03298480063676834]}