{"mjd": [57048.9754353], "magerr": [0.1103999987244606], "alert_name": null, "observatory": ["K.Wiersema-Leicester"], "caliberr": [0.019215300679206848], "mag": [18.325899124145508], "catalog": ["APASS"], "filter": ["V"]}