{"mjd": [56918.060951, 56928.065805, 56918.067774, 56921.114678, 56927.088623, 56928.07494, 56918.073553, 56924.0942, 56928.08227], "magerr": [0.02199999988079071, 0.029999999329447746, 0.023000000044703484, 0.01899999938905239, 0.04100000113248825, 0.039000000804662704, 0.026000000536441803, 0.035999998450279236, 0.04699999839067459], "alert_name": null, "observatory": ["Loiano,K.Ulaczyk", "Loiano,K.Ulaczyk", "Loiano,K.Ulaczyk", "Loiano,K.Ulaczyk", "Loiano,K.Ulaczyk", "Loiano,K.Ulaczyk", "Loiano,K.Ulaczyk", "Loiano,K.Ulaczyk", "Loiano,K.Ulaczyk"], "caliberr": [0.12923899292945862, 0.4196450114250183, 0.1915930062532425, 0.23423700034618378, 0.24407100677490234, 0.18471699953079224, 0.28891000151634216, 0.20843300223350525, 0.48646798729896545], "mag": [17.701099395751953, 18.661100387573242, 17.33609962463379, 17.571800231933594, 18.220300674438477, 18.18560028076172, 17.03380012512207, 17.403400421142578, 17.97760009765625], "catalog": ["APASS", "APASS", "APASS", "APASS", "APASS", "APASS", "APASS", "APASS", "APASS"], "filter": ["g", "g", "r", "r", "r", "r", "i", "i", "i"]}