{"mjd": [57158.9602103], "magerr": [0.03660000115633011], "alert_name": null, "observatory": ["K.Wiersema-Leicester"], "caliberr": [0.009999999776482582], "mag": [16.808900833129883], "catalog": ["APASS"], "filter": ["V"]}