{"mjd": [56915.9411182, 56915.9411182, 56915.9411182, 56915.9411182, 56915.9411182], "magerr": [-1.0, -1.0, -1.0, -1.0, -1.0], "alert_name": null, "observatory": ["Heather Campbell", "Heather Campbell", "Heather Campbell", "Heather Campbell", "Heather Campbell"], "caliberr": [0.12855200469493866, 0.1060359999537468, 0.01627800054848194, 0.042480599135160446, 0.0792727991938591], "mag": [25.04159927368164, 24.037099838256836, 23.679399490356445, 23.337799072265625, 30.63920021057129], "catalog": ["SDSS", "SDSS", "APASS", "APASS", "APASS"], "filter": ["u", "g", "g", "r", "i"]}