{"mjd": [57446.79811678], "magerr": [-1.0], "alert_name": null, "observatory": ["K.Wiersema-Leicester"], "caliberr": [0.07413829863071442], "mag": [18.979700088500977], "catalog": ["APASS"], "filter": ["B"]}